order_id,size,price,side,trader_id,is_spoof,cancelled,executed,cancel_ratio,lifetime
100001,300,100.01,SELL,9,False,0,0,0.0,0.0
100002,100,100.0,BUY,1,False,0,1,0.0,0.0012860000000000003
100003,100,99.96,BUY,2,False,0,1,0.0,0.031603
100004,200,99.98,BUY,3,False,0,1,0.0,0.293948
100005,5000,100.0,BUY,11,True,1,0,1.0,0.0009819999999999998
100006,200,100.01,SELL,7,False,1,0,1.0,0.025301999999999998
100007,200,99.96,SELL,8,False,0,1,0.0,0.0012319999999999996
100008,500,99.98,SELL,6,False,1,0,1.0,0.005311000000000001
100009,200,99.99,BUY,7,False,1,0,1.0,0.098848
100010,200,100.02,SELL,1,False,0,1,0.0,0.0009310000000000004
100011,500,99.97,SELL,10,False,1,0,1.0,0.004633000000000002
100012,200,99.99,SELL,5,False,1,0,1.0,0.0020890000000000006
100013,300,100.03,SELL,5,False,1,0,1.0,2.328248
100014,10000,99.99,SELL,11,True,0,0,0.0,0.0
100015,200,100.03,SELL,3,False,1,0,1.0,0.0002669999999999999
100016,100,99.99,SELL,5,False,1,0,1.0,0.077275
100017,100,99.96,BUY,3,False,0,1,0.0,0.009993000000000002
100018,200,99.99,BUY,6,False,0,1,0.0,0.05787899999999999
100019,100,99.99,BUY,5,False,1,0,1.0,0.594828
100020,300,100.03,SELL,9,False,0,0,0.0,0.0
100021,100,100.0,BUY,4,False,0,1,0.0,0.071716
100022,100,99.97,SELL,10,False,1,0,1.0,0.019049
100023,100,99.99,SELL,10,False,1,0,1.0,0.079346
100024,200,99.97,BUY,4,False,0,1,0.0,3.9333530000000003
100025,300,99.98,SELL,9,False,0,1,0.0,0.013724999999999998
100026,20000,100.0,BUY,11,True,1,0,1.0,0.036967
100027,200,100.04,SELL,8,False,1,0,1.0,0.295792
100028,100,100.02,BUY,2,False,1,0,1.0,2.505075
100029,100,100.0,BUY,3,False,1,0,1.0,0.47873
100030,300,99.97,BUY,4,False,0,1,0.0,0.027885
100031,15000,100.0,SELL,11,True,1,0,1.0,0.024589999999999997
100032,300,99.98,SELL,6,False,0,1,0.0,0.052093
100033,200,100.01,BUY,7,False,1,0,1.0,0.008926999999999997
100034,200,99.99,SELL,6,False,0,1,0.0,0.026739000000000002
100035,300,100.02,BUY,10,False,0,1,0.0,0.056313
100036,500,99.98,BUY,7,False,0,1,0.0,0.09986500000000001
100037,200,99.95,SELL,10,False,0,1,0.0,0.10484099999999999
100038,20000,100.0,SELL,11,True,1,0,1.0,0.029811000000000004
100039,200,99.97,BUY,7,False,1,0,1.0,0.005944000000000001
100040,200,99.96,BUY,8,False,0,1,0.0,0.038102
100041,1000,100.01,SELL,3,False,0,1,0.0,0.10434000000000002
100042,100,100.02,BUY,3,False,0,1,0.0,0.18906199999999998
100043,100,99.96,BUY,6,False,1,0,1.0,0.192167
100044,100,99.99,BUY,3,False,0,1,0.0,0.0073559999999999945
100045,100,99.98,SELL,8,False,0,0,0.0,0.0
100046,100,100.0,SELL,1,False,0,1,0.0,0.043338
100047,100,99.98,BUY,5,False,1,0,1.0,0.03876500000000001
100048,200,99.98,BUY,7,False,0,1,0.0,0.05501299999999999
100049,200,100.05,BUY,1,False,0,1,0.0,0.007107000000000002
100050,200,99.99,SELL,3,False,1,0,1.0,0.015158999999999999
100051,100,99.96,SELL,4,False,0,0,0.0,0.0
100052,200,100.03,SELL,4,False,0,1,0.0,0.220794
100053,100,99.97,SELL,2,False,0,1,0.0,0.163616
100054,100,100.04,SELL,9,False,1,0,1.0,0.006511999999999997
100055,500,99.98,SELL,7,False,0,1,0.0,0.13691599999999998
100056,100,100.04,BUY,3,False,0,1,0.0,0.20241599999999998
100057,100,99.96,SELL,7,False,0,1,0.0,0.054814999999999996
100058,300,99.95,BUY,8,False,0,0,0.0,0.0
100059,500,99.95,SELL,1,False,1,0,1.0,0.696847
100060,200,100.0,BUY,3,False,1,0,1.0,0.48176899999999995
100061,100,99.99,SELL,8,False,0,1,0.0,0.004821000000000006
100062,500,99.96,SELL,7,False,0,1,0.0,0.063855
100063,200,100.0,BUY,10,False,1,0,1.0,0.057370000000000004
100064,200,100.0,BUY,9,False,0,1,0.0,1.069003
100065,200,99.98,BUY,4,False,0,0,0.0,0.0
100066,500,99.95,BUY,9,False,0,1,0.0,0.022149000000000002
100067,100,99.98,BUY,5,False,0,1,0.0,1.312771
100068,200,100.02,SELL,1,False,0,1,0.0,0.566993
100069,300,100.0,SELL,2,False,0,1,0.0,0.182805
100070,200,99.98,SELL,2,False,0,1,0.0,1.6693769999999999
100071,300,100.01,SELL,1,False,0,1,0.0,0.010977000000000008
100072,300,99.97,SELL,2,False,0,1,0.0,0.151955
100073,200,100.04,SELL,7,False,1,0,1.0,1.403632
100074,100,100.0,SELL,4,False,0,1,0.0,0.10519800000000001
100075,200,99.96,BUY,6,False,0,0,0.0,0.0
100076,200,100.05,BUY,1,False,0,1,0.0,0.038762000000000005
100077,500,100.04,SELL,4,False,0,1,0.0,0.006062999999999999
100078,300,99.96,SELL,10,False,1,0,1.0,2.995304
100079,100,100.01,SELL,6,False,0,1,0.0,0.009982999999999992
100080,200,99.98,SELL,4,False,0,1,0.0,0.0008540000000000006
100081,300,100.04,SELL,7,False,0,1,0.0,0.038361
100082,200,99.98,SELL,3,False,0,1,0.0,0.011475000000000006
100083,300,100.03,BUY,10,False,0,1,0.0,0.8595430000000001
100084,100,100.0,BUY,6,False,0,1,0.0,0.0009939999999999949
100085,300,100.02,SELL,10,False,0,1,0.0,1.9886460000000001
100086,500,100.01,BUY,5,False,0,1,0.0,4.344646
100087,100,99.96,BUY,6,False,0,0,0.0,0.0
100088,300,100.03,SELL,5,False,1,0,1.0,0.293058
100089,100,100.03,BUY,7,False,0,1,0.0,0.02475899999999999
100090,100,99.95,SELL,1,False,1,0,1.0,1.0551739999999998
100091,100,99.96,BUY,10,False,1,0,1.0,0.959657
100092,200,99.96,SELL,4,False,1,0,1.0,0.511915
100093,10000,100.01,BUY,11,True,1,0,1.0,0.17572500000000002
100094,300,99.97,SELL,6,False,0,1,0.0,0.011873999999999996
100095,100,99.99,BUY,10,False,0,1,0.0,1.6333170000000001
100096,100,99.97,BUY,10,False,1,0,1.0,1.142296
100097,200,99.95,BUY,1,False,0,1,0.0,0.7553350000000001
100098,100,99.99,SELL,1,False,0,1,0.0,0.06720799999999999
100099,200,100.05,SELL,3,False,0,1,0.0,0.056063
100100,100,100.03,BUY,1,False,0,1,0.0,3.9969159999999997
100101,200,100.01,SELL,10,False,0,1,0.0,0.385811
100102,100,100.03,SELL,8,False,1,0,1.0,0.435078
100103,15000,100.0,SELL,11,True,1,0,1.0,0.09733000000000001
100104,200,99.99,BUY,3,False,0,1,0.0,0.028364999999999987
100105,100,99.96,SELL,2,False,0,1,0.0,0.025699
100106,100,99.97,SELL,3,False,0,1,0.0,0.084394
100107,100,100.04,BUY,6,False,0,1,0.0,3.144626
100108,10000,100.0,BUY,11,True,1,0,1.0,0.08894300000000001
100109,300,100.03,BUY,8,False,0,1,0.0,0.027647000000000005
100110,200,100.02,SELL,9,False,0,1,0.0,0.018671999999999994
100111,300,99.99,BUY,2,False,0,1,0.0,0.28212
100112,100,99.97,SELL,7,False,1,0,1.0,0.44750799999999996
100113,100,100.03,BUY,1,False,1,0,1.0,0.307543
100114,100,100.04,BUY,6,False,0,1,0.0,0.161551
100115,300,99.99,BUY,6,False,0,1,0.0,0.010914999999999994
100116,300,99.96,SELL,8,False,0,1,0.0,4.1219719999999995
100117,200,100.04,BUY,5,False,0,1,0.0,0.528014
100118,300,99.98,BUY,8,False,1,0,1.0,0.552716
100119,15000,100.0,BUY,11,True,1,0,1.0,0.014000000000000012
100120,500,100.03,SELL,1,False,0,1,0.0,2.0129259999999998
100121,200,100.05,SELL,4,False,0,1,0.0,0.04368100000000001
100122,200,100.05,BUY,9,False,1,0,1.0,0.07409099999999999
100123,200,100.04,BUY,8,False,0,1,0.0,0.23859000000000002
100124,200,100.04,SELL,3,False,0,1,0.0,0.065027
100125,300,100.03,BUY,3,False,0,1,0.0,0.514428
100126,100,99.97,BUY,3,False,0,1,0.0,0.28827400000000003
100127,200,99.96,SELL,1,False,0,1,0.0,0.033657999999999993
100128,200,100.02,SELL,3,False,0,1,0.0,0.461872
100129,200,99.99,SELL,6,False,1,0,1.0,0.11819099999999999
100130,300,100.0,BUY,7,False,0,1,0.0,0.157393
100131,100,99.96,SELL,2,False,0,1,0.0,4.193539
100132,200,99.96,SELL,9,False,0,1,0.0,0.611252
100133,100,100.03,BUY,2,False,0,1,0.0,2.9277480000000002
100134,300,100.0,BUY,8,False,0,1,0.0,0.00814200000000001
100135,300,99.96,BUY,4,False,0,1,0.0,0.182593
100136,100,99.98,SELL,9,False,0,1,0.0,2.34178
100137,100,100.01,BUY,9,False,0,1,0.0,0.083006
100138,200,100.01,SELL,8,False,0,1,0.0,0.14727400000000002
100139,100,100.0,SELL,5,False,0,1,0.0,0.081544
100140,1000,100.05,SELL,3,False,0,1,0.0,0.006062999999999999
100141,300,100.01,SELL,4,False,0,1,0.0,1.142387
100142,200,99.96,SELL,4,False,0,1,0.0,0.110836
100143,300,99.98,BUY,6,False,0,0,0.0,0.0
100144,200,99.96,BUY,7,False,0,1,0.0,0.07357200000000001
100145,500,100.04,BUY,5,False,0,1,0.0,0.03911600000000001
100146,5000,100.01,BUY,11,True,1,0,1.0,0.0036709999999999937
100147,200,100.0,BUY,1,False,1,0,1.0,0.058612
100148,100,100.04,SELL,7,False,0,1,0.0,0.06303800000000001
100149,1000,99.96,SELL,8,False,0,1,0.0,0.241086
100150,300,99.98,SELL,6,False,1,0,1.0,0.020039000000000015
100151,500,100.03,SELL,8,False,0,0,0.0,0.0
100152,200,100.0,SELL,6,False,1,0,1.0,0.021357
100153,15000,99.99,SELL,11,True,1,0,1.0,2.964127
100154,300,100.0,SELL,3,False,1,0,1.0,0.005811999999999998
100155,100,100.02,SELL,3,False,0,1,0.0,0.40238700000000005
100156,200,99.98,SELL,6,False,0,1,0.0,0.751628
100157,300,99.98,BUY,9,False,0,1,0.0,0.136546
100158,100,100.02,BUY,1,False,0,0,0.0,0.0
100159,1000,100.0,BUY,2,False,0,1,0.0,0.228114
100160,500,100.01,BUY,6,False,0,1,0.0,4.135595
100161,100,99.96,SELL,7,False,1,0,1.0,0.028372999999999995
100162,100,99.99,BUY,3,False,0,0,0.0,0.0
100163,1000,100.0,BUY,9,False,0,1,0.0,0.020850000000000007
100164,100,100.03,BUY,5,False,0,1,0.0,2.114882
100165,100,100.01,BUY,10,False,0,1,0.0,0.0008060000000000012
100166,100,99.97,SELL,9,False,0,1,0.0,0.10067899999999999
100167,100,99.99,BUY,8,False,0,1,0.0,0.359769
100168,5000,100.0,SELL,11,True,1,0,1.0,0.11175400000000002
100169,200,100.0,SELL,4,False,1,0,1.0,1.900383
100170,500,99.99,BUY,8,False,0,1,0.0,0.25922
100171,500,100.02,BUY,7,False,0,1,0.0,0.635135
100172,15000,100.01,SELL,11,True,1,0,1.0,0.017955
100173,100,100.04,BUY,3,False,0,0,0.0,0.0
100174,200,99.97,SELL,8,False,0,0,0.0,0.0
100175,10000,100.0,SELL,11,True,1,0,1.0,2.264757
100176,100,100.02,SELL,1,False,0,1,0.0,1.737652
100177,100,100.01,BUY,8,False,0,1,0.0,1.29301
100178,300,99.99,SELL,1,False,0,1,0.0,1.8695940000000002
100179,10000,99.99,SELL,11,True,1,0,1.0,0.48791799999999996
100180,100,99.96,SELL,7,False,0,0,0.0,0.0
100181,100,100.02,BUY,3,False,0,1,0.0,4.134508
100182,200,100.05,SELL,9,False,0,1,0.0,0.898432
100183,200,99.99,BUY,3,False,0,1,0.0,1.4660030000000002
100184,200,100.0,SELL,5,False,0,1,0.0,0.04572599999999999
100185,100,100.0,SELL,1,False,0,0,0.0,0.0
100186,100,100.01,SELL,4,False,0,1,0.0,0.699805
100187,200,99.95,BUY,3,False,0,1,0.0,1.92384
100188,100,99.96,SELL,10,False,1,0,1.0,0.711522
100189,100,99.96,BUY,9,False,0,0,0.0,0.0
100190,200,100.03,SELL,10,False,0,1,0.0,0.09024299999999999
100191,200,99.98,BUY,8,False,0,1,0.0,1.557644
100192,200,99.98,BUY,7,False,0,1,0.0,2.618753
100193,100,99.95,SELL,10,False,0,1,0.0,0.293795
100194,300,99.99,SELL,9,False,0,1,0.0,0.14937499999999998
100195,300,99.98,SELL,8,False,0,0,0.0,0.0
100196,100,99.96,SELL,5,False,0,1,0.0,1.3098999999999998
100197,5000,100.0,BUY,11,True,1,0,1.0,0.454268
100198,200,100.05,SELL,6,False,0,1,0.0,0.13910800000000004
100199,100,100.05,BUY,5,False,0,1,0.0,0.35467100000000007
100200,200,100.05,SELL,7,False,0,1,0.0,1.344908
100201,100,100.04,BUY,5,False,0,1,0.0,0.150984
100202,100,99.98,BUY,6,False,0,1,0.0,0.330098
100203,200,99.96,SELL,1,False,0,1,0.0,0.341289
100204,100,99.96,SELL,2,False,0,1,0.0,0.007258999999999988
100205,200,99.96,SELL,6,False,0,0,0.0,0.0
100206,300,99.98,SELL,9,False,0,1,0.0,3.641788
100207,100,99.96,BUY,3,False,0,0,0.0,0.0
100208,100,100.02,SELL,7,False,0,1,0.0,1.28819
100209,100,99.97,SELL,8,False,1,0,1.0,0.5998370000000001
100210,500,99.97,SELL,8,False,0,1,0.0,0.9683960000000001
100211,1000,99.95,BUY,8,False,1,0,1.0,0.23040100000000002
100212,300,100.02,SELL,3,False,0,1,0.0,0.08429500000000001
100213,500,100.0,BUY,1,False,1,0,1.0,0.070359
100214,200,100.01,BUY,7,False,1,0,1.0,0.311292
100215,200,99.98,SELL,10,False,0,1,0.0,1.5611
100216,100,100.01,SELL,5,False,0,1,0.0,0.142314
100217,200,100.04,BUY,5,False,0,1,0.0,0.654611
100218,500,99.96,BUY,3,False,0,1,0.0,0.135441
100219,20000,100.0,BUY,11,True,1,0,1.0,1.333721
100220,200,100.04,SELL,9,False,0,1,0.0,0.7284689999999999
100221,200,99.97,SELL,7,False,0,1,0.0,0.02230500000000002
100222,300,100.02,SELL,10,False,1,0,1.0,0.03137400000000001
100223,100,99.96,BUY,7,False,0,0,0.0,0.0
100224,100,100.02,BUY,5,False,0,0,0.0,0.0
100225,300,100.04,BUY,10,False,0,0,0.0,0.0
100226,100,100.01,BUY,6,False,0,1,0.0,1.159115
100227,100,99.98,SELL,4,False,0,1,0.0,0.727552
100228,100,99.98,BUY,3,False,1,0,1.0,0.201514
100229,200,99.99,BUY,9,False,0,1,0.0,4.315243
100230,300,100.02,BUY,3,False,0,1,0.0,2.684655
100231,200,100.0,BUY,2,False,0,1,0.0,0.15408500000000003
100232,100,99.96,BUY,9,False,0,0,0.0,0.0
100233,100,100.02,BUY,4,False,0,1,0.0,0.15411700000000003
100234,300,100.01,BUY,7,False,1,0,1.0,1.63656
100235,100,100.0,BUY,1,False,0,0,0.0,0.0
100236,200,99.97,SELL,7,False,0,1,0.0,0.17550800000000003
100237,200,100.04,BUY,7,False,0,1,0.0,0.06356300000000001
100238,15000,99.99,BUY,11,True,1,0,1.0,0.011303000000000007
100239,100,99.98,BUY,7,False,0,1,0.0,1.249856
100240,100,99.98,SELL,4,False,1,0,1.0,0.9694999999999999
100241,500,100.01,SELL,6,False,0,1,0.0,0.156766
100242,100,99.96,BUY,1,False,0,1,0.0,0.805646
100243,1000,100.04,SELL,3,False,0,1,0.0,0.404142
100244,15000,100.0,SELL,11,True,1,0,1.0,0.0062349999999999905
100245,500,99.96,BUY,10,False,0,1,0.0,0.08857900000000002
100246,200,100.0,SELL,4,False,0,1,0.0,0.526203
100247,100,99.98,SELL,9,False,0,1,0.0,0.514255
100248,300,100.05,BUY,1,False,0,0,0.0,0.0
100249,20000,99.99,SELL,11,True,1,0,1.0,0.08500000000000002
100250,500,99.99,BUY,5,False,0,1,0.0,0.594778
100251,10000,100.0,BUY,11,True,1,0,1.0,0.695872
100252,200,100.02,BUY,10,False,1,0,1.0,0.744424
100253,500,100.04,SELL,6,False,0,1,0.0,2.368611
100254,10000,99.99,SELL,11,True,1,0,1.0,1.407124
100255,200,100.02,BUY,4,False,1,0,1.0,0.155846
100256,300,99.97,SELL,4,False,0,1,0.0,0.552636
100257,10000,100.0,BUY,11,True,1,0,1.0,0.49141499999999994
100258,500,99.98,SELL,1,False,0,0,0.0,0.0
100259,200,100.03,BUY,9,False,1,0,1.0,0.397391
100260,200,99.99,BUY,3,False,0,0,0.0,0.0
100261,300,100.03,BUY,6,False,0,1,0.0,1.99418
100262,100,100.04,BUY,10,False,0,1,0.0,0.238739
100263,1000,99.95,SELL,8,False,0,1,0.0,0.264104
100264,100,100.02,BUY,5,False,0,0,0.0,0.0
100265,200,99.99,BUY,7,False,1,0,1.0,1.966744
100266,100,100.04,SELL,10,False,0,1,0.0,0.9273319999999999
100267,300,100.03,SELL,4,False,1,0,1.0,1.6682750000000002
100268,100,100.03,BUY,5,False,0,1,0.0,0.07190700000000003
100269,100,100.04,SELL,2,False,0,0,0.0,0.0
100270,100,100.03,BUY,7,False,0,1,0.0,3.6437269999999997
100271,200,99.95,BUY,1,False,0,1,0.0,0.0022290000000000088
100272,100,100.03,SELL,7,False,0,1,0.0,1.423452
100273,200,100.03,BUY,2,False,0,1,0.0,1.502113
100274,200,100.03,BUY,8,False,0,1,0.0,3.400648
100275,10000,100.0,SELL,11,True,1,0,1.0,0.10234799999999997
100276,500,100.02,BUY,9,False,0,1,0.0,0.19606099999999999
100277,200,100.01,SELL,5,False,0,0,0.0,0.0
100278,200,100.0,SELL,5,False,0,1,0.0,0.629864
100279,200,100.0,SELL,5,False,0,0,0.0,0.0
100280,10000,100.01,BUY,11,True,1,0,1.0,0.129654
100281,10000,100.0,SELL,11,True,0,1,0.0,0.158043
100282,100,100.02,SELL,4,False,0,1,0.0,0.653983
100283,200,100.01,SELL,3,False,1,0,1.0,1.748035
100284,300,99.99,SELL,7,False,0,1,0.0,3.3202700000000003
100285,100,99.99,SELL,7,False,0,1,0.0,1.0890279999999999
100286,200,100.03,SELL,8,False,0,1,0.0,0.004832000000000003
100287,200,100.03,SELL,3,False,0,1,0.0,0.23373500000000003
100288,300,100.04,SELL,7,False,0,0,0.0,0.0
100289,300,100.01,BUY,10,False,0,0,0.0,0.0
100290,300,100.01,BUY,3,False,0,1,0.0,0.9927320000000001
100291,300,100.0,BUY,3,False,0,0,0.0,0.0
100292,100,100.0,SELL,8,False,0,0,0.0,0.0
100293,10000,100.01,SELL,11,True,1,0,1.0,0.06507499999999997
100294,15000,100.0,SELL,11,True,0,0,0.0,0.0
100295,100,99.99,BUY,5,False,1,0,1.0,0.095522
100296,100,99.97,BUY,9,False,1,0,1.0,1.282884
100297,200,100.04,SELL,5,False,0,1,0.0,0.162316
100298,100,99.99,BUY,3,False,0,1,0.0,0.21264600000000003
100299,100,100.0,SELL,5,False,0,1,0.0,0.105239
100300,100,99.98,BUY,7,False,0,0,0.0,0.0
100301,200,100.0,SELL,2,False,0,0,0.0,0.0
100302,300,100.04,SELL,1,False,0,1,0.0,1.147726
100303,300,100.01,SELL,7,False,0,0,0.0,0.0
100304,200,100.03,BUY,10,False,0,1,0.0,0.37921200000000005
100305,500,100.01,SELL,7,False,0,1,0.0,0.596776
100306,300,100.02,SELL,2,False,1,0,1.0,0.10035200000000002
100307,100,99.95,BUY,1,False,0,1,0.0,1.221604
100308,200,99.97,SELL,9,False,1,0,1.0,0.540737
100309,500,99.95,BUY,10,False,0,0,0.0,0.0
100310,300,100.01,SELL,4,False,0,1,0.0,0.06291899999999997
100311,100,100.02,SELL,3,False,0,1,0.0,3.298895
100312,100,100.01,SELL,7,False,0,0,0.0,0.0
100313,200,100.02,SELL,7,False,0,1,0.0,0.433543
100314,300,100.01,BUY,1,False,0,1,0.0,5.03336
100315,200,99.98,SELL,8,False,1,0,1.0,0.11596400000000004
100316,20000,100.0,SELL,11,True,0,0,0.0,0.0
100317,20000,99.99,SELL,11,True,1,0,1.0,0.06418100000000002
100318,100,99.96,SELL,10,False,1,0,1.0,0.236186
100319,200,99.97,BUY,8,False,0,1,0.0,2.58268
100320,200,100.05,BUY,8,False,0,1,0.0,0.47986400000000007
100321,1000,100.01,BUY,10,False,0,1,0.0,0.24386400000000003
100322,100,99.98,SELL,2,False,0,0,0.0,0.0
100323,300,100.05,BUY,10,False,0,1,0.0,0.051762999999999976
100324,100,100.03,BUY,10,False,0,1,0.0,0.230024
100325,200,100.02,SELL,8,False,0,1,0.0,0.4894240000000001
100326,500,99.96,BUY,1,False,0,1,0.0,0.01696499999999998
100327,200,100.02,BUY,6,False,0,1,0.0,1.0332310000000002
100328,200,100.03,BUY,7,False,1,0,1.0,1.16869
100329,1000,99.99,SELL,3,False,1,0,1.0,0.192755
100330,100,99.97,BUY,5,False,0,1,0.0,0.8199420000000001
100331,20000,100.0,SELL,11,True,1,0,1.0,0.703174
100332,300,99.98,BUY,4,False,0,1,0.0,0.9105099999999999
100333,200,100.03,BUY,7,False,0,1,0.0,0.108742
100334,200,100.04,SELL,6,False,0,1,0.0,1.2997809999999999
100335,200,100.03,SELL,9,False,0,1,0.0,0.508066
100336,100,99.96,SELL,10,False,1,0,1.0,1.190092
100337,5000,100.0,SELL,11,True,1,0,1.0,2.7421569999999997
100338,100,100.05,BUY,7,False,0,1,0.0,1.336295
100339,300,99.97,SELL,3,False,1,0,1.0,0.11329100000000003
100340,200,100.01,BUY,9,False,0,1,0.0,0.38315600000000005
100341,300,100.02,SELL,9,False,0,1,0.0,0.885662
100342,100,100.04,SELL,6,False,0,1,0.0,0.06367099999999998
100343,100,100.02,SELL,2,False,0,1,0.0,0.06792399999999998
100344,200,100.04,SELL,4,False,1,0,1.0,2.4222859999999997
100345,5000,99.99,SELL,11,True,1,0,1.0,0.43178999999999995
100346,100,99.98,BUY,6,False,1,0,1.0,1.78519
100347,200,100.0,BUY,2,False,0,0,0.0,0.0
100348,300,100.0,SELL,7,False,1,0,1.0,0.31703
100349,500,99.98,BUY,9,False,0,1,0.0,0.9551229999999999
100350,200,99.96,SELL,5,False,0,1,0.0,0.40255199999999997
100351,200,99.96,SELL,5,False,0,1,0.0,0.5143409999999999
100352,300,100.04,SELL,10,False,0,1,0.0,0.065587
100353,100,99.98,BUY,1,False,1,0,1.0,0.35579800000000006
100354,100,99.98,BUY,6,False,0,0,0.0,0.0
100355,500,100.04,BUY,8,False,0,0,0.0,0.0
100356,300,100.04,BUY,8,False,0,1,0.0,0.329043
100357,500,100.04,SELL,10,False,0,1,0.0,2.9075450000000003
100358,500,99.98,BUY,4,False,0,1,0.0,0.949368
100359,200,100.0,BUY,3,False,0,1,0.0,0.8565450000000001
100360,100,99.95,SELL,1,False,0,1,0.0,0.501563
100361,1000,99.95,BUY,2,False,0,0,0.0,0.0
100362,300,100.0,SELL,6,False,0,1,0.0,0.02863300000000002
100363,200,100.04,SELL,2,False,0,1,0.0,0.126257
100364,200,99.95,BUY,5,False,0,1,0.0,1.983434
100365,200,99.96,SELL,3,False,0,0,0.0,0.0
100366,1000,99.96,BUY,5,False,1,0,1.0,0.09149600000000002
100367,200,99.96,BUY,1,False,0,1,0.0,0.04758899999999999
100368,100,99.97,SELL,9,False,0,1,0.0,1.7679330000000002
100369,100,99.96,BUY,2,False,0,0,0.0,0.0
100370,100,99.99,SELL,8,False,0,1,0.0,2.9057570000000004
100371,200,100.01,SELL,10,False,1,0,1.0,1.562335
100372,300,100.03,BUY,10,False,1,0,1.0,0.35335500000000003
100373,100,100.0,SELL,5,False,1,0,1.0,0.963418
100374,300,100.01,BUY,8,False,0,1,0.0,0.263886
100375,300,100.0,BUY,9,False,0,0,0.0,0.0
100376,100,99.99,SELL,3,False,0,1,0.0,0.013861000000000012
100377,200,99.96,BUY,3,False,0,0,0.0,0.0
100378,300,100.04,SELL,4,False,0,0,0.0,0.0
100379,15000,100.01,BUY,11,True,0,0,0.0,0.0
100380,1000,100.03,SELL,7,False,0,1,0.0,0.28092500000000004
100381,100,100.01,BUY,5,False,0,0,0.0,0.0
100382,300,100.05,BUY,6,False,0,1,0.0,0.35464199999999996
100383,300,100.03,SELL,2,False,0,1,0.0,1.424199
100384,200,100.02,SELL,2,False,0,1,0.0,0.589317
100385,20000,100.0,BUY,11,True,1,0,1.0,0.05863600000000002
100386,100,100.04,BUY,10,False,0,1,0.0,0.45100599999999996
100387,20000,100.0,SELL,11,True,0,0,0.0,0.0
100388,100,99.99,SELL,9,False,0,1,0.0,0.08782800000000002
100389,100,99.95,SELL,5,False,0,1,0.0,1.55807
100390,200,100.05,BUY,6,False,0,1,0.0,1.315792
100391,200,99.99,BUY,6,False,0,0,0.0,0.0
100392,500,99.98,BUY,9,False,0,1,0.0,1.430051
100393,200,100.02,SELL,1,False,1,0,1.0,0.30567900000000003
100394,1000,100.01,BUY,9,False,0,1,0.0,0.03249500000000005
100395,5000,100.01,BUY,11,True,1,0,1.0,0.13036599999999998
100396,100,99.96,BUY,8,False,0,1,0.0,2.191959
100397,1000,100.04,SELL,6,False,0,1,0.0,0.204362
100398,1000,100.04,SELL,3,False,0,1,0.0,0.17162500000000003
100399,300,100.02,SELL,4,False,0,1,0.0,1.4173390000000001
100400,200,100.02,SELL,10,False,1,0,1.0,0.07513799999999998
100401,100,100.02,SELL,1,False,0,0,0.0,0.0
100402,500,99.96,SELL,4,False,1,0,1.0,3.36259
100403,200,100.01,BUY,1,False,0,1,0.0,0.19420700000000002
100404,300,99.98,SELL,5,False,0,1,0.0,3.5911
100405,500,100.01,SELL,10,False,1,0,1.0,0.168429
100406,200,100.02,BUY,9,False,0,1,0.0,4.253718999999999
100407,10000,100.0,SELL,11,True,1,0,1.0,1.160938
100408,100,99.99,SELL,7,False,0,1,0.0,0.074438
100409,100,99.96,SELL,5,False,0,1,0.0,1.8757030000000001
100410,100,99.96,SELL,10,False,0,1,0.0,1.607688
100411,200,100.05,SELL,1,False,0,0,0.0,0.0
100412,200,100.05,BUY,8,False,0,0,0.0,0.0
100413,200,99.99,BUY,10,False,0,1,0.0,1.1085639999999999
100414,100,100.05,BUY,9,False,0,1,0.0,0.04571200000000003
100415,300,100.01,SELL,4,False,0,0,0.0,0.0
100416,300,99.97,SELL,2,False,0,1,0.0,2.219598
100417,100,100.0,BUY,3,False,0,0,0.0,0.0
100418,300,100.0,SELL,9,False,0,1,0.0,0.01863300000000001
100419,100,100.0,SELL,7,False,0,1,0.0,0.14697
100420,100,99.98,SELL,10,False,0,0,0.0,0.0
100421,200,99.96,SELL,3,False,1,0,1.0,0.09449300000000005
100422,15000,100.01,SELL,11,True,0,0,0.0,0.0
100423,200,100.01,SELL,3,False,0,1,0.0,0.017127000000000003
100424,200,99.98,BUY,2,False,1,0,1.0,0.8780759999999999
100425,100,99.96,BUY,1,False,1,0,1.0,3.588394
100426,100,100.04,BUY,5,False,0,1,0.0,0.324237
100427,300,99.99,BUY,4,False,0,1,0.0,0.113174
100428,500,100.0,BUY,6,False,0,1,0.0,0.07194300000000003
100429,200,99.97,BUY,3,False,1,0,1.0,1.36402
100430,300,99.95,SELL,2,False,0,1,0.0,2.009188
100431,1000,99.96,BUY,2,False,0,1,0.0,0.5155689999999999
100432,500,100.01,SELL,1,False,0,1,0.0,0.5524560000000001
100433,100,100.0,SELL,2,False,0,0,0.0,0.0
100434,500,100.04,BUY,4,False,0,1,0.0,0.07700499999999999
100435,15000,99.99,SELL,11,True,0,0,0.0,0.0
100436,200,99.97,BUY,5,False,0,1,0.0,0.16199800000000003
100437,200,99.96,BUY,5,False,1,0,1.0,0.039132
100438,300,100.03,BUY,5,False,1,0,1.0,0.11041500000000004
100439,200,99.97,SELL,10,False,1,0,1.0,2.3559069999999998
100440,300,99.98,SELL,4,False,1,0,1.0,0.175516
100441,300,99.97,SELL,3,False,0,1,0.0,0.052543000000000006
100442,200,100.0,SELL,5,False,0,1,0.0,0.41778
100443,200,99.95,BUY,2,False,0,0,0.0,0.0
100444,500,100.01,SELL,10,False,0,1,0.0,0.07378799999999996
100445,100,99.99,BUY,5,False,0,1,0.0,0.9748249999999999
100446,100,99.96,SELL,6,False,0,1,0.0,0.024866
100447,200,100.03,BUY,3,False,1,0,1.0,0.07991599999999999
100448,300,100.02,BUY,7,False,1,0,1.0,1.9239219999999997
100449,100,100.0,SELL,4,False,0,1,0.0,0.23050900000000002
100450,200,99.98,BUY,3,False,0,1,0.0,4.540954
100451,200,100.0,BUY,9,False,0,1,0.0,0.0016619999999999968
100452,300,100.04,BUY,2,False,0,1,0.0,0.7050790000000001
100453,300,100.0,BUY,7,False,0,1,0.0,0.015004000000000017
100454,100,100.03,SELL,4,False,0,0,0.0,0.0
100455,200,99.99,SELL,8,False,0,1,0.0,4.714542000000001
100456,300,99.97,BUY,5,False,0,0,0.0,0.0
100457,200,99.99,SELL,2,False,0,1,0.0,0.03338200000000002
100458,100,99.97,BUY,10,False,1,0,1.0,0.550303
100459,15000,100.0,SELL,11,True,0,0,0.0,0.0
100460,100,100.03,SELL,1,False,0,0,0.0,0.0
100461,100,100.05,SELL,9,False,0,1,0.0,0.06351500000000004
100462,300,99.95,BUY,3,False,0,1,0.0,0.546519
100463,100,100.03,SELL,1,False,0,1,0.0,0.748599
100464,200,99.99,BUY,3,False,0,1,0.0,1.3803459999999999
100465,10000,100.01,SELL,11,True,0,1,0.0,2.363465
100466,100,99.99,SELL,1,False,0,1,0.0,0.031326999999999994
100467,5000,99.99,BUY,11,True,1,0,1.0,1.579293
100468,200,99.97,SELL,1,False,1,0,1.0,0.15987800000000002
100469,100,99.98,SELL,7,False,0,1,0.0,0.535201
100470,500,100.03,SELL,10,False,0,1,0.0,0.11419199999999996
100471,200,100.05,SELL,4,False,0,0,0.0,0.0
100472,200,99.97,SELL,3,False,1,0,1.0,0.5846279999999999
100473,300,99.99,SELL,4,False,0,1,0.0,0.617043
100474,100,99.97,SELL,8,False,0,1,0.0,1.751349
100475,200,100.03,SELL,6,False,0,1,0.0,0.30385599999999996
100476,300,100.02,BUY,1,False,0,1,0.0,0.20187299999999997
100477,500,99.96,BUY,9,False,0,1,0.0,0.29113900000000004
100478,300,99.98,BUY,4,False,0,1,0.0,0.07284000000000002
100479,300,100.01,SELL,1,False,0,1,0.0,2.3621630000000002
100480,200,99.98,SELL,5,False,0,1,0.0,0.09931200000000001
100481,500,100.04,SELL,6,False,0,1,0.0,0.13314700000000002
100482,300,99.96,BUY,9,False,0,1,0.0,0.712448
100483,1000,99.97,BUY,6,False,0,0,0.0,0.0
100484,15000,100.01,BUY,11,True,1,0,1.0,0.908744
100485,200,100.03,BUY,1,False,0,1,0.0,0.618065
100486,200,100.05,SELL,3,False,0,1,0.0,0.06555499999999997
100487,100,100.03,SELL,3,False,0,1,0.0,0.559472
100488,1000,100.01,SELL,5,False,0,1,0.0,0.50877
100489,100,100.04,SELL,8,False,0,1,0.0,1.4257600000000001
100490,200,99.97,SELL,8,False,0,1,0.0,0.45845299999999994
100491,300,100.02,BUY,5,False,0,1,0.0,3.976605
100492,300,99.99,BUY,7,False,0,1,0.0,2.700205
100493,200,100.0,BUY,4,False,0,1,0.0,0.544327
100494,300,99.96,SELL,5,False,0,1,0.0,0.513452
100495,100,99.98,BUY,9,False,0,0,0.0,0.0
100496,200,100.04,BUY,8,False,0,1,0.0,0.6698649999999999
100497,300,99.97,BUY,9,False,0,0,0.0,0.0
100498,100,100.03,BUY,4,False,0,1,0.0,3.860348
100499,100,100.02,SELL,8,False,0,0,0.0,0.0
100500,100,100.0,SELL,7,False,1,0,1.0,0.491007
100501,100,100.03,SELL,9,False,0,1,0.0,1.234804
100502,1000,99.98,SELL,6,False,0,1,0.0,0.496848
100503,15000,100.01,BUY,11,True,1,0,1.0,2.24591
100504,300,100.05,SELL,2,False,0,1,0.0,0.17119199999999996
100505,200,100.0,SELL,8,False,0,1,0.0,0.289092
100506,100,100.02,BUY,2,False,0,0,0.0,0.0
100507,100,99.96,BUY,10,False,0,1,0.0,3.7337420000000003
100508,200,99.95,SELL,3,False,0,0,0.0,0.0
100509,500,100.04,SELL,8,False,1,0,1.0,0.11752400000000002
100510,1000,99.98,BUY,7,False,0,0,0.0,0.0
100511,200,100.02,BUY,10,False,0,1,0.0,0.458401
100512,15000,99.99,SELL,11,True,1,0,1.0,0.21039199999999997
100513,100,100.05,BUY,5,False,0,1,0.0,0.0016459999999999808
100514,100,99.98,SELL,7,False,0,1,0.0,1.1986949999999998
100515,200,100.03,SELL,9,False,0,1,0.0,2.412959
100516,200,99.95,SELL,4,False,0,1,0.0,0.488107
100517,300,100.02,BUY,4,False,0,1,0.0,0.019184000000000034
100518,200,100.03,BUY,2,False,1,0,1.0,0.719606
100519,200,100.03,BUY,1,False,1,0,1.0,3.80355
100520,200,99.95,SELL,7,False,0,1,0.0,0.276042
100521,200,99.99,BUY,7,False,0,0,0.0,0.0
100522,10000,100.0,BUY,11,True,1,0,1.0,0.019053000000000042
100523,500,100.01,BUY,2,False,1,0,1.0,1.7158419999999999
100524,200,99.96,SELL,1,False,0,1,0.0,0.521848
100525,100,99.97,SELL,1,False,0,1,0.0,0.13687099999999996
100526,500,99.96,BUY,5,False,1,0,1.0,1.605884
100527,200,100.0,SELL,8,False,0,1,0.0,2.185463
100528,200,100.02,SELL,3,False,0,1,0.0,1.40974
100529,5000,99.99,BUY,11,True,1,0,1.0,0.163348
100530,200,99.95,BUY,8,False,0,1,0.0,2.173037
100531,100,100.0,BUY,5,False,0,1,0.0,0.322012
100532,5000,99.99,BUY,11,True,1,0,1.0,0.019487000000000032
100533,200,100.05,SELL,8,False,0,0,0.0,0.0
100534,300,100.0,SELL,9,False,0,1,0.0,0.671605
100535,300,100.02,SELL,1,False,0,1,0.0,1.091388
100536,200,100.02,BUY,9,False,0,1,0.0,0.39624499999999996
100537,500,99.99,BUY,8,False,0,1,0.0,0.024736000000000036
100538,200,99.97,SELL,7,False,0,0,0.0,0.0
100539,100,99.99,SELL,4,False,0,1,0.0,1.78025
100540,300,99.97,SELL,6,False,0,1,0.0,2.156546
100541,200,100.03,BUY,7,False,0,1,0.0,0.20833400000000002
100542,200,99.97,SELL,6,False,1,0,1.0,0.265415
100543,200,100.0,SELL,2,False,0,1,0.0,0.14349700000000004
100544,200,99.96,BUY,6,False,0,1,0.0,1.278311
100545,300,100.04,BUY,9,False,0,1,0.0,0.55148
100546,300,100.02,BUY,2,False,0,1,0.0,0.13921
100547,100,100.0,BUY,10,False,0,1,0.0,0.121759
100548,200,100.03,BUY,2,False,0,1,0.0,0.836084
100549,100,99.99,SELL,1,False,0,1,0.0,4.465211
100550,200,100.04,BUY,3,False,1,0,1.0,1.9966760000000001
100551,300,100.03,SELL,7,False,0,1,0.0,0.015127000000000002
100552,300,100.01,BUY,5,False,0,0,0.0,0.0
100553,200,100.02,SELL,4,False,0,1,0.0,0.46066700000000005
100554,100,99.95,SELL,8,False,0,1,0.0,1.0296180000000001
100555,300,100.03,SELL,10,False,0,1,0.0,0.11109400000000003
100556,300,100.0,SELL,6,False,0,1,0.0,0.24290400000000006
100557,200,100.03,SELL,1,False,0,0,0.0,0.0
100558,200,100.05,SELL,7,False,1,0,1.0,0.10770599999999997
100559,100,100.01,BUY,3,False,0,1,0.0,0.170661
100560,200,100.03,BUY,3,False,0,0,0.0,0.0
100561,300,99.99,SELL,1,False,0,0,0.0,0.0
100562,200,99.96,SELL,7,False,0,1,0.0,1.401869
100563,200,99.99,BUY,10,False,0,1,0.0,0.904579
100564,500,100.05,BUY,9,False,0,1,0.0,2.9208
100565,100,99.98,SELL,6,False,0,1,0.0,0.315427
100566,300,99.99,SELL,10,False,0,1,0.0,4.825505
100567,300,100.05,BUY,8,False,0,0,0.0,0.0
100568,100,100.03,SELL,9,False,0,1,0.0,0.16055200000000003
100569,500,99.96,SELL,6,False,0,0,0.0,0.0
100570,200,99.96,BUY,1,False,0,0,0.0,0.0
100571,100,100.04,BUY,9,False,0,1,0.0,0.772281
100572,300,100.03,BUY,4,False,1,0,1.0,0.8885869999999999
100573,500,99.98,SELL,10,False,0,0,0.0,0.0
100574,100,100.05,SELL,3,False,0,1,0.0,0.6147959999999999
100575,300,99.96,BUY,2,False,0,1,0.0,1.711236
100576,300,99.95,BUY,6,False,0,1,0.0,1.399119
100577,100,99.99,BUY,6,False,1,0,1.0,0.153528
100578,200,99.99,BUY,1,False,1,0,1.0,0.280929
100579,500,100.04,BUY,5,False,0,0,0.0,0.0
100580,200,99.97,BUY,2,False,0,0,0.0,0.0
100581,300,100.05,SELL,8,False,0,1,0.0,0.5020880000000001
100582,100,99.97,BUY,5,False,0,1,0.0,2.2865249999999997
100583,500,100.0,SELL,3,False,0,1,0.0,0.067025
100584,100,99.95,BUY,6,False,0,1,0.0,0.011046
100585,300,100.01,SELL,5,False,1,0,1.0,0.38386899999999996
100586,500,100.03,SELL,1,False,0,1,0.0,2.445727
100587,300,100.01,BUY,4,False,0,1,0.0,0.013131999999999977
100588,100,100.04,SELL,7,False,0,1,0.0,0.32281800000000005
100589,300,100.04,BUY,5,False,0,1,0.0,2.5021950000000004
100590,500,100.0,BUY,4,False,0,1,0.0,0.34683099999999994
100591,100,100.03,SELL,7,False,0,1,0.0,1.517068
100592,500,99.99,BUY,8,False,1,0,1.0,0.164327
100593,1000,99.98,BUY,2,False,0,1,0.0,0.03759299999999999
100594,100,100.01,BUY,1,False,0,0,0.0,0.0
100595,200,100.02,BUY,7,False,0,1,0.0,0.583415
100596,15000,100.0,SELL,11,True,1,0,1.0,0.814117
100597,200,100.02,BUY,2,False,0,1,0.0,0.26194500000000004
100598,20000,100.0,BUY,11,True,1,0,1.0,1.447041
100599,100,100.01,BUY,7,False,0,1,0.0,0.06916800000000006
100600,200,100.03,SELL,6,False,0,1,0.0,1.543754
100601,1000,100.0,BUY,8,False,0,1,0.0,0.59547
100602,500,99.99,SELL,4,False,0,0,0.0,0.0
100603,100,99.96,BUY,8,False,0,0,0.0,0.0
100604,100,100.03,SELL,8,False,0,1,0.0,0.19560900000000003
100605,100,99.95,SELL,9,False,0,1,0.0,0.294135
100606,200,100.0,SELL,10,False,0,0,0.0,0.0
100607,300,99.96,BUY,7,False,1,0,1.0,0.037916000000000005
100608,100,100.03,BUY,8,False,0,1,0.0,0.41174199999999994
100609,100,99.99,BUY,6,False,0,1,0.0,0.06378699999999993
100610,200,99.96,SELL,9,False,0,0,0.0,0.0
100611,200,99.99,SELL,3,False,0,1,0.0,4.390047
100612,100,100.02,BUY,1,False,0,1,0.0,0.14681499999999997
100613,300,100.0,BUY,9,False,0,0,0.0,0.0
100614,200,99.97,SELL,8,False,0,1,0.0,0.385554
100615,200,100.01,SELL,9,False,0,1,0.0,0.10245599999999999
100616,200,99.97,SELL,6,False,0,1,0.0,0.10385900000000003
100617,100,100.02,SELL,5,False,0,1,0.0,3.4498580000000003
100618,100,99.99,BUY,9,False,0,1,0.0,4.422271
100619,300,100.04,SELL,3,False,1,0,1.0,1.2266839999999999
100620,500,100.05,BUY,4,False,0,1,0.0,3.3150720000000002
100621,1000,100.01,BUY,4,False,0,0,0.0,0.0
100622,100,99.98,SELL,2,False,0,1,0.0,0.379908
100623,20000,100.01,BUY,11,True,1,0,1.0,0.0011230000000000406
100624,300,99.96,SELL,4,False,0,1,0.0,1.271247
100625,300,99.97,SELL,2,False,0,0,0.0,0.0
100626,300,100.02,BUY,1,False,0,1,0.0,0.23350800000000005
100627,200,99.96,SELL,8,False,0,1,0.0,0.6248179999999999
100628,200,99.99,BUY,6,False,0,1,0.0,0.15586500000000003
100629,200,99.98,BUY,5,False,0,1,0.0,3.879969
100630,200,100.04,SELL,7,False,0,0,0.0,0.0
100631,20000,100.0,BUY,11,True,0,0,0.0,0.0
100632,500,99.97,SELL,2,False,0,1,0.0,0.050529000000000046
100633,100,99.96,BUY,3,False,0,1,0.0,1.8423019999999999
100634,100,100.04,BUY,4,False,0,1,0.0,1.998167
100635,15000,99.99,SELL,11,True,1,0,1.0,0.04795400000000005
100636,300,100.03,SELL,10,False,1,0,1.0,0.9984729999999999
100637,200,100.02,SELL,7,False,0,1,0.0,2.467425
100638,200,100.04,BUY,10,False,0,1,0.0,0.3140839999999999
100639,100,100.01,SELL,6,False,0,1,0.0,0.401088
100640,100,100.04,SELL,8,False,0,1,0.0,1.7895920000000003
100641,100,99.97,BUY,9,False,0,1,0.0,2.045256
100642,100,100.02,BUY,7,False,0,1,0.0,1.430528
100643,200,100.02,SELL,10,False,0,1,0.0,2.7758849999999997
100644,100,100.04,SELL,7,False,0,1,0.0,1.281213
100645,300,99.99,BUY,10,False,1,0,1.0,0.680176
100646,15000,99.99,SELL,11,True,0,0,0.0,0.0
100647,15000,100.01,BUY,11,True,1,0,1.0,1.6448679999999998
100648,200,100.03,BUY,6,False,0,1,0.0,0.504688
100649,100,99.98,SELL,4,False,1,0,1.0,0.288841
100650,100,100.03,BUY,7,False,0,0,0.0,0.0
100651,100,99.97,BUY,1,False,0,1,0.0,1.101669
100652,300,100.0,BUY,8,False,0,1,0.0,1.586942
100653,500,99.97,BUY,3,False,0,0,0.0,0.0
100654,100,100.03,SELL,8,False,0,0,0.0,0.0
100655,500,99.97,SELL,5,False,0,1,0.0,0.486638
100656,200,100.03,BUY,5,False,0,1,0.0,0.08059799999999995
100657,100,100.03,SELL,6,False,0,1,0.0,0.09173700000000001
100658,100,99.99,SELL,8,False,0,0,0.0,0.0
100659,200,100.03,BUY,6,False,0,0,0.0,0.0
100660,100,99.99,SELL,10,False,0,1,0.0,0.712585
100661,200,99.97,SELL,9,False,0,1,0.0,0.288317
100662,200,100.02,BUY,10,False,0,1,0.0,3.009051
100663,200,100.0,BUY,8,False,0,1,0.0,0.148088
100664,100,99.98,BUY,1,False,0,1,0.0,2.810612
100665,300,100.0,BUY,6,False,0,0,0.0,0.0
100666,100,100.03,SELL,5,False,0,1,0.0,0.13713399999999998
100667,100,100.01,SELL,7,False,1,0,1.0,0.20211400000000007
100668,200,100.03,SELL,10,False,0,1,0.0,0.16506700000000002
100669,100,99.96,SELL,6,False,0,0,0.0,0.0
100670,300,100.01,BUY,10,False,0,1,0.0,2.987346
100671,300,100.0,BUY,4,False,1,0,1.0,1.990459
100672,300,100.03,SELL,6,False,0,0,0.0,0.0
100673,500,99.99,SELL,5,False,0,1,0.0,4.437622
100674,300,99.99,BUY,9,False,0,0,0.0,0.0
100675,100,99.99,SELL,1,False,0,0,0.0,0.0
100676,300,100.04,SELL,3,False,0,0,0.0,0.0
100677,500,100.0,SELL,6,False,1,0,1.0,3.501756
100678,300,100.03,BUY,4,False,1,0,1.0,0.7394590000000001
100679,100,100.01,BUY,4,False,0,1,0.0,0.030536000000000008
100680,100,100.0,SELL,5,False,0,0,0.0,0.0
100681,200,99.99,SELL,10,False,0,1,0.0,0.5343939999999999
100682,300,99.98,BUY,2,False,0,0,0.0,0.0
100683,100,100.04,SELL,4,False,0,1,0.0,1.4038140000000001
100684,100,100.02,BUY,3,False,0,0,0.0,0.0
100685,100,99.95,SELL,5,False,0,1,0.0,1.310161
100686,500,99.99,SELL,5,False,0,1,0.0,2.35446
100687,100,99.95,BUY,4,False,0,1,0.0,0.04954500000000006
100688,300,99.97,SELL,8,False,0,1,0.0,0.633363
100689,200,99.95,BUY,2,False,0,1,0.0,0.979457
100690,100,99.97,BUY,10,False,0,1,0.0,0.7392619999999999
100691,100,99.97,BUY,9,False,0,1,0.0,0.01048899999999997
100692,300,100.04,BUY,8,False,1,0,1.0,0.738793
100693,300,99.98,BUY,2,False,0,1,0.0,0.482664
100694,100,99.99,SELL,5,False,0,1,0.0,0.8704709999999999
100695,100,100.04,SELL,8,False,0,0,0.0,0.0
100696,100,99.99,BUY,10,False,0,1,0.0,2.0829679999999997
100697,300,100.01,BUY,5,False,0,0,0.0,0.0
100698,200,100.03,SELL,9,False,1,0,1.0,0.06439300000000003
100699,200,100.04,BUY,9,False,0,1,0.0,0.016598
100700,100,100.01,SELL,10,False,1,0,1.0,0.10459799999999997
100701,200,100.03,SELL,10,False,0,1,0.0,0.00805800000000001
100702,500,100.04,BUY,6,False,1,0,1.0,1.5004659999999999
100703,15000,100.0,BUY,11,True,0,0,0.0,0.0
100704,100,100.0,SELL,3,False,1,0,1.0,4.276591
100705,200,100.01,BUY,2,False,0,1,0.0,0.34357499999999996
100706,300,100.01,BUY,8,False,0,1,0.0,2.026015
100707,100,99.97,SELL,10,False,0,0,0.0,0.0
100708,300,100.03,SELL,8,False,1,0,1.0,0.7737499999999999
100709,500,100.02,BUY,1,False,0,0,0.0,0.0
100710,1000,100.05,SELL,7,False,1,0,1.0,0.49894700000000003
100711,300,99.98,SELL,9,False,0,0,0.0,0.0
100712,100,100.01,BUY,4,False,0,1,0.0,2.4940819999999997
100713,200,100.02,SELL,4,False,1,0,1.0,0.6635230000000001
100714,100,100.01,SELL,6,False,0,1,0.0,3.613955
100715,100,100.03,BUY,2,False,0,0,0.0,0.0
100716,300,100.02,BUY,7,False,0,1,0.0,3.7526390000000003
100717,200,100.01,BUY,1,False,0,1,0.0,3.276458
100718,100,100.01,SELL,7,False,0,0,0.0,0.0
100719,10000,100.0,BUY,11,True,1,0,1.0,0.689372
100720,100,99.95,SELL,1,False,0,0,0.0,0.0
100721,500,100.02,SELL,8,False,0,1,0.0,0.5226519999999999
100722,200,100.03,BUY,1,False,0,0,0.0,0.0
100723,300,99.96,BUY,5,False,0,1,0.0,0.21517799999999998
100724,300,99.95,SELL,1,False,0,0,0.0,0.0
100725,200,99.95,SELL,5,False,0,1,0.0,1.012734
100726,100,99.96,BUY,10,False,0,0,0.0,0.0
100727,300,99.98,SELL,3,False,0,1,0.0,0.993107
100728,20000,100.0,BUY,11,True,0,0,0.0,0.0
100729,500,100.02,BUY,9,False,0,1,0.0,3.4319610000000003
100730,300,99.97,BUY,2,False,0,1,0.0,0.9366279999999999
100731,200,100.02,BUY,2,False,0,1,0.0,0.375552
100732,300,100.0,SELL,8,False,0,0,0.0,0.0
100733,1000,99.99,SELL,6,False,0,1,0.0,3.2346
100734,300,100.0,BUY,7,False,0,1,0.0,1.5800359999999998
100735,100,100.04,SELL,1,False,0,1,0.0,0.20275100000000001
100736,300,100.01,BUY,6,False,0,1,0.0,0.575866
100737,1000,99.95,BUY,4,False,0,1,0.0,1.243147
100738,1000,99.96,SELL,9,False,1,0,1.0,0.345947
100739,100,100.03,BUY,3,False,0,1,0.0,1.312776
100740,100,100.04,SELL,9,False,0,1,0.0,4.660012
100741,100,99.97,BUY,1,False,0,1,0.0,0.570682
100742,1000,100.04,BUY,10,False,0,0,0.0,0.0
100743,500,99.95,SELL,8,False,0,1,0.0,2.849258
100744,300,99.97,BUY,9,False,0,0,0.0,0.0
100745,1000,100.01,SELL,8,False,0,1,0.0,1.5114640000000001
100746,100,99.97,SELL,5,False,0,0,0.0,0.0
100747,300,99.99,BUY,7,False,0,1,0.0,0.814618
100748,100,100.05,SELL,7,False,0,1,0.0,0.12387000000000004
100749,200,100.03,BUY,1,False,0,1,0.0,1.713345
100750,100,99.96,SELL,3,False,0,1,0.0,0.6609750000000001
100751,100,100.02,BUY,2,False,0,1,0.0,0.630993
100752,200,100.01,BUY,5,False,0,1,0.0,0.8238899999999999
100753,300,100.04,BUY,9,False,0,1,0.0,1.25317
100754,100,100.04,BUY,2,False,0,1,0.0,0.07987100000000003
100755,100,99.97,BUY,5,False,0,1,0.0,0.01218600000000003
100756,200,100.01,SELL,6,False,0,1,0.0,0.171647
100757,200,99.98,BUY,6,False,1,0,1.0,0.361372
100758,500,99.98,BUY,4,False,0,1,0.0,0.938635
100759,300,99.98,BUY,5,False,0,0,0.0,0.0
100760,200,100.02,BUY,9,False,0,0,0.0,0.0
100761,1000,100.05,BUY,5,False,1,0,1.0,0.14010699999999998
100762,1000,100.03,SELL,7,False,0,1,0.0,0.5438669999999999
100763,200,100.01,BUY,1,False,0,1,0.0,0.261371
100764,100,99.97,SELL,2,False,0,1,0.0,0.19019799999999998
100765,200,99.98,SELL,8,False,0,0,0.0,0.0
100766,100,99.98,SELL,2,False,0,1,0.0,2.7209
100767,1000,99.97,SELL,9,False,1,0,1.0,0.922588
100768,100,100.04,SELL,5,False,0,1,0.0,4.658373999999999
100769,200,99.97,SELL,5,False,0,1,0.0,0.18223699999999998
100770,300,99.99,BUY,6,False,0,1,0.0,3.247078
100771,500,99.95,BUY,3,False,1,0,1.0,0.18742400000000004
100772,300,100.0,SELL,10,False,0,1,0.0,1.3601969999999999
100773,200,99.97,BUY,10,False,0,0,0.0,0.0
100774,5000,99.99,SELL,11,True,1,0,1.0,1.544082
100775,500,99.96,BUY,8,False,1,0,1.0,1.010361
100776,200,99.99,SELL,8,False,1,0,1.0,0.35065
100777,300,100.02,BUY,1,False,0,1,0.0,1.4754140000000002
100778,100,100.02,BUY,10,False,0,0,0.0,0.0
100779,300,99.96,SELL,2,False,0,1,0.0,1.1664340000000002
100780,300,100.03,SELL,6,False,0,1,0.0,0.3192360000000001
100781,500,100.02,SELL,8,False,0,1,0.0,0.12532999999999994
100782,100,100.02,SELL,1,False,1,0,1.0,1.116241
100783,10000,100.0,BUY,11,True,0,0,0.0,0.0
100784,500,99.97,SELL,4,False,1,0,1.0,2.281582
100785,300,100.01,BUY,3,False,0,1,0.0,0.03548600000000002
100786,200,100.04,SELL,7,False,0,1,0.0,2.150655
100787,1000,99.98,BUY,1,False,0,1,0.0,0.127803
100788,300,100.05,BUY,2,False,0,1,0.0,0.7886200000000001
100789,200,100.0,SELL,9,False,0,1,0.0,0.06059200000000009
100790,300,100.04,SELL,6,False,0,1,0.0,0.18375200000000003
100791,100,99.96,BUY,9,False,0,1,0.0,1.893213
100792,100,100.05,SELL,9,False,0,1,0.0,0.5000250000000002
100793,100,100.04,BUY,2,False,0,1,0.0,1.143469
100794,100,99.98,BUY,7,False,0,1,0.0,0.011079000000000061
100795,500,99.96,SELL,3,False,0,1,0.0,0.058022999999999936
100796,200,100.02,BUY,3,False,0,1,0.0,0.2790769999999999
100797,1000,100.01,BUY,1,False,0,1,0.0,2.1108729999999998
100798,300,99.96,SELL,3,False,0,1,0.0,0.910789
100799,10000,99.99,BUY,11,True,1,0,1.0,0.617522
100800,200,100.01,BUY,10,False,0,0,0.0,0.0
100801,300,99.97,SELL,5,False,0,0,0.0,0.0
100802,100,100.03,SELL,3,False,0,1,0.0,0.409227
100803,200,100.04,BUY,8,False,0,1,0.0,1.5381419999999997
100804,200,100.05,BUY,2,False,0,0,0.0,0.0
100805,300,99.99,SELL,10,False,0,1,0.0,1.5188549999999998
100806,10000,100.01,BUY,11,True,1,0,1.0,0.2558579999999999
100807,100,99.96,SELL,6,False,1,0,1.0,1.1936490000000002
100808,100,100.03,SELL,3,False,1,0,1.0,2.6736060000000004
100809,100,100.03,SELL,9,False,0,1,0.0,0.4984750000000001
100810,200,100.04,SELL,6,False,0,1,0.0,0.05215499999999995
100811,20000,100.01,SELL,11,True,0,0,0.0,0.0
100812,200,99.98,SELL,9,False,0,0,0.0,0.0
100813,500,99.97,SELL,3,False,0,0,0.0,0.0
100814,15000,100.01,SELL,11,True,1,0,1.0,0.3009879999999999
100815,100,99.99,BUY,4,False,0,1,0.0,0.5869909999999999
100816,100,100.01,BUY,4,False,0,1,0.0,0.46992199999999995
100817,200,99.95,BUY,9,False,0,0,0.0,0.0
100818,300,99.95,BUY,10,False,0,1,0.0,1.7593990000000002
100819,300,99.99,SELL,6,False,0,1,0.0,0.40017499999999995
100820,300,100.03,SELL,7,False,0,1,0.0,0.438113
100821,300,99.95,BUY,2,False,0,1,0.0,0.13982799999999995
100822,100,100.03,BUY,9,False,0,0,0.0,0.0
100823,100,100.04,BUY,10,False,0,1,0.0,1.266657
100824,200,100.04,BUY,3,False,0,1,0.0,0.053976000000000024
100825,15000,100.0,SELL,11,True,1,0,1.0,0.70346
100826,300,100.05,BUY,8,False,0,0,0.0,0.0
100827,200,99.96,SELL,8,False,0,1,0.0,0.04207800000000006
100828,100,100.01,SELL,5,False,0,1,0.0,2.48623
100829,100,100.05,BUY,1,False,0,1,0.0,0.15834000000000004
100830,200,100.03,BUY,2,False,0,1,0.0,0.6186880000000001
100831,100,99.97,BUY,4,False,0,1,0.0,0.014681999999999973
100832,100,100.02,BUY,3,False,0,1,0.0,3.1162300000000003
100833,300,99.99,SELL,4,False,0,0,0.0,0.0
100834,100,100.0,BUY,9,False,0,0,0.0,0.0
100835,10000,100.0,SELL,11,True,0,0,0.0,0.0
100836,500,100.02,BUY,3,False,1,0,1.0,2.414141
100837,500,100.0,SELL,9,False,0,0,0.0,0.0
100838,15000,99.99,SELL,11,True,1,0,1.0,0.500102
100839,200,100.02,SELL,4,False,0,1,0.0,0.23371699999999995
100840,300,100.01,BUY,2,False,0,1,0.0,0.534427
100841,100,100.01,SELL,5,False,0,1,0.0,2.4670270000000003
100842,10000,99.99,SELL,11,True,1,0,1.0,0.09310400000000008
100843,300,100.01,SELL,3,False,1,0,1.0,4.38603
100844,100,100.0,BUY,8,False,1,0,1.0,0.20119399999999998
100845,100,99.98,SELL,3,False,0,1,0.0,0.829224
100846,300,100.03,SELL,2,False,1,0,1.0,1.1519849999999998
100847,200,99.98,BUY,6,False,0,1,0.0,0.017476999999999965
100848,200,99.98,BUY,10,False,1,0,1.0,0.0036399999999999766
100849,300,99.99,SELL,1,False,0,1,0.0,0.014599000000000029
100850,500,100.04,BUY,7,False,0,1,0.0,1.422389
100851,200,100.04,SELL,4,False,0,0,0.0,0.0
100852,200,100.01,BUY,5,False,0,0,0.0,0.0
100853,200,99.97,SELL,10,False,0,1,0.0,1.1690740000000002
100854,100,99.98,SELL,9,False,0,1,0.0,0.055792000000000064
100855,100,99.97,SELL,1,False,0,1,0.0,4.384844
100856,10000,100.01,BUY,11,True,1,0,1.0,0.44405000000000006
100857,200,100.05,BUY,6,False,0,0,0.0,0.0
100858,100,99.97,SELL,5,False,1,0,1.0,1.3283209999999999
100859,200,99.97,SELL,4,False,0,1,0.0,4.601274
100860,500,99.99,SELL,3,False,0,0,0.0,0.0
100861,300,99.97,BUY,2,False,0,0,0.0,0.0
100862,100,100.03,BUY,4,False,0,1,0.0,0.7117309999999999
100863,10000,100.0,BUY,11,True,1,0,1.0,2.2145080000000004
100864,200,100.02,SELL,4,False,0,1,0.0,2.691806
100865,300,100.02,SELL,10,False,0,0,0.0,0.0
100866,200,99.95,SELL,8,False,0,1,0.0,0.206171
100867,200,100.01,BUY,8,False,0,1,0.0,2.623387
100868,200,100.04,SELL,9,False,1,0,1.0,2.574736
100869,200,100.03,BUY,2,False,1,0,1.0,0.19355900000000004
100870,300,99.97,BUY,2,False,0,1,0.0,0.588425
100871,100,100.03,SELL,9,False,0,1,0.0,0.7872210000000001
100872,100,100.02,SELL,3,False,0,0,0.0,0.0
100873,200,99.99,SELL,7,False,0,1,0.0,0.15522199999999997
100874,300,100.02,SELL,3,False,0,0,0.0,0.0
100875,100,99.96,SELL,4,False,0,1,0.0,0.23768099999999992
100876,500,100.04,SELL,8,False,0,1,0.0,1.9913720000000001
100877,100,99.95,SELL,1,False,0,0,0.0,0.0
100878,200,100.0,BUY,7,False,0,1,0.0,1.8221320000000003
100879,200,99.98,SELL,2,False,1,0,1.0,1.4858159999999998
100880,300,100.02,SELL,5,False,0,1,0.0,2.974609
100881,200,100.0,BUY,7,False,0,1,0.0,0.744021
100882,300,99.98,SELL,8,False,0,1,0.0,3.140764
100883,1000,99.97,BUY,10,False,0,0,0.0,0.0
100884,100,100.01,SELL,10,False,0,0,0.0,0.0
100885,100,100.05,SELL,10,False,0,0,0.0,0.0
100886,100,100.0,BUY,4,False,0,1,0.0,1.841444
100887,500,100.04,BUY,10,False,0,0,0.0,0.0
100888,100,100.03,SELL,6,False,0,1,0.0,0.9465220000000001
100889,100,100.04,BUY,3,False,1,0,1.0,0.465083
100890,500,100.05,SELL,1,False,0,0,0.0,0.0
100891,300,99.96,BUY,8,False,0,1,0.0,4.606229
100892,200,100.0,BUY,1,False,0,0,0.0,0.0
100893,300,100.04,BUY,3,False,0,1,0.0,0.25030700000000006
100894,300,100.04,BUY,10,False,0,0,0.0,0.0
100895,200,100.04,SELL,4,False,0,1,0.0,3.9631779999999996
100896,500,100.0,SELL,4,False,0,1,0.0,1.3077809999999999
100897,300,99.98,SELL,2,False,0,0,0.0,0.0
100898,300,100.03,BUY,5,False,0,1,0.0,1.163917
100899,10000,100.01,BUY,11,True,1,0,1.0,1.852567
100900,300,99.99,SELL,6,False,1,0,1.0,0.719844
100901,200,99.98,SELL,8,False,0,1,0.0,1.847278
100902,15000,100.01,SELL,11,True,1,0,1.0,0.54367
100903,300,99.99,SELL,1,False,0,0,0.0,0.0
100904,200,100.02,BUY,7,False,0,1,0.0,3.4483689999999996
100905,300,100.04,SELL,9,False,0,1,0.0,1.142102
100906,500,100.04,BUY,7,False,0,0,0.0,0.0
100907,100,100.01,SELL,10,False,0,1,0.0,0.884692
100908,200,100.02,BUY,6,False,1,0,1.0,0.49131499999999995
100909,200,99.96,BUY,5,False,0,1,0.0,1.7692139999999998
100910,100,99.98,SELL,4,False,0,0,0.0,0.0
100911,100,99.97,BUY,1,False,0,0,0.0,0.0
100912,200,100.02,SELL,1,False,0,1,0.0,0.35509499999999994
100913,300,100.01,SELL,5,False,1,0,1.0,1.076258
100914,300,99.98,BUY,1,False,0,1,0.0,2.0038929999999997
100915,10000,100.0,BUY,11,True,1,0,1.0,0.040482999999999936
100916,100,99.99,BUY,2,False,0,1,0.0,0.486063
100917,100,99.99,BUY,7,False,0,0,0.0,0.0
100918,100,100.02,SELL,6,False,0,0,0.0,0.0
100919,300,99.98,BUY,1,False,0,1,0.0,0.11541199999999996
100920,100,99.95,SELL,4,False,0,1,0.0,2.1098060000000003
100921,1000,100.02,SELL,10,False,0,1,0.0,1.210292
100922,100,99.98,SELL,9,False,1,0,1.0,2.355455
100923,200,100.0,SELL,2,False,0,1,0.0,3.205174
100924,200,100.0,SELL,5,False,0,1,0.0,2.5304830000000003
100925,200,99.96,BUY,6,False,0,1,0.0,0.043062000000000045
100926,300,100.02,BUY,7,False,0,0,0.0,0.0
100927,100,100.03,SELL,2,False,1,0,1.0,3.211386
100928,500,99.96,SELL,1,False,0,1,0.0,1.168237
100929,20000,100.01,SELL,11,True,0,1,0.0,1.013253
100930,10000,100.0,SELL,11,True,0,0,0.0,0.0
100931,100,99.99,SELL,9,False,0,1,0.0,4.041266
100932,200,100.0,BUY,1,False,0,1,0.0,0.24702999999999997
100933,200,99.95,BUY,9,False,0,1,0.0,0.46121999999999996
100934,200,100.01,BUY,3,False,0,0,0.0,0.0
100935,100,100.02,BUY,10,False,0,1,0.0,1.99214
100936,1000,99.98,BUY,8,False,0,0,0.0,0.0
100937,300,99.97,BUY,8,False,0,1,0.0,1.1173419999999998
100938,200,100.0,BUY,6,False,0,1,0.0,2.322094
100939,200,99.97,SELL,4,False,0,0,0.0,0.0
100940,200,99.98,SELL,2,False,0,0,0.0,0.0
100941,100,100.01,SELL,9,False,1,0,1.0,2.557729
100942,200,99.98,SELL,8,False,0,0,0.0,0.0
100943,300,99.97,SELL,2,False,1,0,1.0,0.5171509999999999
100944,100,100.0,BUY,1,False,0,1,0.0,0.19935800000000004
100945,100,100.0,SELL,6,False,0,1,0.0,0.47030799999999995
100946,20000,100.0,BUY,11,True,1,0,1.0,0.279764
100947,200,100.03,SELL,2,False,0,1,0.0,0.8309670000000001
100948,200,99.99,SELL,2,False,0,1,0.0,3.6068519999999995
100949,10000,100.0,SELL,11,True,1,0,1.0,0.048204000000000025
100950,200,100.02,BUY,5,False,0,0,0.0,0.0
100951,1000,100.01,SELL,6,False,0,1,0.0,0.946053
100952,100,100.01,BUY,7,False,0,0,0.0,0.0
100953,10000,100.01,SELL,11,True,1,0,1.0,0.130266
100954,300,100.03,SELL,9,False,0,1,0.0,2.028669
100955,300,99.97,SELL,6,False,0,1,0.0,0.23676700000000006
100956,1000,100.03,SELL,7,False,0,1,0.0,1.6615790000000001
100957,100,100.01,SELL,6,False,1,0,1.0,0.47989400000000004
100958,100,99.96,SELL,6,False,0,1,0.0,0.19652100000000006
100959,100,100.01,SELL,6,False,0,0,0.0,0.0
100960,200,100.03,BUY,5,False,1,0,1.0,1.6578679999999997
100961,200,100.04,SELL,9,False,0,1,0.0,0.13749600000000006
100962,500,99.97,BUY,10,False,1,0,1.0,0.32505300000000004
100963,500,100.04,SELL,1,False,0,0,0.0,0.0
100964,200,100.02,BUY,9,False,0,1,0.0,0.305014
100965,100,99.98,BUY,9,False,0,1,0.0,0.990817
100966,500,100.01,BUY,5,False,0,0,0.0,0.0
100967,200,100.04,SELL,4,False,1,0,1.0,0.315731
100968,100,100.02,SELL,8,False,0,1,0.0,1.3856859999999998
100969,200,99.96,SELL,5,False,1,0,1.0,2.0842210000000003
100970,100,99.95,SELL,2,False,0,1,0.0,2.9333859999999996
100971,200,99.98,SELL,9,False,0,0,0.0,0.0
100972,200,100.04,BUY,5,False,0,0,0.0,0.0
100973,1000,100.05,BUY,7,False,0,0,0.0,0.0
100974,500,100.0,SELL,6,False,0,1,0.0,0.71402
100975,100,100.02,BUY,7,False,0,0,0.0,0.0
100976,200,100.05,SELL,4,False,1,0,1.0,1.268503
100977,200,99.96,BUY,1,False,0,0,0.0,0.0
100978,100,100.05,BUY,4,False,0,1,0.0,1.023791
100979,500,99.97,SELL,5,False,0,1,0.0,1.164679
100980,100,99.96,SELL,7,False,0,1,0.0,0.834755
100981,10000,99.99,BUY,11,True,0,0,0.0,0.0
100982,200,100.0,BUY,10,False,0,1,0.0,1.8421429999999999
100983,100,100.0,BUY,5,False,0,1,0.0,0.5894199999999999
100984,200,99.95,SELL,5,False,0,1,0.0,1.3763359999999998
100985,20000,100.0,SELL,11,True,1,0,1.0,1.8166030000000002
100986,300,99.95,BUY,9,False,0,1,0.0,0.7479680000000001
100987,200,100.0,SELL,6,False,0,1,0.0,0.9592160000000001
100988,200,99.97,SELL,8,False,0,1,0.0,0.028792999999999958
100989,300,99.96,BUY,7,False,0,1,0.0,0.261131
100990,5000,100.01,BUY,11,True,0,0,0.0,0.0
100991,100,100.05,SELL,10,False,0,0,0.0,0.0
100992,200,99.97,BUY,5,False,0,1,0.0,0.427902
100993,15000,100.01,SELL,11,True,1,0,1.0,0.132166
100994,200,99.99,BUY,1,False,0,1,0.0,0.5270009999999999
100995,500,100.04,SELL,4,False,0,1,0.0,0.6197719999999999
100996,100,100.02,SELL,7,False,0,1,0.0,1.244418
100997,200,100.02,BUY,7,False,0,0,0.0,0.0
100998,300,100.0,BUY,2,False,0,1,0.0,0.561525
100999,300,99.99,SELL,8,False,1,0,1.0,1.472426
101000,200,100.01,BUY,2,False,0,0,0.0,0.0
101001,200,99.98,BUY,3,False,0,1,0.0,0.09011900000000006
101002,100,99.99,BUY,8,False,1,0,1.0,4.3390770000000005
101003,300,99.99,BUY,3,False,0,1,0.0,3.386142
101004,300,99.98,BUY,6,False,1,0,1.0,0.22044699999999995
101005,200,99.95,SELL,6,False,0,1,0.0,0.42422100000000007
101006,300,100.03,SELL,4,False,0,1,0.0,0.789535
101007,100,100.05,BUY,2,False,0,1,0.0,1.233301
101008,300,99.96,BUY,6,False,1,0,1.0,2.752113
101009,200,100.03,BUY,6,False,0,1,0.0,2.589733
101010,100,99.99,BUY,6,False,0,0,0.0,0.0
101011,500,99.95,SELL,5,False,0,0,0.0,0.0
101012,100,100.03,SELL,5,False,0,0,0.0,0.0
101013,20000,100.0,BUY,11,True,1,0,1.0,0.3432160000000001
101014,300,100.04,BUY,9,False,0,1,0.0,0.06446099999999999
101015,200,100.01,SELL,7,False,0,1,0.0,3.3701410000000003
101016,500,100.01,SELL,5,False,0,0,0.0,0.0
101017,500,99.98,BUY,2,False,0,1,0.0,4.284865
101018,100,100.02,SELL,8,False,0,0,0.0,0.0
101019,200,99.97,SELL,1,False,0,1,0.0,0.63522
101020,300,100.04,SELL,6,False,1,0,1.0,1.3081209999999999
101021,100,99.98,SELL,10,False,0,1,0.0,0.06565899999999991
101022,200,100.01,SELL,6,False,0,1,0.0,1.401411
101023,300,100.01,SELL,10,False,0,0,0.0,0.0
101024,200,99.98,SELL,4,False,1,0,1.0,3.7441269999999998
101025,100,100.0,SELL,5,False,0,1,0.0,0.08569300000000002
101026,300,99.98,SELL,5,False,0,1,0.0,2.9118389999999996
101027,100,99.99,SELL,9,False,0,1,0.0,3.0874639999999998
101028,200,100.01,SELL,5,False,0,1,0.0,0.7492390000000001
101029,200,100.04,BUY,10,False,0,1,0.0,0.7150899999999999
101030,200,99.97,BUY,2,False,0,1,0.0,0.11768100000000004
101031,300,100.05,SELL,4,False,0,0,0.0,0.0
101032,500,100.04,SELL,7,False,0,0,0.0,0.0
101033,200,100.03,SELL,6,False,0,1,0.0,1.2570739999999998
101034,100,99.98,SELL,6,False,0,0,0.0,0.0
101035,300,100.04,BUY,8,False,1,0,1.0,2.781648
101036,100,100.02,SELL,10,False,0,0,0.0,0.0
101037,100,99.97,BUY,6,False,1,0,1.0,0.14665800000000007
101038,15000,100.0,BUY,11,True,0,0,0.0,0.0
101039,100,99.98,SELL,9,False,0,1,0.0,0.20319300000000007
101040,100,99.96,BUY,6,False,0,1,0.0,0.891384
101041,200,99.97,BUY,1,False,0,1,0.0,0.14591300000000007
101042,300,99.95,BUY,5,False,0,1,0.0,0.6809529999999999
101043,200,100.02,BUY,6,False,0,1,0.0,0.96172
101044,100,100.0,BUY,10,False,0,1,0.0,0.987024
101045,300,99.96,BUY,7,False,0,1,0.0,3.942832
101046,100,100.03,BUY,3,False,1,0,1.0,0.302295
101047,300,99.98,BUY,8,False,0,1,0.0,0.908209
101048,100,100.04,SELL,4,False,0,1,0.0,0.47520399999999996
101049,100,100.02,SELL,8,False,0,0,0.0,0.0
101050,200,100.05,SELL,7,False,1,0,1.0,0.056809
101051,300,100.02,SELL,8,False,0,1,0.0,0.009527999999999981
101052,300,100.03,BUY,6,False,0,1,0.0,0.31933900000000004
101053,200,99.98,BUY,8,False,0,1,0.0,0.7278519999999999
101054,300,100.02,BUY,1,False,0,0,0.0,0.0
101055,100,99.97,BUY,10,False,1,0,1.0,0.3530019999999999
101056,200,100.03,SELL,4,False,0,1,0.0,4.200182
101057,500,99.98,SELL,2,False,0,1,0.0,0.15133299999999994
101058,300,100.04,BUY,3,False,0,0,0.0,0.0
101059,15000,100.0,BUY,11,True,1,0,1.0,0.631095
101060,300,99.99,BUY,1,False,0,1,0.0,0.15554
101061,200,100.03,SELL,10,False,0,1,0.0,1.251826
101062,200,99.97,BUY,3,False,1,0,1.0,1.316246
101063,100,99.96,SELL,10,False,0,0,0.0,0.0
101064,100,100.0,BUY,9,False,0,1,0.0,0.46357800000000005
101065,100,100.0,SELL,5,False,1,0,1.0,0.24414199999999997
101066,200,99.98,SELL,2,False,0,0,0.0,0.0
101067,100,100.05,SELL,9,False,1,0,1.0,4.340315
101068,20000,99.99,SELL,11,True,1,0,1.0,2.198121
101069,10000,100.0,BUY,11,True,0,0,0.0,0.0
101070,10000,100.01,SELL,11,True,1,0,1.0,0.16647500000000004
101071,200,100.05,BUY,10,False,0,1,0.0,0.9814609999999999
101072,300,99.97,BUY,3,False,0,1,0.0,1.14074
101073,500,99.96,BUY,10,False,0,1,0.0,3.3516340000000002
101074,100,100.03,SELL,2,False,1,0,1.0,2.1708220000000003
101075,300,99.99,BUY,2,False,0,1,0.0,2.15191
101076,100,99.98,BUY,8,False,0,1,0.0,0.134432
101077,200,99.95,BUY,2,False,0,0,0.0,0.0
101078,300,99.95,SELL,4,False,0,1,0.0,1.423415
101079,100,100.04,SELL,2,False,0,0,0.0,0.0
101080,300,100.03,SELL,4,False,0,1,0.0,0.5770830000000001
101081,5000,100.0,BUY,11,True,1,0,1.0,0.7719719999999999
101082,300,99.97,SELL,6,False,0,1,0.0,0.14525999999999994
101083,200,99.98,SELL,2,False,0,0,0.0,0.0
101084,200,99.98,SELL,5,False,0,1,0.0,2.375814
101085,100,100.04,BUY,8,False,0,0,0.0,0.0
101086,100,99.97,BUY,5,False,0,1,0.0,0.06503099999999995
101087,1000,100.05,SELL,6,False,1,0,1.0,0.083596
101088,200,99.98,SELL,3,False,0,0,0.0,0.0
101089,100,99.95,BUY,6,False,0,1,0.0,0.46214299999999997
101090,300,100.02,SELL,4,False,0,1,0.0,0.28135
101091,100,100.02,SELL,5,False,1,0,1.0,2.882645
101092,200,99.97,BUY,3,False,0,1,0.0,0.40095099999999995
101093,300,99.98,SELL,8,False,0,0,0.0,0.0
101094,300,100.04,SELL,9,False,0,0,0.0,0.0
101095,200,100.05,SELL,3,False,1,0,1.0,0.06743100000000002
101096,500,99.96,SELL,7,False,1,0,1.0,0.36685499999999993
101097,100,100.04,SELL,1,False,0,0,0.0,0.0
101098,100,100.01,SELL,3,False,0,0,0.0,0.0
101099,200,100.02,BUY,9,False,1,0,1.0,0.5739799999999999
101100,100,100.01,BUY,8,False,0,1,0.0,1.4513129999999999
101101,100,100.0,BUY,8,False,0,0,0.0,0.0
101102,1000,99.96,BUY,2,False,1,0,1.0,3.008918
101103,10000,99.99,BUY,11,True,1,0,1.0,0.644525
101104,200,99.96,BUY,4,False,0,0,0.0,0.0
101105,300,100.05,SELL,6,False,0,0,0.0,0.0
101106,500,99.98,BUY,2,False,0,1,0.0,2.8170070000000003
101107,200,99.98,SELL,4,False,0,0,0.0,0.0
101108,200,99.97,SELL,7,False,0,0,0.0,0.0
101109,200,99.96,SELL,3,False,0,0,0.0,0.0
101110,100,99.96,SELL,3,False,0,1,0.0,1.2174630000000002
101111,100,100.05,BUY,4,False,0,1,0.0,1.6909610000000002
101112,100,99.99,BUY,1,False,0,1,0.0,1.716594
101113,15000,99.99,BUY,11,True,1,0,1.0,0.68298
101114,500,99.96,SELL,2,False,0,1,0.0,0.8934349999999999
101115,200,100.01,BUY,1,False,0,0,0.0,0.0
101116,200,100.0,SELL,5,False,0,1,0.0,1.9011710000000002
101117,200,100.03,BUY,4,False,0,1,0.0,0.733286
101118,500,99.99,BUY,1,False,1,0,1.0,0.9140379999999999
101119,300,99.99,BUY,4,False,0,0,0.0,0.0
101120,100,99.95,BUY,10,False,0,0,0.0,0.0
101121,100,99.98,SELL,8,False,0,0,0.0,0.0
101122,200,100.04,SELL,7,False,0,0,0.0,0.0
101123,100,100.01,BUY,9,False,0,0,0.0,0.0
101124,200,99.97,SELL,6,False,0,1,0.0,2.111557
101125,1000,99.95,BUY,3,False,0,1,0.0,0.23677199999999998
101126,300,100.03,SELL,3,False,0,1,0.0,2.4713920000000003
101127,200,100.05,BUY,4,False,0,1,0.0,0.8186650000000001
101128,100,100.0,BUY,7,False,0,1,0.0,1.788084
101129,300,100.04,SELL,7,False,0,1,0.0,0.18805399999999994
101130,1000,100.02,BUY,8,False,0,0,0.0,0.0
101131,15000,100.0,SELL,11,True,0,0,0.0,0.0
101132,200,99.99,SELL,10,False,0,1,0.0,0.14600800000000003
101133,200,100.01,BUY,2,False,0,0,0.0,0.0
101134,300,100.04,BUY,8,False,0,0,0.0,0.0
101135,200,99.98,SELL,1,False,0,1,0.0,2.905294
101136,100,100.03,BUY,1,False,0,1,0.0,2.13456
101137,100,99.98,BUY,3,False,0,0,0.0,0.0
101138,200,99.96,SELL,3,False,0,1,0.0,0.12767399999999995
101139,100,100.05,SELL,1,False,0,0,0.0,0.0
101140,100,100.01,SELL,9,False,0,1,0.0,0.5350569999999999
101141,100,99.96,SELL,1,False,0,0,0.0,0.0
101142,10000,100.0,SELL,11,True,1,0,1.0,1.80987
101143,1000,99.97,BUY,4,False,0,0,0.0,0.0
101144,100,99.99,SELL,2,False,0,1,0.0,0.22823700000000002
101145,200,100.0,SELL,3,False,0,1,0.0,0.09889000000000003
101146,1000,99.98,SELL,2,False,1,0,1.0,2.320483
101147,20000,99.99,BUY,11,True,1,0,1.0,2.5638549999999998
101148,500,100.01,BUY,9,False,0,0,0.0,0.0
101149,200,99.95,SELL,2,False,0,0,0.0,0.0
101150,300,99.99,SELL,5,False,0,0,0.0,0.0
101151,300,100.0,BUY,7,False,0,1,0.0,0.073542
101152,300,100.0,BUY,6,False,0,1,0.0,0.8413459999999999
101153,300,100.05,SELL,4,False,0,1,0.0,0.595175
101154,100,100.0,BUY,8,False,0,1,0.0,2.0795019999999997
101155,10000,100.0,SELL,11,True,1,0,1.0,0.8415770000000001
101156,200,100.04,BUY,8,False,0,1,0.0,0.732358
101157,300,100.04,SELL,9,False,0,1,0.0,0.17149499999999995
101158,100,100.03,BUY,3,False,0,0,0.0,0.0
101159,300,100.0,BUY,10,False,0,1,0.0,2.010153
101160,500,100.02,BUY,1,False,0,1,0.0,0.328897
101161,500,100.01,SELL,2,False,0,1,0.0,0.24504899999999996
101162,200,100.04,BUY,8,False,1,0,1.0,4.3674859999999995
101163,100,99.97,SELL,7,False,0,0,0.0,0.0
101164,100,99.97,BUY,6,False,0,1,0.0,0.663638
101165,200,100.03,BUY,6,False,0,1,0.0,0.5928469999999999
101166,200,99.95,SELL,6,False,1,0,1.0,3.7064709999999996
101167,300,100.03,BUY,10,False,1,0,1.0,1.2463600000000001
101168,300,100.0,BUY,5,False,0,1,0.0,3.9199499999999996
101169,100,99.96,BUY,5,False,0,0,0.0,0.0
101170,200,99.96,SELL,10,False,0,0,0.0,0.0
101171,200,99.99,BUY,8,False,0,1,0.0,2.0937650000000003
101172,100,99.95,SELL,8,False,0,0,0.0,0.0
101173,5000,99.99,BUY,11,True,1,0,1.0,0.794593
101174,100,100.04,SELL,9,False,0,1,0.0,4.035376
101175,200,100.04,SELL,5,False,0,1,0.0,0.5859570000000001
101176,500,99.99,SELL,8,False,0,1,0.0,1.4150959999999997
101177,500,100.01,SELL,3,False,0,0,0.0,0.0
101178,500,100.03,BUY,9,False,0,1,0.0,1.8300409999999998
101179,100,100.04,BUY,7,False,0,0,0.0,0.0
101180,100,100.04,SELL,3,False,1,0,1.0,0.5608980000000001
101181,200,100.04,SELL,3,False,0,1,0.0,0.4182650000000001
101182,300,99.98,BUY,3,False,0,1,0.0,0.15507700000000002
101183,100,99.97,BUY,4,False,0,1,0.0,1.573305
101184,200,99.98,BUY,8,False,0,0,0.0,0.0
101185,100,100.03,SELL,2,False,0,1,0.0,0.020423999999999998
101186,200,100.04,BUY,6,False,0,1,0.0,1.4049649999999998
101187,200,100.04,SELL,1,False,1,0,1.0,1.24078
101188,100,99.96,SELL,7,False,0,1,0.0,0.3768150000000001
101189,300,100.0,SELL,8,False,0,1,0.0,0.3112269999999999
101190,15000,100.0,BUY,11,True,0,0,0.0,0.0
101191,1000,100.01,SELL,1,False,0,0,0.0,0.0
101192,100,100.02,BUY,6,False,0,1,0.0,1.019562
101193,100,100.03,BUY,10,False,1,0,1.0,1.291231
101194,200,99.96,BUY,3,False,0,0,0.0,0.0
101195,10000,99.99,SELL,11,True,1,0,1.0,0.9400220000000001
101196,100,100.0,SELL,5,False,0,1,0.0,0.40600099999999995
101197,100,99.98,BUY,10,False,0,1,0.0,0.05523599999999995
101198,100,99.99,BUY,9,False,1,0,1.0,0.786203
101199,300,100.04,SELL,10,False,1,0,1.0,0.021836000000000078
101200,200,100.02,SELL,8,False,0,1,0.0,0.16083999999999998
101201,100,99.98,SELL,7,False,0,1,0.0,1.554387
101202,1000,99.98,BUY,7,False,0,1,0.0,0.414806
101203,100,100.04,SELL,6,False,0,0,0.0,0.0
101204,500,100.0,SELL,10,False,0,0,0.0,0.0
101205,300,99.97,BUY,5,False,1,0,1.0,0.22367199999999987
101206,200,100.02,SELL,10,False,1,0,1.0,0.5332069999999999
101207,500,99.96,SELL,2,False,0,1,0.0,0.13838400000000006
101208,200,100.0,SELL,1,False,0,0,0.0,0.0
101209,200,99.95,BUY,4,False,0,1,0.0,3.942019
101210,1000,99.97,BUY,5,False,0,1,0.0,1.254972
101211,100,99.97,SELL,6,False,0,1,0.0,1.322057
101212,100,100.02,BUY,9,False,1,0,1.0,1.8758819999999998
101213,1000,99.96,BUY,7,False,0,1,0.0,0.8460310000000001
101214,500,99.99,SELL,2,False,0,1,0.0,0.351105
101215,500,100.0,BUY,8,False,0,1,0.0,2.151854
101216,100,99.99,BUY,9,False,0,0,0.0,0.0
101217,100,100.03,BUY,8,False,0,0,0.0,0.0
101218,200,100.0,BUY,1,False,0,1,0.0,3.9590170000000002
101219,300,99.95,BUY,10,False,0,1,0.0,0.2358189999999999
101220,15000,100.0,BUY,11,True,0,0,0.0,0.0
101221,300,100.02,SELL,1,False,1,0,1.0,1.910896
101222,300,99.99,SELL,3,False,0,1,0.0,2.272414
101223,200,100.0,SELL,7,False,0,1,0.0,0.5027869999999999
101224,100,99.96,SELL,9,False,0,1,0.0,1.7629740000000003
101225,15000,100.01,BUY,11,True,1,0,1.0,1.2594119999999998
101226,100,100.03,BUY,5,False,0,1,0.0,0.09677099999999994
101227,300,100.05,BUY,10,False,0,1,0.0,0.3066819999999999
101228,100,100.01,BUY,2,False,0,0,0.0,0.0
101229,100,99.96,BUY,8,False,0,1,0.0,0.1100819999999999
101230,100,100.02,SELL,9,False,0,1,0.0,0.340842
101231,200,100.04,SELL,6,False,0,0,0.0,0.0
101232,100,100.01,SELL,7,False,0,0,0.0,0.0
101233,100,99.99,BUY,8,False,0,1,0.0,0.07100300000000004
101234,300,100.03,SELL,9,False,0,0,0.0,0.0
101235,300,100.02,BUY,7,False,1,0,1.0,0.955173
101236,100,99.98,SELL,10,False,0,1,0.0,1.1352499999999996
101237,200,100.03,SELL,10,False,0,1,0.0,0.408671
101238,100,100.02,BUY,7,False,0,1,0.0,3.6533919999999998
101239,100,99.99,SELL,10,False,0,1,0.0,2.086287
101240,10000,100.01,SELL,11,True,1,0,1.0,0.1617099999999999
101241,1000,100.04,SELL,8,False,1,0,1.0,0.309882
101242,100,100.0,BUY,4,False,0,1,0.0,0.5589350000000001
101243,500,100.03,SELL,3,False,0,1,0.0,1.6875700000000002
101244,300,99.96,BUY,2,False,0,0,0.0,0.0
101245,500,99.97,SELL,7,False,1,0,1.0,0.31906499999999993
101246,300,100.03,SELL,1,False,1,0,1.0,1.9641639999999998
101247,5000,100.0,SELL,11,True,1,0,1.0,1.2559399999999998
101248,200,100.0,BUY,8,False,1,0,1.0,2.6941110000000004
101249,100,99.99,SELL,6,False,0,0,0.0,0.0
101250,200,100.02,SELL,6,False,0,1,0.0,1.381106
101251,500,99.95,SELL,6,False,0,1,0.0,1.480756
101252,100,99.97,SELL,4,False,0,0,0.0,0.0
101253,300,99.99,BUY,10,False,1,0,1.0,0.016384999999999983
101254,200,100.0,SELL,1,False,0,0,0.0,0.0
101255,200,100.05,BUY,5,False,0,0,0.0,0.0
101256,300,100.03,BUY,8,False,0,0,0.0,0.0
101257,1000,100.05,SELL,8,False,0,0,0.0,0.0
101258,500,100.04,SELL,3,False,0,1,0.0,0.583748
101259,100,100.02,BUY,6,False,0,1,0.0,0.738095
101260,200,100.02,SELL,10,False,0,1,0.0,0.935797
101261,200,100.02,BUY,10,False,0,0,0.0,0.0
101262,300,99.99,SELL,7,False,1,0,1.0,3.4721830000000002
101263,100,99.96,SELL,5,False,0,1,0.0,1.3187830000000003
101264,100,99.96,SELL,3,False,1,0,1.0,1.803093
101265,100,100.0,SELL,1,False,1,0,1.0,0.1445789999999999
101266,300,99.98,SELL,8,False,1,0,1.0,0.40626700000000004
101267,20000,99.99,SELL,11,True,1,0,1.0,0.875897
101268,500,99.96,SELL,3,False,0,1,0.0,1.5965309999999997
101269,200,100.01,SELL,4,False,0,1,0.0,0.23046300000000008
101270,10000,99.99,SELL,11,True,1,0,1.0,0.3190179999999999
101271,200,100.01,SELL,1,False,0,0,0.0,0.0
101272,100,99.99,SELL,8,False,0,1,0.0,3.339153
101273,300,99.98,SELL,1,False,0,1,0.0,0.262548
101274,300,100.01,SELL,7,False,0,1,0.0,3.564888
101275,100,99.99,SELL,8,False,0,0,0.0,0.0
101276,100,99.99,BUY,4,False,0,1,0.0,0.32666799999999985
101277,200,100.05,BUY,7,False,0,1,0.0,2.620489
101278,100,100.05,BUY,1,False,0,1,0.0,1.2554519999999998
101279,10000,100.0,BUY,11,True,1,0,1.0,0.582851
101280,500,100.02,SELL,4,False,0,1,0.0,0.4080999999999999
101281,500,99.95,SELL,9,False,0,1,0.0,0.252684
101282,100,99.98,SELL,1,False,1,0,1.0,0.42679599999999995
101283,200,100.04,SELL,1,False,0,0,0.0,0.0
101284,1000,99.95,SELL,6,False,0,1,0.0,1.609124
101285,1000,100.04,SELL,9,False,1,0,1.0,0.3764670000000001
101286,200,100.02,SELL,7,False,0,1,0.0,2.5384189999999998
101287,200,99.95,SELL,2,False,0,0,0.0,0.0
101288,300,99.96,BUY,10,False,0,1,0.0,0.24448199999999987
101289,300,99.97,BUY,5,False,1,0,1.0,0.08624299999999996
101290,1000,100.03,BUY,1,False,0,1,0.0,0.08119399999999999
101291,200,100.04,BUY,4,False,0,1,0.0,1.708634
101292,200,100.01,SELL,2,False,0,1,0.0,3.048352
101293,100,99.99,SELL,6,False,0,1,0.0,2.2833539999999997
101294,200,99.95,BUY,3,False,0,1,0.0,0.1973839999999999
101295,100,100.02,BUY,5,False,0,0,0.0,0.0
101296,200,99.97,BUY,4,False,0,0,0.0,0.0
101297,300,99.98,SELL,7,False,0,0,0.0,0.0
101298,100,100.0,BUY,9,False,1,0,1.0,4.168569
101299,200,100.01,SELL,8,False,0,1,0.0,2.272519
101300,200,100.0,SELL,10,False,0,0,0.0,0.0
101301,200,100.0,BUY,3,False,0,0,0.0,0.0
101302,100,100.03,BUY,1,False,0,1,0.0,1.428299
101303,200,99.99,SELL,8,False,0,0,0.0,0.0
101304,15000,99.99,BUY,11,True,1,0,1.0,0.13117
101305,200,100.04,SELL,4,False,0,1,0.0,3.401619
101306,300,99.99,SELL,5,False,0,1,0.0,0.6375039999999998
101307,300,99.96,SELL,2,False,0,1,0.0,0.496953
101308,200,99.97,SELL,5,False,1,0,1.0,0.23479800000000006
101309,200,100.0,BUY,5,False,0,1,0.0,0.600479
101310,100,99.97,SELL,5,False,0,1,0.0,1.163351
101311,100,99.98,BUY,8,False,0,0,0.0,0.0
101312,1000,99.97,SELL,2,False,0,0,0.0,0.0
101313,100,100.0,SELL,10,False,0,0,0.0,0.0
101314,500,100.04,SELL,2,False,0,1,0.0,2.857504
101315,100,100.01,SELL,6,False,0,0,0.0,0.0
101316,1000,100.02,SELL,3,False,0,1,0.0,0.5038110000000001
101317,100,99.97,SELL,7,False,0,1,0.0,2.161338
101318,100,99.98,SELL,5,False,0,0,0.0,0.0
101319,100,100.04,SELL,10,False,0,1,0.0,1.5473
101320,200,99.98,SELL,2,False,0,1,0.0,1.1795799999999999
101321,200,100.0,SELL,8,False,0,1,0.0,0.45503400000000005
101322,200,100.02,BUY,6,False,0,0,0.0,0.0
101323,200,99.95,BUY,2,False,0,1,0.0,0.14635200000000004
101324,200,99.99,SELL,1,False,0,1,0.0,1.0115210000000001
101325,200,99.97,SELL,7,False,1,0,1.0,0.7010139999999999
101326,300,100.03,SELL,7,False,1,0,1.0,2.6048199999999997
101327,500,100.0,SELL,2,False,0,0,0.0,0.0
101328,300,99.97,SELL,8,False,0,0,0.0,0.0
101329,200,100.04,SELL,9,False,0,1,0.0,0.04214400000000007
101330,500,100.01,SELL,9,False,0,1,0.0,0.3384849999999999
101331,200,100.04,BUY,7,False,0,0,0.0,0.0
101332,100,100.04,BUY,2,False,0,0,0.0,0.0
101333,100,100.0,SELL,2,False,0,1,0.0,1.4741369999999998
101334,300,99.96,BUY,7,False,1,0,1.0,0.07149599999999989
101335,100,100.0,BUY,4,False,0,1,0.0,0.37104400000000004
101336,10000,100.0,BUY,11,True,1,0,1.0,1.7356760000000002
101337,300,99.98,BUY,10,False,0,0,0.0,0.0
101338,100,99.99,SELL,4,False,0,0,0.0,0.0
101339,300,100.01,BUY,3,False,0,0,0.0,0.0
101340,500,100.01,BUY,3,False,0,1,0.0,0.45500000000000007
101341,100,99.99,SELL,3,False,0,0,0.0,0.0
101342,500,100.03,BUY,8,False,0,1,0.0,2.633517
101343,10000,100.01,SELL,11,True,1,0,1.0,0.25642
101344,200,99.99,SELL,6,False,1,0,1.0,0.11766399999999999
101345,500,100.03,BUY,10,False,0,1,0.0,1.40414
101346,200,99.97,BUY,4,False,0,1,0.0,1.188147
101347,1000,100.03,BUY,7,False,1,0,1.0,0.056135000000000046
101348,300,99.98,SELL,7,False,0,1,0.0,0.3856790000000001
101349,200,100.04,SELL,10,False,0,1,0.0,0.248008
101350,100,100.03,BUY,8,False,0,1,0.0,0.969029
101351,100,100.0,BUY,5,False,0,0,0.0,0.0
101352,100,99.98,BUY,1,False,0,1,0.0,0.647143
101353,20000,100.01,SELL,11,True,0,0,0.0,0.0
101354,300,99.98,SELL,1,False,0,0,0.0,0.0
101355,100,100.02,BUY,8,False,0,0,0.0,0.0
101356,200,100.03,BUY,8,False,1,0,1.0,0.24547600000000003
101357,300,99.99,SELL,4,False,0,0,0.0,0.0
101358,200,99.99,SELL,10,False,0,0,0.0,0.0
101359,200,100.02,BUY,2,False,0,1,0.0,3.529115
101360,100,99.96,SELL,7,False,0,1,0.0,0.7221830000000001
101361,200,99.95,BUY,6,False,0,0,0.0,0.0
101362,300,100.04,BUY,8,False,0,0,0.0,0.0
101363,500,99.98,SELL,4,False,0,1,0.0,0.6318790000000001
101364,100,100.03,SELL,7,False,0,0,0.0,0.0
101365,20000,100.0,BUY,11,True,0,0,0.0,0.0
101366,300,99.98,SELL,1,False,0,1,0.0,0.2406029999999999
101367,100,99.97,SELL,5,False,0,1,0.0,3.878839
101368,300,99.97,BUY,8,False,0,0,0.0,0.0
101369,200,100.04,SELL,1,False,1,0,1.0,0.28389600000000015
101370,100,99.99,SELL,5,False,0,1,0.0,3.018052
101371,200,100.0,SELL,6,False,0,1,0.0,0.635624
101372,10000,100.0,BUY,11,True,0,1,0.0,3.1869119999999995
101373,200,99.95,SELL,1,False,0,0,0.0,0.0
101374,100,99.96,SELL,7,False,0,0,0.0,0.0
101375,100,100.04,BUY,7,False,0,0,0.0,0.0
101376,100,100.0,BUY,4,False,0,1,0.0,0.6717520000000001
101377,200,99.99,SELL,8,False,0,1,0.0,0.22561699999999996
101378,200,100.03,SELL,6,False,0,1,0.0,1.2232269999999998
101379,300,99.95,SELL,7,False,0,1,0.0,0.9942340000000001
101380,200,100.0,BUY,4,False,0,1,0.0,0.0028719999999999857
101381,300,100.03,BUY,8,False,0,1,0.0,0.4554370000000001
101382,100,100.03,BUY,1,False,0,1,0.0,1.2924259999999999
101383,200,100.03,BUY,3,False,1,0,1.0,1.0077349999999998
101384,200,100.02,BUY,6,False,0,1,0.0,0.606824
101385,200,100.03,BUY,6,False,0,0,0.0,0.0
101386,200,99.97,BUY,8,False,0,1,0.0,0.942177
101387,100,100.0,SELL,3,False,0,0,0.0,0.0
101388,200,100.02,SELL,1,False,0,1,0.0,2.1927459999999996
101389,200,100.05,BUY,5,False,0,1,0.0,0.569572
101390,300,100.0,SELL,7,False,0,0,0.0,0.0
101391,100,99.98,SELL,6,False,0,0,0.0,0.0
101392,1000,100.05,SELL,3,False,1,0,1.0,0.3157240000000001
101393,100,99.97,SELL,2,False,0,1,0.0,3.756183
101394,200,99.98,SELL,10,False,0,1,0.0,1.1069750000000003
101395,100,100.04,BUY,3,False,0,1,0.0,0.6259140000000001
101396,200,99.99,SELL,7,False,0,1,0.0,1.5846559999999998
101397,100,100.04,SELL,4,False,0,1,0.0,0.2815320000000001
101398,100,100.0,SELL,2,False,0,0,0.0,0.0
101399,100,99.98,SELL,5,False,0,0,0.0,0.0
101400,300,100.03,SELL,4,False,0,1,0.0,0.946407
101401,300,100.02,SELL,7,False,1,0,1.0,3.40224
101402,200,99.95,SELL,10,False,0,1,0.0,2.7245030000000003
101403,100,100.04,SELL,2,False,0,1,0.0,0.10602099999999992
101404,100,99.98,SELL,9,False,1,0,1.0,1.0193069999999997
101405,1000,100.02,SELL,7,False,1,0,1.0,0.5347219999999999
101406,200,99.98,BUY,6,False,0,0,0.0,0.0
101407,300,100.05,SELL,7,False,0,0,0.0,0.0
101408,200,99.96,SELL,5,False,0,1,0.0,0.130768
101409,300,100.03,SELL,3,False,0,0,0.0,0.0
101410,100,100.03,BUY,6,False,0,1,0.0,0.4477660000000001
101411,200,100.04,BUY,5,False,1,0,1.0,1.686321
101412,200,99.99,SELL,7,False,0,1,0.0,2.429891
101413,100,100.04,SELL,8,False,0,1,0.0,1.1639229999999998
101414,200,100.0,SELL,1,False,0,0,0.0,0.0
101415,300,100.01,BUY,7,False,0,1,0.0,2.472451
101416,100,100.01,SELL,1,False,0,1,0.0,0.293971
101417,200,99.97,SELL,4,False,0,0,0.0,0.0
101418,500,99.96,SELL,8,False,0,0,0.0,0.0
101419,100,99.99,BUY,4,False,0,1,0.0,1.3200089999999998
101420,200,100.03,BUY,5,False,0,0,0.0,0.0
101421,300,100.01,SELL,5,False,0,0,0.0,0.0
101422,100,100.03,SELL,5,False,0,0,0.0,0.0
101423,200,99.96,BUY,5,False,0,1,0.0,0.765879
101424,200,99.97,BUY,6,False,0,0,0.0,0.0
101425,200,100.01,BUY,6,False,0,0,0.0,0.0
101426,200,100.01,SELL,7,False,1,0,1.0,0.3627459999999998
101427,300,99.98,BUY,8,False,0,1,0.0,2.749714
101428,500,99.96,BUY,9,False,1,0,1.0,0.15267299999999984
101429,300,100.0,BUY,3,False,0,0,0.0,0.0
101430,300,100.02,BUY,7,False,0,1,0.0,2.300153
101431,15000,100.01,BUY,11,True,0,0,0.0,0.0
101432,200,100.01,BUY,8,False,0,1,0.0,0.439435
101433,100,99.96,SELL,4,False,1,0,1.0,0.21012000000000008
101434,100,99.97,SELL,9,False,0,0,0.0,0.0
101435,200,100.0,BUY,2,False,0,0,0.0,0.0
101436,500,99.97,BUY,8,False,0,1,0.0,1.1361979999999998
101437,15000,100.0,SELL,11,True,0,0,0.0,0.0
101438,200,100.05,BUY,1,False,0,0,0.0,0.0
101439,100,100.04,BUY,9,False,0,1,0.0,0.04788100000000006
101440,200,100.04,SELL,4,False,0,0,0.0,0.0
101441,100,100.05,SELL,8,False,0,0,0.0,0.0
101442,100,100.02,BUY,1,False,0,1,0.0,3.07604
101443,100,100.01,SELL,5,False,0,1,0.0,1.412023
101444,500,100.0,SELL,10,False,0,1,0.0,0.9856119999999999
101445,100,99.97,SELL,7,False,0,0,0.0,0.0
101446,300,100.03,BUY,4,False,0,1,0.0,1.812664
101447,100,100.04,SELL,4,False,0,0,0.0,0.0
101448,200,99.98,SELL,8,False,0,0,0.0,0.0
101449,100,99.98,SELL,2,False,1,0,1.0,2.30586
101450,300,100.0,SELL,6,False,0,1,0.0,0.08804800000000013
101451,200,99.95,SELL,9,False,0,1,0.0,3.203448
101452,100,100.0,SELL,4,False,0,0,0.0,0.0
101453,200,99.99,BUY,5,False,0,1,0.0,3.437634
101454,500,100.0,SELL,1,False,0,1,0.0,0.28473400000000004
101455,300,100.01,SELL,10,False,1,0,1.0,0.278807
101456,200,99.99,BUY,1,False,0,0,0.0,0.0
101457,200,100.02,SELL,3,False,0,1,0.0,2.234238
101458,200,99.96,BUY,3,False,0,1,0.0,0.589186
101459,100,100.04,SELL,9,False,0,1,0.0,1.3901929999999998
101460,1000,99.98,SELL,4,False,0,0,0.0,0.0
101461,1000,100.02,BUY,6,False,0,1,0.0,0.18689100000000014
101462,200,100.05,SELL,8,False,0,0,0.0,0.0
101463,500,100.02,SELL,1,False,1,0,1.0,1.1939459999999997
101464,500,99.98,BUY,10,False,0,1,0.0,0.010305000000000009
101465,1000,100.01,BUY,9,False,0,1,0.0,0.12003200000000014
101466,100,100.01,SELL,1,False,0,0,0.0,0.0
101467,200,100.04,BUY,1,False,0,1,0.0,1.2221969999999998
101468,200,99.96,BUY,6,False,0,0,0.0,0.0
101469,100,99.96,SELL,3,False,1,0,1.0,0.11434100000000003
101470,200,99.99,SELL,6,False,0,1,0.0,0.0373190000000001
101471,100,100.04,SELL,1,False,0,0,0.0,0.0
101472,200,100.0,BUY,7,False,0,1,0.0,0.06007700000000016
101473,100,99.99,SELL,3,False,0,1,0.0,0.21302700000000008
101474,100,99.98,SELL,1,False,1,0,1.0,2.419128
101475,100,99.98,BUY,9,False,0,0,0.0,0.0
101476,200,100.04,SELL,5,False,1,0,1.0,0.9897399999999998
101477,200,99.98,SELL,3,False,1,0,1.0,2.870089
101478,300,99.97,SELL,1,False,0,0,0.0,0.0
101479,100,99.98,SELL,8,False,0,1,0.0,1.671389
101480,300,100.04,SELL,6,False,0,0,0.0,0.0
101481,200,100.0,BUY,3,False,0,1,0.0,0.22381800000000007
101482,200,99.98,SELL,4,False,0,1,0.0,0.8189000000000002
101483,200,99.97,SELL,4,False,0,0,0.0,0.0
101484,500,100.02,BUY,8,False,0,1,0.0,3.001695
101485,100,100.02,SELL,10,False,0,0,0.0,0.0
101486,10000,100.0,BUY,11,True,1,0,1.0,1.684072
101487,100,100.02,BUY,6,False,0,1,0.0,0.2597499999999999
101488,100,99.98,SELL,8,False,0,1,0.0,2.7439359999999997
101489,100,99.99,SELL,6,False,0,1,0.0,0.29459899999999983
101490,100,99.95,BUY,10,False,0,1,0.0,0.062322999999999906
101491,100,100.0,SELL,9,False,0,1,0.0,1.0943779999999999
101492,10000,99.99,BUY,11,True,1,0,1.0,0.45165900000000003
101493,200,99.96,SELL,6,False,0,0,0.0,0.0
101494,200,99.97,SELL,3,False,0,1,0.0,3.461703
101495,200,100.01,SELL,8,False,0,0,0.0,0.0
101496,15000,100.0,BUY,11,True,1,0,1.0,2.124855
101497,200,99.97,SELL,9,False,0,0,0.0,0.0
101498,300,99.98,BUY,9,False,0,1,0.0,2.495282
101499,200,100.05,SELL,8,False,0,0,0.0,0.0
101500,100,100.01,BUY,9,False,0,1,0.0,2.299969
101501,500,99.99,BUY,5,False,0,0,0.0,0.0
101502,300,100.03,SELL,1,False,1,0,1.0,3.3296170000000003
101503,5000,100.0,BUY,11,True,1,0,1.0,1.686149
101504,15000,100.0,BUY,11,True,0,0,0.0,0.0
101505,100,100.0,BUY,3,False,0,1,0.0,2.016275
101506,100,99.97,BUY,1,False,0,0,0.0,0.0
101507,200,100.01,BUY,6,False,0,0,0.0,0.0
101508,500,100.01,BUY,10,False,0,1,0.0,1.0061939999999998
101509,15000,99.99,BUY,11,True,1,0,1.0,3.3117010000000002
101510,300,100.0,SELL,4,False,0,0,0.0,0.0
101511,300,100.03,BUY,9,False,0,1,0.0,0.9191260000000001
101512,100,99.99,SELL,7,False,0,0,0.0,0.0
101513,200,99.99,SELL,7,False,0,0,0.0,0.0
101514,300,100.0,SELL,2,False,1,0,1.0,4.1378699999999995
101515,500,99.96,BUY,7,False,0,0,0.0,0.0
101516,200,100.03,BUY,2,False,0,1,0.0,1.721822
101517,10000,99.99,SELL,11,True,0,0,0.0,0.0
101518,15000,100.01,SELL,11,True,0,0,0.0,0.0
101519,200,99.97,SELL,3,False,0,1,0.0,3.150983
101520,200,99.97,SELL,1,False,0,1,0.0,0.740454
101521,300,99.96,BUY,7,False,0,0,0.0,0.0
101522,100,99.95,BUY,6,False,1,0,1.0,0.811191
101523,1000,99.95,BUY,10,False,0,1,0.0,4.021425000000001
101524,300,100.02,BUY,2,False,0,1,0.0,3.7266200000000005
101525,500,100.04,BUY,2,False,1,0,1.0,0.024083000000000077
101526,200,100.02,BUY,10,False,0,1,0.0,0.8570140000000002
101527,1000,99.99,SELL,5,False,0,0,0.0,0.0
101528,15000,100.0,SELL,11,True,0,0,0.0,0.0
101529,5000,99.99,BUY,11,True,0,0,0.0,0.0
101530,200,100.04,BUY,6,False,0,1,0.0,1.851186
101531,200,100.04,SELL,5,False,0,1,0.0,0.020629999999999926
101532,200,99.99,SELL,7,False,0,0,0.0,0.0
101533,200,100.0,BUY,6,False,0,1,0.0,1.500315
101534,200,100.04,BUY,4,False,0,0,0.0,0.0
101535,5000,100.0,SELL,11,True,1,0,1.0,1.8160580000000002
101536,200,99.97,SELL,10,False,0,1,0.0,0.11954100000000012
101537,1000,99.97,SELL,1,False,0,1,0.0,0.08871899999999999
101538,200,99.98,BUY,6,False,0,0,0.0,0.0
101539,200,100.03,BUY,3,False,0,1,0.0,0.9065230000000002
101540,100,100.0,BUY,7,False,0,0,0.0,0.0
101541,500,99.99,BUY,4,False,0,1,0.0,3.315676
101542,200,100.03,SELL,7,False,1,0,1.0,1.1991279999999997
101543,300,100.03,SELL,1,False,0,0,0.0,0.0
101544,200,99.97,BUY,10,False,0,1,0.0,0.5349890000000002
101545,20000,100.01,BUY,11,True,0,0,0.0,0.0
101546,200,100.02,BUY,9,False,0,1,0.0,1.203219
101547,200,100.05,SELL,6,False,0,1,0.0,0.03463599999999989
101548,200,99.97,SELL,8,False,1,0,1.0,0.9716299999999998
101549,15000,100.0,BUY,11,True,0,0,0.0,0.0
101550,200,99.95,BUY,4,False,0,1,0.0,1.3337679999999998
101551,100,99.99,SELL,3,False,0,0,0.0,0.0
101552,100,100.05,SELL,9,False,0,0,0.0,0.0
101553,100,99.98,SELL,2,False,1,0,1.0,0.754596
101554,200,99.98,SELL,4,False,0,1,0.0,2.938046
101555,10000,100.0,SELL,11,True,0,0,0.0,0.0
101556,500,100.05,SELL,9,False,0,1,0.0,1.1578179999999998
101557,100,99.96,SELL,3,False,0,0,0.0,0.0
101558,200,100.04,SELL,3,False,0,1,0.0,3.673613
101559,500,99.98,SELL,1,False,0,0,0.0,0.0
101560,500,99.95,SELL,5,False,1,0,1.0,0.575871
101561,500,100.04,BUY,10,False,0,1,0.0,2.1289740000000004
101562,200,100.0,BUY,5,False,0,1,0.0,0.3796519999999999
101563,300,99.98,SELL,5,False,0,1,0.0,0.8396520000000001
101564,200,100.02,BUY,7,False,0,1,0.0,3.0091900000000003
101565,100,100.01,BUY,6,False,0,0,0.0,0.0
101566,100,100.03,BUY,3,False,1,0,1.0,0.22711400000000004
101567,500,100.03,SELL,4,False,0,1,0.0,0.546608
101568,1000,99.97,BUY,10,False,0,1,0.0,1.058402
101569,100,99.99,SELL,2,False,1,0,1.0,3.8440640000000004
101570,5000,100.0,BUY,11,True,0,0,0.0,0.0
101571,200,99.97,SELL,5,False,0,1,0.0,2.604475
101572,100,100.01,SELL,4,False,0,0,0.0,0.0
101573,200,99.95,SELL,2,False,1,0,1.0,0.9527030000000001
101574,200,100.04,BUY,2,False,0,0,0.0,0.0
101575,100,99.98,BUY,3,False,0,0,0.0,0.0
101576,200,99.98,SELL,3,False,1,0,1.0,0.044140999999999986
101577,300,99.95,SELL,6,False,0,1,0.0,2.564828
101578,100,99.98,BUY,7,False,0,1,0.0,2.9957000000000003
101579,100,100.05,SELL,4,False,0,1,0.0,3.3975079999999998
101580,200,100.0,SELL,4,False,0,1,0.0,1.460148
101581,200,99.99,SELL,4,False,0,0,0.0,0.0
101582,200,100.0,SELL,5,False,0,1,0.0,1.093637
101583,300,100.01,SELL,9,False,0,0,0.0,0.0
101584,500,100.02,BUY,4,False,0,1,0.0,1.6534609999999998
101585,300,99.99,BUY,2,False,0,1,0.0,3.9735169999999997
101586,1000,100.04,BUY,5,False,0,0,0.0,0.0
101587,500,100.02,SELL,2,False,1,0,1.0,0.16277299999999983
101588,100,99.98,SELL,1,False,0,0,0.0,0.0
101589,1000,100.04,BUY,5,False,0,0,0.0,0.0
101590,100,99.98,SELL,6,False,0,0,0.0,0.0
101591,200,99.98,SELL,7,False,0,0,0.0,0.0
101592,100,100.05,SELL,2,False,0,0,0.0,0.0
101593,500,99.95,SELL,4,False,0,1,0.0,0.4632670000000001
101594,10000,100.0,SELL,11,True,1,0,1.0,3.50195
101595,300,99.98,SELL,3,False,0,0,0.0,0.0
101596,500,99.95,SELL,2,False,0,0,0.0,0.0
101597,500,100.01,SELL,6,False,0,1,0.0,1.7264050000000002
101598,500,99.96,SELL,8,False,0,1,0.0,0.2246539999999999
101599,300,100.04,BUY,6,False,0,1,0.0,3.9200269999999997
101600,20000,99.99,SELL,11,True,1,0,1.0,0.1354249999999999
101601,5000,100.01,SELL,11,True,0,0,0.0,0.0
101602,300,99.98,BUY,2,False,0,1,0.0,1.2195799999999999
101603,300,100.05,SELL,9,False,0,0,0.0,0.0
101604,200,99.97,SELL,2,False,1,0,1.0,0.961627
101605,300,100.05,BUY,10,False,0,0,0.0,0.0
101606,200,100.03,BUY,5,False,0,1,0.0,2.2455469999999997
101607,300,100.04,SELL,9,False,0,0,0.0,0.0
101608,300,100.01,BUY,9,False,1,0,1.0,1.819845
101609,100,100.01,BUY,7,False,0,0,0.0,0.0
101610,500,100.01,BUY,1,False,0,1,0.0,0.5733790000000001
101611,100,99.95,SELL,7,False,1,0,1.0,2.246913
101612,500,99.96,SELL,5,False,0,1,0.0,0.8418340000000002
101613,100,99.96,BUY,3,False,0,0,0.0,0.0
101614,200,100.01,SELL,7,False,0,0,0.0,0.0
101615,500,99.98,BUY,1,False,0,0,0.0,0.0
101616,100,99.95,SELL,3,False,0,1,0.0,2.367271
101617,300,100.02,SELL,3,False,0,0,0.0,0.0
101618,100,99.95,SELL,8,False,0,0,0.0,0.0
101619,100,100.01,BUY,3,False,0,0,0.0,0.0
101620,15000,100.0,SELL,11,True,0,0,0.0,0.0
101621,500,100.03,SELL,7,False,1,0,1.0,0.719122
101622,500,100.05,BUY,10,False,0,1,0.0,3.619352
101623,10000,99.99,BUY,11,True,1,0,1.0,0.07803800000000005
101624,200,99.98,BUY,10,False,0,0,0.0,0.0
101625,100,100.02,SELL,3,False,0,0,0.0,0.0
101626,200,100.02,BUY,1,False,1,0,1.0,1.361209
101627,10000,99.99,BUY,11,True,1,0,1.0,1.9246800000000002
101628,300,100.01,SELL,8,False,1,0,1.0,0.8570070000000001
101629,200,99.95,SELL,4,False,0,0,0.0,0.0
101630,500,99.96,SELL,10,False,0,1,0.0,1.700343
101631,100,99.96,SELL,2,False,0,1,0.0,0.97322
101632,100,99.96,SELL,1,False,0,0,0.0,0.0
101633,100,100.01,BUY,9,False,0,0,0.0,0.0
101634,200,99.95,BUY,4,False,0,0,0.0,0.0
101635,300,99.96,BUY,3,False,0,1,0.0,3.9943049999999998
101636,300,100.04,BUY,7,False,0,1,0.0,0.23402100000000003
101637,100,99.96,BUY,5,False,0,1,0.0,0.28296199999999994
101638,300,99.99,BUY,1,False,0,0,0.0,0.0
101639,100,100.02,SELL,4,False,0,1,0.0,1.3604660000000002
101640,200,99.99,SELL,1,False,0,0,0.0,0.0
101641,300,100.04,BUY,7,False,0,1,0.0,1.128384
101642,1000,100.02,BUY,6,False,0,1,0.0,0.11901600000000001
101643,100,100.02,SELL,7,False,0,0,0.0,0.0
101644,500,100.01,SELL,10,False,0,1,0.0,0.21183700000000005
101645,100,100.04,SELL,6,False,0,0,0.0,0.0
101646,300,100.02,BUY,1,False,0,1,0.0,1.670413
101647,500,99.99,SELL,6,False,0,0,0.0,0.0
101648,500,100.02,BUY,9,False,0,1,0.0,0.38382799999999984
101649,100,99.97,BUY,6,False,0,1,0.0,0.7513210000000001
101650,100,100.0,BUY,2,False,1,0,1.0,0.26927600000000007
101651,100,99.95,SELL,5,False,0,1,0.0,0.5881690000000002
101652,200,99.98,BUY,4,False,0,1,0.0,0.28049100000000005
101653,100,100.03,BUY,10,False,0,1,0.0,4.030365
101654,200,99.98,SELL,9,False,1,0,1.0,0.31582599999999994
101655,1000,99.95,BUY,4,False,0,0,0.0,0.0
101656,15000,100.0,SELL,11,True,0,0,0.0,0.0
101657,100,100.0,BUY,1,False,0,1,0.0,0.5941670000000001
101658,100,99.95,SELL,1,False,0,1,0.0,1.0494050000000001
101659,500,99.96,SELL,10,False,0,1,0.0,4.003253000000001
101660,1000,100.01,BUY,8,False,0,1,0.0,0.49822600000000006
101661,200,99.99,SELL,10,False,0,0,0.0,0.0
101662,300,99.99,SELL,5,False,0,1,0.0,0.7899610000000001
101663,100,100.03,BUY,9,False,0,1,0.0,3.1875539999999996
101664,100,99.96,BUY,6,False,0,1,0.0,0.638471
101665,500,100.0,SELL,1,False,1,0,1.0,0.23711099999999985
101666,200,100.04,BUY,7,False,0,0,0.0,0.0
101667,100,99.96,SELL,10,False,0,0,0.0,0.0
101668,200,99.98,BUY,5,False,0,0,0.0,0.0
101669,300,99.97,SELL,7,False,0,1,0.0,1.345504
101670,200,99.95,SELL,1,False,0,0,0.0,0.0
101671,20000,99.99,SELL,11,True,0,0,0.0,0.0
101672,200,100.03,BUY,6,False,0,0,0.0,0.0
101673,100,100.03,BUY,4,False,0,0,0.0,0.0
101674,500,100.02,SELL,9,False,0,0,0.0,0.0
101675,200,99.96,SELL,2,False,0,0,0.0,0.0
101676,100,99.97,SELL,9,False,0,1,0.0,1.692589
101677,100,99.95,SELL,6,False,0,1,0.0,0.6140730000000001
101678,200,99.98,BUY,10,False,0,1,0.0,0.39896200000000004
101679,200,100.05,BUY,3,False,0,0,0.0,0.0
101680,300,100.03,BUY,9,False,1,0,1.0,1.384595
101681,300,100.03,SELL,9,False,1,0,1.0,1.1409070000000001
101682,100,100.02,SELL,3,False,0,1,0.0,0.8993989999999998
101683,100,100.0,BUY,7,False,0,1,0.0,2.451022
101684,100,99.99,SELL,5,False,0,1,0.0,0.14087400000000017
101685,300,99.96,BUY,5,False,0,0,0.0,0.0
101686,500,100.01,BUY,2,False,0,0,0.0,0.0
101687,300,99.97,SELL,1,False,0,1,0.0,0.0027559999999999807
101688,500,100.03,BUY,3,False,0,1,0.0,3.513844
101689,200,99.99,BUY,2,False,0,0,0.0,0.0
101690,500,100.0,SELL,7,False,1,0,1.0,0.04710100000000006
101691,200,100.01,BUY,6,False,0,1,0.0,1.61126
101692,500,100.04,SELL,5,False,0,0,0.0,0.0
101693,500,99.98,SELL,7,False,0,1,0.0,1.7224209999999998
101694,100,100.0,SELL,10,False,0,0,0.0,0.0
101695,500,100.0,SELL,10,False,0,1,0.0,0.8300249999999998
101696,300,100.01,BUY,10,False,0,1,0.0,2.334781
101697,200,99.96,SELL,5,False,0,0,0.0,0.0
101698,200,100.0,SELL,4,False,0,1,0.0,1.2703980000000001
101699,20000,100.0,SELL,11,True,1,0,1.0,0.23919099999999993
101700,10000,99.99,SELL,11,True,1,0,1.0,1.988347
101701,100,100.01,BUY,5,False,0,1,0.0,0.20623199999999997
101702,1000,100.04,SELL,8,False,0,1,0.0,0.14678299999999989
101703,200,100.0,SELL,2,False,1,0,1.0,0.48550799999999983
101704,100,100.0,SELL,9,False,1,0,1.0,0.699856
101705,100,100.02,SELL,1,False,0,1,0.0,1.0848590000000002
101706,100,100.01,BUY,3,False,0,1,0.0,0.75224
101707,200,99.97,BUY,9,False,0,1,0.0,1.392773
101708,300,99.99,SELL,10,False,0,0,0.0,0.0
101709,300,100.04,SELL,7,False,0,1,0.0,3.2856979999999996
101710,100,100.0,SELL,8,False,0,0,0.0,0.0
101711,300,99.95,BUY,4,False,0,0,0.0,0.0
101712,300,99.99,BUY,10,False,0,1,0.0,3.6513540000000004
101713,100,99.96,SELL,7,False,0,1,0.0,0.0705420000000001
101714,200,99.99,BUY,1,False,0,1,0.0,0.6116539999999999
101715,300,99.98,SELL,5,False,0,0,0.0,0.0
101716,100,100.03,BUY,10,False,0,1,0.0,0.24674700000000005
101717,100,100.03,SELL,5,False,0,0,0.0,0.0
101718,200,100.04,SELL,2,False,0,1,0.0,1.723416
101719,300,99.99,SELL,8,False,0,1,0.0,0.094082
101720,100,99.99,SELL,2,False,0,1,0.0,2.516108
101721,1000,99.99,SELL,2,False,0,1,0.0,1.0897249999999998
101722,5000,100.0,SELL,11,True,1,0,1.0,0.24534100000000003
101723,300,99.98,SELL,6,False,0,0,0.0,0.0
101724,100,100.0,BUY,5,False,0,0,0.0,0.0
101725,100,100.02,SELL,6,False,1,0,1.0,0.2604709999999999
101726,200,99.98,SELL,4,False,0,1,0.0,2.7632339999999997
101727,500,100.05,SELL,1,False,0,0,0.0,0.0
101728,100,99.97,SELL,10,False,0,0,0.0,0.0
101729,100,99.95,BUY,4,False,0,1,0.0,2.374057
101730,500,99.97,SELL,10,False,0,1,0.0,2.2397299999999998
101731,200,100.04,SELL,7,False,0,1,0.0,1.517985
101732,200,99.96,SELL,6,False,0,0,0.0,0.0
101733,100,100.01,BUY,9,False,0,0,0.0,0.0
101734,300,100.04,SELL,1,False,0,1,0.0,2.0441960000000003
101735,100,99.99,BUY,9,False,0,1,0.0,0.18696800000000002
101736,100,99.96,BUY,4,False,1,0,1.0,0.330214
101737,300,100.03,BUY,5,False,0,0,0.0,0.0
101738,500,100.0,SELL,3,False,0,0,0.0,0.0
101739,500,99.97,SELL,10,False,0,1,0.0,3.899581
101740,300,99.96,BUY,1,False,0,0,0.0,0.0
101741,300,99.97,SELL,8,False,0,1,0.0,1.923943
101742,200,99.99,BUY,5,False,0,0,0.0,0.0
101743,100,99.98,SELL,10,False,0,0,0.0,0.0
101744,300,99.97,BUY,7,False,0,1,0.0,3.3571639999999996
101745,100,100.0,SELL,4,False,0,0,0.0,0.0
101746,100,99.99,BUY,9,False,0,0,0.0,0.0
101747,200,100.0,BUY,1,False,0,0,0.0,0.0
101748,200,100.0,SELL,2,False,0,0,0.0,0.0
101749,300,100.01,SELL,1,False,0,1,0.0,0.9937739999999999
101750,300,100.05,SELL,2,False,0,0,0.0,0.0
101751,200,100.02,SELL,2,False,0,0,0.0,0.0
101752,1000,100.03,BUY,4,False,0,1,0.0,0.48099899999999995
101753,100,100.0,SELL,6,False,0,1,0.0,1.9639389999999999
101754,100,99.99,BUY,1,False,0,0,0.0,0.0
101755,500,99.99,BUY,8,False,0,0,0.0,0.0
101756,100,100.04,SELL,4,False,1,0,1.0,1.747242
101757,100,100.0,SELL,3,False,1,0,1.0,1.657077
101758,200,99.97,BUY,7,False,1,0,1.0,0.29365299999999994
101759,100,100.03,SELL,7,False,0,0,0.0,0.0
101760,200,99.98,BUY,8,False,0,0,0.0,0.0
101761,100,100.04,SELL,6,False,0,0,0.0,0.0
101762,200,99.97,BUY,8,False,0,0,0.0,0.0
101763,500,100.0,SELL,9,False,0,0,0.0,0.0
101764,10000,100.01,BUY,11,True,0,0,0.0,0.0
101765,5000,99.99,BUY,11,True,0,0,0.0,0.0
101766,200,100.05,SELL,3,False,0,0,0.0,0.0
101767,200,99.98,BUY,9,False,0,1,0.0,0.4145240000000001
101768,100,100.02,SELL,5,False,0,1,0.0,0.505646
101769,200,99.99,BUY,10,False,0,1,0.0,0.945824
101770,100,100.02,SELL,2,False,0,1,0.0,1.5781419999999997
101771,100,100.03,SELL,8,False,0,1,0.0,0.27884700000000007
101772,100,100.01,BUY,8,False,0,0,0.0,0.0
101773,15000,100.01,BUY,11,True,1,0,1.0,3.2320599999999997
101774,200,99.98,BUY,1,False,1,0,1.0,0.051543000000000117
101775,100,100.0,SELL,1,False,0,0,0.0,0.0
101776,1000,100.01,SELL,3,False,0,1,0.0,1.5644230000000001
101777,1000,99.97,SELL,10,False,0,1,0.0,0.188191
101778,200,99.97,SELL,7,False,0,0,0.0,0.0
101779,100,99.98,SELL,5,False,0,1,0.0,0.6754729999999998
101780,100,99.96,SELL,1,False,0,0,0.0,0.0
101781,200,100.0,BUY,4,False,0,1,0.0,3.7116949999999997
101782,200,100.04,SELL,2,False,0,0,0.0,0.0
101783,500,100.03,SELL,1,False,0,0,0.0,0.0
101784,1000,99.99,SELL,3,False,0,0,0.0,0.0
101785,1000,100.0,SELL,4,False,0,0,0.0,0.0
101786,200,100.05,SELL,1,False,0,0,0.0,0.0
101787,100,100.0,SELL,9,False,0,1,0.0,2.276797
101788,100,99.99,SELL,2,False,0,1,0.0,0.9948059999999999
101789,300,100.0,BUY,9,False,0,1,0.0,1.2564749999999998
101790,100,99.96,BUY,8,False,0,0,0.0,0.0
101791,200,99.97,BUY,9,False,0,0,0.0,0.0
101792,200,100.03,BUY,9,False,1,0,1.0,0.36124500000000004
101793,1000,99.96,SELL,6,False,0,0,0.0,0.0
101794,200,99.97,BUY,2,False,0,0,0.0,0.0
101795,100,100.0,SELL,8,False,0,1,0.0,1.37885
101796,200,99.97,BUY,5,False,0,0,0.0,0.0
101797,500,100.0,SELL,7,False,0,0,0.0,0.0
101798,1000,100.04,BUY,4,False,0,1,0.0,0.3703350000000001
101799,15000,100.01,BUY,11,True,1,0,1.0,1.3058649999999998
101800,500,100.0,BUY,2,False,0,0,0.0,0.0
101801,100,100.01,BUY,7,False,0,1,0.0,2.313239
101802,100,100.03,SELL,3,False,0,1,0.0,0.12247699999999995
101803,200,99.97,SELL,8,False,0,1,0.0,1.845642
101804,200,100.03,BUY,5,False,0,0,0.0,0.0
101805,1000,100.04,BUY,5,False,0,1,0.0,3.6944679999999996
101806,500,99.97,BUY,2,False,0,1,0.0,1.0475720000000002
101807,15000,99.99,BUY,11,True,0,0,0.0,0.0
101808,300,99.97,BUY,7,False,0,0,0.0,0.0
101809,200,99.98,SELL,5,False,1,0,1.0,0.7031450000000001
101810,200,100.02,SELL,4,False,0,0,0.0,0.0
101811,100,99.95,SELL,2,False,0,0,0.0,0.0
101812,100,99.96,SELL,9,False,0,1,0.0,0.10236400000000012
101813,200,100.04,BUY,9,False,0,1,0.0,2.244215
101814,15000,100.0,SELL,11,True,1,0,1.0,0.55854
101815,300,100.0,BUY,5,False,0,0,0.0,0.0
101816,100,100.05,BUY,1,False,0,0,0.0,0.0
101817,100,100.0,BUY,1,False,0,0,0.0,0.0
101818,15000,99.99,BUY,11,True,0,0,0.0,0.0
101819,300,100.04,SELL,6,False,0,1,0.0,2.116551
101820,500,100.0,SELL,9,False,0,0,0.0,0.0
101821,100,100.0,SELL,9,False,1,0,1.0,1.140257
101822,100,100.02,SELL,1,False,0,1,0.0,0.1187100000000001
101823,1000,100.04,BUY,1,False,0,0,0.0,0.0
101824,200,99.99,BUY,6,False,0,0,0.0,0.0
101825,300,100.01,SELL,7,False,0,0,0.0,0.0
101826,100,100.05,SELL,9,False,0,0,0.0,0.0
101827,200,100.03,BUY,3,False,0,0,0.0,0.0
101828,300,100.01,SELL,10,False,0,1,0.0,1.2139749999999998
101829,200,99.96,BUY,10,False,0,1,0.0,2.521963
101830,200,100.04,BUY,2,False,1,0,1.0,0.09750300000000012
101831,100,99.99,SELL,4,False,0,0,0.0,0.0
101832,10000,100.0,BUY,11,True,0,0,0.0,0.0
101833,300,99.96,SELL,6,False,0,1,0.0,2.590599
101834,1000,100.02,SELL,3,False,1,0,1.0,0.17125999999999997
101835,500,100.0,BUY,3,False,0,0,0.0,0.0
101836,500,99.98,BUY,8,False,0,1,0.0,2.2544259999999996
101837,100,99.97,BUY,1,False,0,0,0.0,0.0
101838,300,100.01,SELL,9,False,0,0,0.0,0.0
101839,1000,99.97,SELL,7,False,0,1,0.0,0.939813
101840,300,99.98,SELL,4,False,1,0,1.0,3.7671419999999998
101841,200,100.03,BUY,1,False,1,0,1.0,0.26125299999999996
101842,500,99.95,SELL,2,False,0,1,0.0,1.441591
101843,10000,100.01,BUY,11,True,0,0,0.0,0.0
101844,10000,100.01,BUY,11,True,1,0,1.0,3.1102629999999998
101845,300,100.0,BUY,1,False,0,0,0.0,0.0
101846,100,100.0,SELL,2,False,0,0,0.0,0.0
101847,10000,100.01,BUY,11,True,1,0,1.0,1.3631600000000001
101848,200,100.05,BUY,6,False,0,0,0.0,0.0
101849,200,100.04,BUY,5,False,0,0,0.0,0.0
101850,1000,99.96,BUY,8,False,0,0,0.0,0.0
101851,5000,99.99,BUY,11,True,1,0,1.0,0.040046999999999944
101852,100,99.99,SELL,7,False,0,1,0.0,0.20519999999999983
101853,100,99.99,BUY,6,False,0,0,0.0,0.0
101854,10000,100.0,SELL,11,True,1,0,1.0,1.650875
101855,300,100.03,SELL,3,False,0,0,0.0,0.0
101856,300,99.98,BUY,7,False,0,1,0.0,0.7195640000000001
101857,500,99.98,SELL,9,False,0,1,0.0,1.7883049999999998
101858,100,100.0,BUY,8,False,0,1,0.0,0.44069100000000017
101859,200,99.98,BUY,6,False,0,0,0.0,0.0
101860,300,100.04,BUY,5,False,0,0,0.0,0.0
101861,100,99.96,BUY,10,False,0,1,0.0,0.13694300000000004
101862,100,100.01,BUY,5,False,0,1,0.0,0.3221689999999999
101863,300,99.97,BUY,2,False,0,1,0.0,1.5355590000000001
101864,100,100.04,BUY,9,False,0,1,0.0,0.9364419999999998
101865,500,100.02,SELL,5,False,0,1,0.0,1.1831409999999998
101866,300,100.05,BUY,9,False,0,1,0.0,3.295438
101867,300,99.98,BUY,8,False,0,1,0.0,0.6009099999999998
101868,200,100.0,BUY,1,False,0,0,0.0,0.0
101869,500,99.97,BUY,7,False,0,1,0.0,3.1026759999999998
101870,200,99.98,SELL,2,False,0,1,0.0,0.8821269999999999
101871,200,100.01,BUY,2,False,0,0,0.0,0.0
101872,10000,100.01,BUY,11,True,0,1,0.0,0.6228170000000002
101873,300,100.05,BUY,1,False,0,1,0.0,0.20687600000000006
101874,500,100.01,BUY,10,False,0,1,0.0,0.5672119999999998
101875,100,100.03,SELL,9,False,1,0,1.0,0.7605659999999999
101876,100,99.99,SELL,10,False,0,0,0.0,0.0
101877,300,100.0,BUY,4,False,0,0,0.0,0.0
101878,100,100.01,SELL,4,False,0,1,0.0,1.0918960000000002
101879,300,99.97,BUY,5,False,0,0,0.0,0.0
101880,300,99.96,SELL,3,False,0,0,0.0,0.0
101881,500,99.95,SELL,10,False,0,1,0.0,0.6824859999999999
101882,200,99.98,BUY,8,False,0,0,0.0,0.0
101883,100,99.97,BUY,1,False,0,1,0.0,1.5506360000000001
101884,5000,100.0,SELL,11,True,1,0,1.0,0.533482
101885,200,100.04,BUY,5,False,0,0,0.0,0.0
101886,100,100.03,SELL,6,False,0,1,0.0,0.21470100000000003
101887,200,99.96,BUY,7,False,1,0,1.0,0.8171159999999997
101888,500,100.01,BUY,4,False,0,0,0.0,0.0
101889,15000,100.0,BUY,11,True,0,0,0.0,0.0
101890,200,100.0,BUY,10,False,0,1,0.0,0.1946159999999999
101891,100,100.0,SELL,9,False,0,1,0.0,0.7476550000000002
101892,100,99.99,SELL,2,False,0,0,0.0,0.0
101893,200,100.02,SELL,10,False,0,1,0.0,0.667918
101894,100,100.0,BUY,7,False,1,0,1.0,2.433822
101895,200,99.99,SELL,3,False,0,1,0.0,3.7451649999999996
101896,300,99.99,SELL,9,False,0,0,0.0,0.0
101897,1000,100.02,BUY,3,False,0,1,0.0,0.4039919999999999
101898,500,99.97,SELL,1,False,0,0,0.0,0.0
101899,100,99.99,SELL,5,False,0,1,0.0,0.9918539999999998
101900,300,100.04,BUY,2,False,0,0,0.0,0.0
101901,100,100.04,BUY,10,False,0,0,0.0,0.0
101902,100,100.05,SELL,3,False,0,1,0.0,0.12255000000000016
101903,200,99.99,SELL,10,False,0,0,0.0,0.0
101904,100,100.0,BUY,9,False,0,0,0.0,0.0
101905,100,99.99,BUY,1,False,1,0,1.0,1.634051
101906,200,99.96,BUY,9,False,0,1,0.0,1.3789840000000002
101907,200,99.96,BUY,9,False,0,0,0.0,0.0
101908,1000,99.96,SELL,8,False,1,0,1.0,0.9062509999999999
101909,100,100.04,BUY,4,False,0,0,0.0,0.0
101910,100,99.99,SELL,3,False,0,1,0.0,2.3857869999999997
101911,300,100.01,SELL,3,False,1,0,1.0,0.72394
101912,100,100.0,SELL,1,False,0,1,0.0,0.9399979999999999
101913,200,100.03,BUY,8,False,1,0,1.0,0.10850800000000005
101914,100,99.97,SELL,6,False,0,0,0.0,0.0
101915,200,99.99,SELL,10,False,1,0,1.0,0.497633
101916,300,99.99,SELL,9,False,1,0,1.0,0.12035299999999993
101917,200,99.98,BUY,10,False,0,1,0.0,3.322535
101918,200,99.98,SELL,8,False,0,0,0.0,0.0
101919,100,100.02,SELL,4,False,0,0,0.0,0.0
101920,100,100.03,BUY,8,False,0,1,0.0,3.64575
101921,100,100.03,SELL,1,False,0,1,0.0,0.537496
101922,10000,100.0,BUY,11,True,1,0,1.0,1.962241
101923,100,100.05,BUY,2,False,0,1,0.0,0.042702999999999935
101924,200,99.98,SELL,1,False,0,0,0.0,0.0
101925,200,100.0,BUY,4,False,0,1,0.0,2.1261349999999997
101926,100,100.04,BUY,2,False,0,1,0.0,3.059501
101927,500,99.96,SELL,7,False,0,0,0.0,0.0
101928,200,100.0,BUY,5,False,0,0,0.0,0.0
101929,100,99.97,BUY,2,False,0,0,0.0,0.0
101930,100,100.01,SELL,1,False,0,1,0.0,1.550401
101931,300,100.02,BUY,10,False,0,0,0.0,0.0
101932,500,100.04,BUY,10,False,1,0,1.0,0.04518500000000003
101933,100,99.95,BUY,7,False,0,1,0.0,1.5750279999999999
101934,200,99.97,BUY,7,False,0,1,0.0,1.087922
101935,500,99.96,BUY,2,False,0,1,0.0,0.5892919999999997
101936,100,99.95,BUY,4,False,0,0,0.0,0.0
101937,100,99.96,BUY,7,False,0,1,0.0,1.657351
101938,300,100.04,SELL,10,False,0,0,0.0,0.0
101939,500,100.05,SELL,10,False,0,0,0.0,0.0
101940,20000,100.01,BUY,11,True,1,0,1.0,0.00875300000000001
101941,100,100.0,SELL,2,False,0,0,0.0,0.0
101942,100,99.98,SELL,8,False,0,0,0.0,0.0
101943,300,99.97,BUY,3,False,0,1,0.0,2.481923
101944,200,100.04,SELL,10,False,0,1,0.0,1.4430649999999998
101945,20000,100.0,BUY,11,True,0,0,0.0,0.0
101946,200,99.97,BUY,5,False,0,1,0.0,0.16742400000000002
101947,20000,100.0,BUY,11,True,0,0,0.0,0.0
101948,100,100.01,BUY,5,False,0,1,0.0,3.137628
101949,100,100.04,BUY,3,False,0,1,0.0,0.436974
101950,100,99.96,BUY,7,False,0,1,0.0,0.5511460000000001
101951,200,99.99,SELL,9,False,0,1,0.0,0.03403200000000006
101952,100,100.03,SELL,5,False,0,0,0.0,0.0
101953,300,100.04,BUY,6,False,0,0,0.0,0.0
101954,100,100.04,BUY,6,False,1,0,1.0,0.506597
101955,500,99.98,BUY,7,False,0,1,0.0,1.2398109999999998
101956,100,99.97,BUY,10,False,0,0,0.0,0.0
101957,10000,99.99,BUY,11,True,1,0,1.0,0.341348
101958,100,100.02,SELL,8,False,0,0,0.0,0.0
101959,200,100.02,SELL,8,False,0,1,0.0,2.208413
101960,20000,99.99,SELL,11,True,0,0,0.0,0.0
101961,15000,100.01,SELL,11,True,1,0,1.0,3.2271849999999995
101962,200,99.97,BUY,1,False,0,0,0.0,0.0
101963,100,100.03,BUY,9,False,1,0,1.0,0.8882970000000001
101964,300,100.03,BUY,4,False,0,1,0.0,0.3749990000000001
101965,300,100.04,SELL,4,False,0,1,0.0,0.042485000000000106
101966,300,99.97,BUY,3,False,0,1,0.0,1.880602
101967,200,99.95,SELL,7,False,0,1,0.0,1.339344
101968,500,100.03,SELL,5,False,0,1,0.0,0.523334
101969,300,100.05,SELL,8,False,1,0,1.0,2.317829
101970,100,100.04,BUY,9,False,0,1,0.0,0.07476499999999997
101971,200,99.98,BUY,4,False,0,0,0.0,0.0
101972,100,99.96,SELL,8,False,0,0,0.0,0.0
101973,5000,100.0,SELL,11,True,1,0,1.0,0.38966199999999995
101974,200,99.97,SELL,4,False,1,0,1.0,0.7955790000000003
101975,15000,99.99,SELL,11,True,1,0,1.0,1.690025
101976,1000,100.03,BUY,10,False,0,1,0.0,0.03295500000000007
101977,200,100.03,SELL,10,False,1,0,1.0,0.9955970000000001
101978,500,99.99,SELL,4,False,0,0,0.0,0.0
101979,100,99.97,BUY,1,False,0,1,0.0,0.3055399999999999
101980,300,99.96,BUY,4,False,0,0,0.0,0.0
101981,200,100.0,SELL,6,False,0,1,0.0,0.033042000000000016
101982,100,99.99,SELL,3,False,0,1,0.0,1.136699
101983,500,100.04,BUY,8,False,0,0,0.0,0.0
101984,100,99.97,BUY,1,False,0,1,0.0,0.30497600000000014
101985,300,99.96,SELL,10,False,0,0,0.0,0.0
101986,500,100.03,BUY,9,False,0,0,0.0,0.0
101987,300,99.99,SELL,9,False,0,1,0.0,0.04784999999999995
101988,200,100.04,SELL,10,False,1,0,1.0,0.09658100000000003
101989,300,99.97,BUY,1,False,0,1,0.0,0.687314
101990,200,99.96,BUY,1,False,0,0,0.0,0.0
101991,200,100.04,BUY,10,False,0,0,0.0,0.0
101992,300,99.97,SELL,6,False,1,0,1.0,0.2907660000000001
101993,5000,100.0,SELL,11,True,1,0,1.0,2.3625629999999997
101994,200,99.97,BUY,9,False,0,1,0.0,1.3783720000000002
101995,15000,100.0,BUY,11,True,1,0,1.0,1.63388
101996,200,100.05,BUY,2,False,0,0,0.0,0.0
101997,100,100.0,BUY,1,False,0,0,0.0,0.0
101998,300,100.04,BUY,4,False,0,0,0.0,0.0
101999,200,100.04,BUY,9,False,1,0,1.0,0.15181500000000003
102000,500,99.97,SELL,8,False,0,1,0.0,0.8350170000000001
102001,300,100.0,SELL,2,False,0,1,0.0,1.3318610000000002
102002,300,100.03,SELL,10,False,0,1,0.0,2.1324509999999997
102003,100,100.01,SELL,8,False,0,1,0.0,0.7870159999999999
102004,10000,100.01,SELL,11,True,0,0,0.0,0.0
102005,100,100.03,SELL,9,False,0,0,0.0,0.0
102006,100,99.97,BUY,4,False,0,0,0.0,0.0
102007,500,100.02,BUY,1,False,0,1,0.0,0.22813799999999995
102008,200,100.02,BUY,10,False,0,1,0.0,0.2502
102009,300,99.98,SELL,2,False,0,0,0.0,0.0
102010,100,100.0,BUY,9,False,0,0,0.0,0.0
102011,300,100.01,BUY,2,False,0,1,0.0,0.18485400000000007
102012,200,99.99,SELL,1,False,0,1,0.0,1.1538459999999997
102013,200,99.96,SELL,3,False,0,0,0.0,0.0
102014,200,99.95,BUY,5,False,0,1,0.0,0.046348999999999974
102015,200,99.96,BUY,7,False,0,0,0.0,0.0
102016,100,99.97,BUY,4,False,0,1,0.0,0.39614300000000013
102017,200,99.98,BUY,4,False,0,1,0.0,1.666172
102018,300,100.02,SELL,5,False,0,1,0.0,3.154642
102019,1000,99.99,BUY,4,False,0,0,0.0,0.0
102020,500,99.99,BUY,1,False,0,1,0.0,0.16010899999999983
102021,100,100.0,SELL,3,False,0,0,0.0,0.0
102022,300,99.97,SELL,9,False,0,1,0.0,2.9580459999999995
102023,200,100.03,BUY,6,False,0,1,0.0,0.29597399999999996
102024,100,100.01,SELL,7,False,0,0,0.0,0.0
102025,300,100.0,BUY,2,False,1,0,1.0,0.42560599999999993
102026,200,99.96,SELL,8,False,0,0,0.0,0.0
102027,500,100.04,SELL,3,False,0,1,0.0,0.590668
102028,200,100.0,BUY,7,False,0,0,0.0,0.0
102029,300,100.02,SELL,1,False,1,0,1.0,1.648185
102030,100,100.03,SELL,4,False,0,1,0.0,1.550751
102031,100,100.0,BUY,8,False,0,1,0.0,1.5935989999999998
102032,200,100.0,SELL,8,False,0,0,0.0,0.0
102033,200,100.01,SELL,6,False,0,0,0.0,0.0
102034,200,100.04,BUY,4,False,0,0,0.0,0.0
102035,100,100.04,BUY,9,False,0,0,0.0,0.0
102036,5000,100.0,BUY,11,True,0,0,0.0,0.0
102037,300,99.99,BUY,7,False,0,0,0.0,0.0
102038,1000,100.04,SELL,4,False,0,1,0.0,0.10173500000000013
102039,100,99.95,BUY,8,False,0,0,0.0,0.0
102040,300,99.99,SELL,9,False,0,1,0.0,0.38681699999999997
102041,100,100.03,SELL,9,False,0,0,0.0,0.0
102042,100,99.96,BUY,9,False,0,0,0.0,0.0
102043,100,100.04,BUY,4,False,0,1,0.0,0.07302900000000001
102044,300,100.05,BUY,3,False,0,1,0.0,3.7584509999999995
102045,300,100.04,BUY,10,False,1,0,1.0,2.454663
102046,100,99.96,BUY,3,False,1,0,1.0,0.491873
102047,200,100.01,BUY,6,False,0,0,0.0,0.0
102048,200,100.02,BUY,4,False,1,0,1.0,0.5930229999999999
102049,500,100.04,SELL,5,False,0,1,0.0,0.39557200000000003
102050,100,99.96,SELL,4,False,0,0,0.0,0.0
102051,100,99.99,SELL,10,False,0,1,0.0,0.5028879999999998
102052,300,99.99,BUY,3,False,0,0,0.0,0.0
102053,200,99.96,BUY,1,False,0,1,0.0,3.711759
102054,15000,100.01,BUY,11,True,1,0,1.0,3.306852
102055,100,99.99,SELL,1,False,0,0,0.0,0.0
102056,100,99.99,BUY,9,False,1,0,1.0,0.300581
102057,300,99.97,BUY,4,False,0,1,0.0,0.8532650000000002
102058,300,100.05,BUY,6,False,0,0,0.0,0.0
102059,15000,100.01,BUY,11,True,0,0,0.0,0.0
102060,200,100.05,BUY,2,False,0,0,0.0,0.0
102061,200,99.97,BUY,5,False,0,0,0.0,0.0
102062,200,99.96,SELL,7,False,1,0,1.0,0.39965000000000006
102063,100,99.99,BUY,3,False,0,1,0.0,0.13877099999999998
102064,200,100.04,SELL,9,False,0,0,0.0,0.0
102065,200,99.99,SELL,2,False,0,1,0.0,1.790265
102066,100,99.95,BUY,9,False,0,1,0.0,0.0427519999999999
102067,500,100.01,BUY,8,False,0,0,0.0,0.0
102068,500,100.04,SELL,5,False,0,0,0.0,0.0
102069,100,99.97,SELL,8,False,0,1,0.0,0.664336
102070,100,99.97,SELL,1,False,0,1,0.0,2.4964799999999996
102071,1000,99.99,SELL,5,False,0,0,0.0,0.0
102072,200,100.05,SELL,5,False,0,1,0.0,0.0037279999999999536
102073,100,100.01,SELL,10,False,0,1,0.0,0.2360119999999999
102074,200,99.98,BUY,6,False,0,0,0.0,0.0
102075,200,99.96,BUY,8,False,0,0,0.0,0.0
102076,200,100.02,BUY,5,False,0,1,0.0,0.04998199999999997
102077,15000,99.99,SELL,11,True,0,0,0.0,0.0
102078,300,100.05,SELL,3,False,0,0,0.0,0.0
102079,100,100.01,SELL,4,False,0,1,0.0,0.8569199999999999
102080,300,100.01,BUY,7,False,0,1,0.0,0.22160100000000016
102081,200,100.03,SELL,4,False,0,0,0.0,0.0
102082,300,100.0,SELL,1,False,0,0,0.0,0.0
102083,100,99.97,SELL,10,False,0,0,0.0,0.0
102084,100,99.97,BUY,2,False,1,0,1.0,1.188715
102085,200,99.95,SELL,2,False,0,1,0.0,2.5437839999999996
102086,200,100.05,SELL,4,False,0,0,0.0,0.0
102087,300,100.02,BUY,5,False,0,1,0.0,3.149801
102088,100,99.98,SELL,8,False,0,0,0.0,0.0
102089,100,99.99,BUY,5,False,0,1,0.0,0.7990920000000001
102090,200,99.96,SELL,10,False,0,1,0.0,1.5025639999999998
102091,100,100.03,SELL,8,False,0,1,0.0,0.5433070000000002
102092,300,100.03,SELL,3,False,1,0,1.0,0.43537800000000004
102093,200,100.0,SELL,10,False,0,1,0.0,0.06311599999999995
102094,100,100.02,BUY,1,False,0,0,0.0,0.0
102095,100,100.01,SELL,8,False,1,0,1.0,0.18055199999999982
102096,5000,100.0,SELL,11,True,1,0,1.0,0.996181
102097,100,100.04,BUY,2,False,0,1,0.0,0.37880400000000014
102098,200,99.97,BUY,10,False,0,1,0.0,1.1732599999999997
102099,100,99.97,BUY,1,False,0,1,0.0,0.9139380000000001
102100,100,100.02,BUY,6,False,0,0,0.0,0.0
102101,500,99.98,SELL,5,False,0,1,0.0,2.234124
102102,300,99.98,SELL,5,False,0,0,0.0,0.0
102103,200,99.96,BUY,3,False,0,0,0.0,0.0
102104,200,99.96,SELL,7,False,0,0,0.0,0.0
102105,1000,99.97,BUY,4,False,0,1,0.0,1.180864
102106,300,99.99,BUY,5,False,0,0,0.0,0.0
102107,300,100.0,BUY,2,False,0,0,0.0,0.0
102108,500,100.01,SELL,6,False,0,1,0.0,1.8792550000000001
102109,300,99.97,BUY,5,False,0,1,0.0,1.686772
102110,300,99.98,SELL,8,False,1,0,1.0,0.35589800000000005
102111,200,99.98,BUY,1,False,1,0,1.0,1.161872
102112,100,100.01,SELL,6,False,0,1,0.0,0.7676700000000001
102113,10000,100.0,BUY,11,True,0,0,0.0,0.0
102114,5000,100.0,BUY,11,True,1,0,1.0,0.329585
102115,200,99.96,BUY,4,False,0,0,0.0,0.0
102116,200,100.04,SELL,6,False,0,1,0.0,1.125122
102117,100,100.03,SELL,9,False,0,0,0.0,0.0
102118,500,99.99,BUY,4,False,0,0,0.0,0.0
102119,500,100.04,BUY,10,False,0,1,0.0,2.136865
102120,100,99.98,BUY,9,False,0,1,0.0,1.8695410000000001
102121,200,100.0,SELL,3,False,0,0,0.0,0.0
102122,300,100.03,SELL,3,False,0,1,0.0,0.805733
102123,200,100.04,SELL,7,False,0,1,0.0,0.12265999999999999
102124,15000,100.01,SELL,11,True,0,0,0.0,0.0
102125,300,100.0,SELL,8,False,1,0,1.0,0.7242219999999999
102126,200,99.96,SELL,4,False,0,0,0.0,0.0
102127,300,99.95,SELL,7,False,0,0,0.0,0.0
102128,200,99.96,BUY,3,False,0,1,0.0,1.2227769999999998
102129,100,100.04,BUY,3,False,0,0,0.0,0.0
102130,200,100.02,SELL,10,False,0,1,0.0,1.296832
102131,1000,100.02,BUY,6,False,0,0,0.0,0.0
102132,100,100.01,BUY,4,False,0,0,0.0,0.0
102133,300,99.98,BUY,4,False,0,1,0.0,2.4481219999999997
102134,100,100.02,SELL,1,False,0,0,0.0,0.0
102135,300,99.95,SELL,5,False,0,0,0.0,0.0
102136,500,100.03,BUY,4,False,0,0,0.0,0.0
102137,100,100.03,BUY,7,False,1,0,1.0,0.4321360000000001
102138,500,99.99,BUY,7,False,0,1,0.0,0.7558180000000001
102139,100,100.02,SELL,8,False,0,1,0.0,2.251893
102140,100,100.01,BUY,10,False,0,1,0.0,1.6968479999999997
102141,100,99.97,BUY,9,False,0,1,0.0,2.345186
102142,300,99.97,SELL,2,False,0,1,0.0,1.607892
102143,200,100.02,BUY,10,False,0,0,0.0,0.0
102144,100,100.04,SELL,10,False,0,0,0.0,0.0
102145,200,100.04,SELL,1,False,0,0,0.0,0.0
102146,100,99.95,SELL,3,False,1,0,1.0,0.11777100000000007
102147,500,99.99,BUY,7,False,0,1,0.0,1.011798
102148,100,99.99,BUY,5,False,1,0,1.0,0.24085699999999988
102149,500,100.04,SELL,10,False,1,0,1.0,1.14931
102150,500,100.0,BUY,10,False,0,1,0.0,3.1010039999999996
102151,500,100.04,BUY,4,False,0,0,0.0,0.0
102152,200,99.95,BUY,4,False,0,1,0.0,0.6588070000000001
102153,100,99.98,BUY,1,False,0,1,0.0,3.6878710000000003
102154,200,99.96,BUY,7,False,0,0,0.0,0.0
102155,100,99.98,BUY,5,False,0,0,0.0,0.0
102156,100,100.03,BUY,2,False,0,0,0.0,0.0
102157,5000,100.0,BUY,11,True,1,0,1.0,0.9704549999999998
102158,500,100.0,BUY,1,False,0,0,0.0,0.0
102159,300,99.99,BUY,2,False,1,0,1.0,0.3967320000000001
102160,200,100.02,SELL,2,False,0,1,0.0,2.113956
102161,500,100.01,BUY,3,False,0,1,0.0,0.5898039999999998
102162,100,99.96,SELL,1,False,0,0,0.0,0.0
102163,100,99.97,BUY,9,False,0,0,0.0,0.0
102164,100,100.03,SELL,4,False,0,0,0.0,0.0
102165,100,100.01,SELL,7,False,0,0,0.0,0.0
102166,100,100.02,BUY,9,False,1,0,1.0,0.8249230000000001
102167,100,99.99,SELL,5,False,1,0,1.0,1.7272549999999998
102168,200,100.02,BUY,9,False,0,1,0.0,1.8220100000000001
102169,200,99.95,SELL,4,False,0,0,0.0,0.0
102170,200,99.99,BUY,5,False,0,1,0.0,1.013805
102171,100,100.04,BUY,3,False,0,0,0.0,0.0
102172,100,99.98,BUY,6,False,0,0,0.0,0.0
102173,300,99.96,SELL,8,False,0,1,0.0,0.992523
102174,100,100.05,SELL,6,False,0,0,0.0,0.0
102175,300,100.02,BUY,2,False,0,1,0.0,0.10789500000000007
102176,15000,100.0,SELL,11,True,1,0,1.0,1.7365410000000001
102177,300,99.99,SELL,10,False,0,0,0.0,0.0
102178,100,100.02,BUY,10,False,0,0,0.0,0.0
102179,200,99.97,BUY,4,False,0,0,0.0,0.0
102180,200,99.97,BUY,4,False,0,0,0.0,0.0
102181,100,100.05,SELL,6,False,0,0,0.0,0.0
102182,300,100.02,BUY,7,False,0,1,0.0,3.672219
102183,100,99.99,BUY,2,False,0,0,0.0,0.0
102184,5000,100.01,SELL,11,True,1,0,1.0,2.9087819999999995
102185,15000,100.0,BUY,11,True,0,0,0.0,0.0
102186,100,99.99,SELL,4,False,0,1,0.0,2.1214770000000005
102187,300,99.95,BUY,7,False,0,0,0.0,0.0
102188,100,99.98,BUY,10,False,1,0,1.0,0.21379000000000015
102189,300,99.96,BUY,8,False,0,0,0.0,0.0
102190,100,100.01,SELL,3,False,0,1,0.0,0.08477800000000002
102191,15000,100.0,SELL,11,True,1,0,1.0,2.7173290000000003
102192,100,99.97,SELL,10,False,0,0,0.0,0.0
102193,500,99.98,BUY,10,False,1,0,1.0,2.1963730000000004
102194,100,99.98,BUY,8,False,0,0,0.0,0.0
102195,300,100.03,BUY,4,False,0,1,0.0,0.62826
102196,200,99.99,BUY,9,False,0,0,0.0,0.0
102197,100,99.99,BUY,6,False,0,0,0.0,0.0
102198,10000,99.99,BUY,11,True,0,0,0.0,0.0
102199,300,99.97,BUY,3,False,0,0,0.0,0.0
102200,200,99.97,BUY,10,False,0,0,0.0,0.0
102201,1000,99.97,BUY,1,False,0,1,0.0,1.854685
102202,100,100.0,SELL,2,False,0,1,0.0,0.9491070000000001
102203,1000,99.96,BUY,9,False,0,0,0.0,0.0
102204,1000,100.05,BUY,8,False,0,0,0.0,0.0
102205,300,99.96,SELL,10,False,0,0,0.0,0.0
102206,200,100.01,BUY,2,False,0,1,0.0,2.5474830000000006
102207,100,99.99,BUY,9,False,0,1,0.0,0.23415699999999995
102208,300,100.04,SELL,4,False,0,0,0.0,0.0
102209,200,99.98,BUY,1,False,0,0,0.0,0.0
102210,200,100.02,BUY,1,False,0,0,0.0,0.0
102211,500,100.01,SELL,9,False,0,1,0.0,1.364761
102212,100,100.01,SELL,1,False,0,0,0.0,0.0
102213,100,100.04,SELL,2,False,0,1,0.0,0.04391900000000004
102214,100,99.96,SELL,5,False,1,0,1.0,0.32331299999999996
102215,100,99.96,SELL,6,False,0,0,0.0,0.0
102216,100,100.01,BUY,3,False,0,1,0.0,2.190414
102217,200,99.97,SELL,9,False,0,1,0.0,1.3462920000000003
102218,300,99.98,SELL,7,False,0,1,0.0,0.14981900000000015
102219,300,100.04,SELL,3,False,0,1,0.0,1.220506
102220,200,100.04,BUY,6,False,0,1,0.0,3.146312
102221,15000,99.99,SELL,11,True,1,0,1.0,1.2750419999999998
102222,300,100.02,SELL,10,False,0,0,0.0,0.0
102223,200,99.95,SELL,9,False,0,1,0.0,1.785557
102224,200,100.05,BUY,10,False,0,0,0.0,0.0
102225,100,100.05,BUY,10,False,1,0,1.0,0.1483080000000001
102226,200,99.96,BUY,9,False,0,0,0.0,0.0
102227,100,100.04,SELL,2,False,0,1,0.0,2.149011
102228,100,100.01,BUY,8,False,0,0,0.0,0.0
102229,100,99.99,BUY,2,False,0,1,0.0,3.059133
102230,300,99.97,SELL,5,False,0,1,0.0,1.790062
102231,200,100.01,BUY,10,False,0,0,0.0,0.0
102232,300,99.99,BUY,5,False,1,0,1.0,2.6924210000000004
102233,200,100.05,BUY,2,False,0,1,0.0,1.3181829999999999
102234,5000,99.99,SELL,11,True,1,0,1.0,2.703004
102235,100,100.05,SELL,8,False,0,0,0.0,0.0
102236,500,100.0,SELL,1,False,0,0,0.0,0.0
102237,300,100.03,SELL,7,False,0,0,0.0,0.0
102238,10000,100.0,BUY,11,True,1,0,1.0,0.7215039999999999
102239,100,100.02,SELL,7,False,0,1,0.0,3.4496949999999997
102240,100,99.96,SELL,4,False,0,1,0.0,0.11108800000000008
102241,300,100.03,BUY,8,False,0,1,0.0,2.0839019999999997
102242,300,100.03,SELL,1,False,0,1,0.0,0.108684
102243,300,100.04,SELL,3,False,1,0,1.0,0.5191570000000001
102244,100,100.0,SELL,6,False,0,0,0.0,0.0
102245,100,99.97,SELL,8,False,0,0,0.0,0.0
102246,200,99.96,SELL,2,False,0,0,0.0,0.0
102247,200,100.03,SELL,1,False,0,0,0.0,0.0
102248,200,99.99,BUY,9,False,0,0,0.0,0.0
102249,10000,99.99,SELL,11,True,0,0,0.0,0.0
102250,200,99.98,SELL,3,False,0,1,0.0,0.4517439999999999
102251,200,100.02,BUY,3,False,0,0,0.0,0.0
102252,100,99.97,BUY,5,False,0,0,0.0,0.0
102253,300,100.01,SELL,10,False,0,1,0.0,2.8487780000000003
102254,300,99.99,BUY,5,False,0,0,0.0,0.0
102255,100,100.03,SELL,2,False,0,1,0.0,2.8165059999999995
102256,300,100.04,BUY,2,False,0,1,0.0,2.809252
102257,15000,100.0,BUY,11,True,0,0,0.0,0.0
102258,200,100.0,SELL,1,False,0,0,0.0,0.0
102259,300,100.0,SELL,5,False,0,1,0.0,0.00031799999999981843
102260,200,100.03,BUY,1,False,0,0,0.0,0.0
102261,300,100.03,BUY,6,False,0,0,0.0,0.0
102262,20000,100.0,BUY,11,True,1,0,1.0,0.037242
102263,300,99.96,BUY,6,False,0,1,0.0,1.9227889999999999
102264,300,100.04,BUY,2,False,0,0,0.0,0.0
102265,100,99.99,SELL,6,False,0,0,0.0,0.0
102266,100,100.02,BUY,9,False,0,0,0.0,0.0
102267,200,100.0,SELL,6,False,0,1,0.0,0.011471000000000009
102268,10000,100.01,BUY,11,True,0,0,0.0,0.0
102269,100,99.98,BUY,6,False,0,1,0.0,0.020850000000000035
102270,300,100.02,BUY,5,False,0,0,0.0,0.0
102271,100,99.97,SELL,7,False,0,1,0.0,1.640328
102272,200,100.01,SELL,6,False,1,0,1.0,1.5946950000000002
102273,100,99.99,BUY,8,False,0,1,0.0,2.8562439999999993
102274,300,100.0,SELL,6,False,0,0,0.0,0.0
102275,300,100.0,BUY,7,False,0,1,0.0,0.3624599999999998
102276,200,100.01,SELL,4,False,1,0,1.0,2.673961
102277,300,99.96,SELL,6,False,0,0,0.0,0.0
102278,200,100.01,SELL,9,False,0,1,0.0,0.3039100000000001
102279,200,99.98,BUY,8,False,0,0,0.0,0.0
102280,200,99.95,BUY,4,False,0,0,0.0,0.0
102281,200,100.03,SELL,8,False,0,1,0.0,1.650803
102282,200,99.98,SELL,2,False,0,1,0.0,0.662533
102283,100,100.02,SELL,6,False,0,0,0.0,0.0
102284,100,99.96,BUY,5,False,0,0,0.0,0.0
102285,100,100.01,BUY,1,False,0,0,0.0,0.0
102286,100,99.98,BUY,1,False,0,1,0.0,0.03125699999999987
102287,300,99.97,SELL,5,False,0,1,0.0,0.6269860000000003
102288,10000,99.99,SELL,11,True,0,0,0.0,0.0
102289,300,100.04,BUY,10,False,1,0,1.0,2.240903
102290,100,99.95,SELL,6,False,0,0,0.0,0.0
102291,300,99.97,SELL,8,False,0,0,0.0,0.0
102292,100,99.98,BUY,3,False,1,0,1.0,0.22942099999999988
102293,200,99.99,BUY,9,False,0,0,0.0,0.0
102294,100,100.01,BUY,4,False,0,0,0.0,0.0
102295,100,100.01,SELL,4,False,0,1,0.0,0.353413
102296,200,99.99,BUY,7,False,0,0,0.0,0.0
102297,300,99.96,SELL,10,False,1,0,1.0,0.37973900000000005
102298,200,99.97,BUY,9,False,0,1,0.0,3.427956
102299,200,100.03,BUY,3,False,1,0,1.0,1.911033
102300,300,100.02,BUY,10,False,0,1,0.0,2.360944
102301,200,99.99,SELL,10,False,0,0,0.0,0.0
102302,500,99.98,SELL,5,False,0,0,0.0,0.0
102303,100,100.04,SELL,5,False,0,1,0.0,0.4209700000000003
102304,300,99.98,SELL,7,False,0,1,0.0,0.5068419999999998
102305,100,100.02,SELL,1,False,0,0,0.0,0.0
102306,200,100.02,SELL,2,False,0,1,0.0,2.013622
102307,200,100.03,SELL,5,False,0,0,0.0,0.0
102308,100,100.04,SELL,3,False,1,0,1.0,2.222561
102309,300,99.99,BUY,3,False,0,1,0.0,0.6537190000000002
102310,100,100.02,SELL,4,False,0,0,0.0,0.0
102311,300,99.97,BUY,5,False,0,0,0.0,0.0
102312,200,100.04,SELL,2,False,0,1,0.0,0.0360069999999999
102313,100,100.01,BUY,4,False,1,0,1.0,3.0413240000000004
102314,100,99.96,BUY,2,False,0,0,0.0,0.0
102315,200,100.0,BUY,3,False,0,0,0.0,0.0
102316,100,100.02,BUY,10,False,0,0,0.0,0.0
102317,15000,100.0,BUY,11,True,1,0,1.0,0.5795430000000001
102318,100,99.95,BUY,4,False,0,1,0.0,3.570084
102319,300,99.97,SELL,5,False,0,1,0.0,0.595893
102320,300,99.97,BUY,9,False,0,1,0.0,2.8539640000000004
102321,200,100.01,SELL,8,False,0,1,0.0,3.551025
102322,300,99.98,BUY,8,False,0,0,0.0,0.0
102323,100,100.04,SELL,4,False,0,0,0.0,0.0
102324,100,100.04,BUY,2,False,0,1,0.0,0.9613909999999999
102325,200,99.99,BUY,9,False,0,0,0.0,0.0
102326,100,99.98,BUY,6,False,0,0,0.0,0.0
102327,100,100.04,SELL,7,False,0,0,0.0,0.0
102328,100,100.01,BUY,5,False,0,1,0.0,0.7428680000000001
102329,500,99.98,SELL,3,False,0,1,0.0,1.1255389999999998
102330,300,100.01,BUY,2,False,0,0,0.0,0.0
102331,100,100.0,BUY,2,False,0,0,0.0,0.0
102332,15000,100.01,BUY,11,True,1,0,1.0,0.4695919999999998
102333,200,99.97,BUY,8,False,1,0,1.0,3.485003
102334,300,100.05,SELL,7,False,0,1,0.0,3.511622
102335,300,99.99,SELL,10,False,0,0,0.0,0.0
102336,100,100.04,SELL,5,False,0,1,0.0,0.6199220000000001
102337,1000,100.0,BUY,2,False,0,0,0.0,0.0
102338,200,99.97,BUY,9,False,0,0,0.0,0.0
102339,20000,100.0,BUY,11,True,1,0,1.0,0.6611420000000001
102340,300,100.05,BUY,2,False,0,0,0.0,0.0
102341,15000,99.99,BUY,11,True,0,0,0.0,0.0
102342,200,100.04,BUY,10,False,0,0,0.0,0.0
102343,200,100.01,SELL,9,False,0,1,0.0,2.402181
102344,300,99.98,SELL,9,False,0,1,0.0,1.130828
102345,100,99.96,BUY,8,False,0,1,0.0,0.9927969999999999
102346,200,100.03,BUY,6,False,0,0,0.0,0.0
102347,100,99.97,BUY,3,False,1,0,1.0,0.46792900000000004
102348,1000,99.97,BUY,9,False,1,0,1.0,0.7170020000000001
102349,1000,100.04,SELL,1,False,0,1,0.0,0.6858650000000002
102350,200,100.0,BUY,8,False,0,0,0.0,0.0
102351,100,99.97,SELL,2,False,0,1,0.0,1.240679
102352,200,99.99,BUY,3,False,0,0,0.0,0.0
102353,300,100.01,BUY,7,False,0,0,0.0,0.0
102354,100,99.97,BUY,9,False,0,1,0.0,2.8142820000000004
102355,300,100.04,BUY,7,False,0,1,0.0,1.337468
102356,200,99.96,BUY,6,False,0,1,0.0,1.81022
102357,200,100.05,BUY,8,False,0,1,0.0,0.18269000000000002
102358,15000,99.99,BUY,11,True,1,0,1.0,1.9544980000000003
102359,200,99.98,BUY,9,False,1,0,1.0,0.5553760000000001
102360,100,99.98,BUY,3,False,1,0,1.0,0.6795099999999998
102361,200,100.01,SELL,7,False,0,1,0.0,0.14688900000000005
102362,200,99.98,SELL,9,False,0,1,0.0,1.308035
102363,100,99.97,SELL,1,False,0,1,0.0,0.12238199999999999
102364,300,99.98,BUY,7,False,0,1,0.0,1.4690349999999999
102365,20000,100.0,SELL,11,True,0,0,0.0,0.0
102366,300,100.04,SELL,7,False,0,0,0.0,0.0
102367,200,99.96,SELL,5,False,1,0,1.0,2.302618
102368,100,99.97,SELL,5,False,0,1,0.0,2.750723
102369,20000,99.99,SELL,11,True,1,0,1.0,0.5352180000000002
102370,200,100.0,BUY,5,False,0,1,0.0,3.493602
102371,100,100.0,BUY,4,False,0,1,0.0,2.338359
102372,200,99.97,SELL,2,False,0,1,0.0,1.6359169999999998
102373,100,100.04,BUY,1,False,0,0,0.0,0.0
102374,200,99.97,SELL,7,False,0,1,0.0,1.2859660000000002
102375,15000,100.0,BUY,11,True,0,0,0.0,0.0
102376,200,99.97,BUY,3,False,1,0,1.0,0.11763400000000002
102377,1000,100.01,BUY,6,False,0,0,0.0,0.0
102378,200,100.04,SELL,7,False,0,0,0.0,0.0
102379,300,100.04,SELL,8,False,0,1,0.0,0.20288700000000004
102380,200,99.99,SELL,4,False,0,1,0.0,2.1818429999999998
102381,10000,100.0,BUY,11,True,0,0,0.0,0.0
102382,200,99.98,SELL,6,False,0,0,0.0,0.0
102383,100,99.99,BUY,2,False,0,1,0.0,0.013125000000000053
102384,500,100.04,BUY,6,False,0,1,0.0,2.2230739999999996
102385,200,100.0,SELL,4,False,0,0,0.0,0.0
102386,200,99.96,SELL,6,False,0,1,0.0,0.633756
102387,100,100.04,SELL,2,False,0,0,0.0,0.0
102388,100,100.01,SELL,4,False,0,0,0.0,0.0
102389,200,99.95,SELL,4,False,0,1,0.0,0.18286599999999997
102390,100,99.99,SELL,7,False,0,0,0.0,0.0
102391,100,100.02,BUY,8,False,0,0,0.0,0.0
102392,100,100.05,BUY,8,False,0,1,0.0,0.38289300000000015
102393,100,100.02,BUY,8,False,0,0,0.0,0.0
102394,300,99.95,BUY,10,False,0,0,0.0,0.0
102395,100,99.96,SELL,4,False,0,0,0.0,0.0
102396,1000,100.0,SELL,4,False,0,0,0.0,0.0
102397,100,100.04,BUY,6,False,0,0,0.0,0.0
102398,100,100.03,BUY,10,False,0,1,0.0,2.488689
102399,100,99.98,SELL,9,False,0,0,0.0,0.0
102400,1000,100.0,SELL,9,False,0,0,0.0,0.0
102401,300,100.05,BUY,6,False,0,0,0.0,0.0
102402,200,99.96,BUY,3,False,0,1,0.0,0.8853460000000002
102403,200,99.95,BUY,1,False,0,0,0.0,0.0
102404,300,100.04,BUY,1,False,1,0,1.0,0.6308260000000001
102405,500,100.03,SELL,1,False,0,1,0.0,1.847542
102406,300,100.01,SELL,10,False,0,0,0.0,0.0
102407,100,99.98,BUY,10,False,0,1,0.0,0.8287399999999998
102408,5000,99.99,SELL,11,True,1,0,1.0,1.940336
102409,200,100.02,SELL,9,False,0,1,0.0,0.8745179999999999
102410,500,99.95,BUY,2,False,0,1,0.0,0.9713740000000002
102411,100,100.0,SELL,6,False,1,0,1.0,1.150583
102412,100,99.99,BUY,8,False,0,0,0.0,0.0
102413,100,99.96,SELL,8,False,0,0,0.0,0.0
102414,300,99.97,BUY,4,False,0,0,0.0,0.0
102415,300,100.01,SELL,3,False,0,0,0.0,0.0
102416,300,100.0,BUY,3,False,0,1,0.0,0.3797759999999999
102417,15000,100.0,BUY,11,True,0,0,0.0,0.0
102418,500,100.01,SELL,6,False,0,1,0.0,2.031263
102419,500,99.98,SELL,7,False,0,0,0.0,0.0
102420,200,99.97,BUY,1,False,1,0,1.0,0.8873160000000002
102421,300,99.96,BUY,1,False,0,0,0.0,0.0
102422,100,100.03,SELL,10,False,0,0,0.0,0.0
102423,500,100.01,BUY,3,False,0,0,0.0,0.0
102424,100,99.95,SELL,2,False,0,0,0.0,0.0
102425,15000,100.0,BUY,11,True,1,0,1.0,0.26334499999999994
102426,20000,100.0,SELL,11,True,1,0,1.0,0.5756069999999998
102427,200,99.99,BUY,8,False,0,0,0.0,0.0
102428,100,100.03,SELL,10,False,0,0,0.0,0.0
102429,200,100.0,SELL,9,False,0,1,0.0,3.275091
102430,300,100.01,SELL,2,False,0,0,0.0,0.0
102431,100,99.98,SELL,10,False,0,1,0.0,1.679571
102432,200,100.04,BUY,6,False,0,0,0.0,0.0
102433,500,99.98,SELL,2,False,0,1,0.0,0.12121800000000005
102434,100,99.97,SELL,9,False,1,0,1.0,2.586423
102435,300,100.01,SELL,4,False,0,0,0.0,0.0
102436,300,100.02,SELL,6,False,0,0,0.0,0.0
102437,200,100.0,SELL,3,False,0,0,0.0,0.0
102438,500,100.04,SELL,3,False,0,1,0.0,0.9947309999999998
102439,300,100.03,BUY,2,False,0,0,0.0,0.0
102440,100,99.97,BUY,10,False,0,0,0.0,0.0
102441,300,100.0,SELL,5,False,1,0,1.0,2.268302
102442,100,99.96,SELL,8,False,0,0,0.0,0.0
102443,100,99.95,BUY,8,False,0,1,0.0,1.509507
102444,200,99.98,SELL,6,False,0,0,0.0,0.0
102445,200,99.97,SELL,7,False,0,0,0.0,0.0
102446,200,100.01,BUY,2,False,0,0,0.0,0.0
102447,200,99.95,SELL,10,False,0,0,0.0,0.0
102448,500,100.04,BUY,8,False,0,1,0.0,2.532882
102449,100,99.96,SELL,9,False,0,1,0.0,3.0166579999999996
102450,100,100.02,BUY,7,False,0,1,0.0,1.977046
102451,15000,100.0,SELL,11,True,0,0,0.0,0.0
102452,100,100.02,SELL,10,False,0,0,0.0,0.0
102453,200,99.99,BUY,3,False,0,0,0.0,0.0
102454,15000,99.99,BUY,11,True,0,0,0.0,0.0
102455,100,99.96,SELL,8,False,0,0,0.0,0.0
102456,1000,99.96,BUY,10,False,1,0,1.0,2.521132
102457,500,99.96,SELL,10,False,0,0,0.0,0.0
102458,500,100.03,SELL,3,False,0,1,0.0,0.2743159999999998
102459,15000,100.0,BUY,11,True,1,0,1.0,1.647873
102460,200,100.04,BUY,2,False,0,0,0.0,0.0
102461,200,99.99,BUY,5,False,0,1,0.0,0.022883999999999904
102462,500,100.01,BUY,7,False,0,0,0.0,0.0
102463,100,99.99,BUY,6,False,1,0,1.0,0.9953049999999999
102464,200,99.96,SELL,10,False,0,0,0.0,0.0
102465,500,100.05,BUY,4,False,1,0,1.0,3.0843619999999996
102466,500,99.98,SELL,10,False,0,1,0.0,0.8209349999999997
102467,100,100.0,SELL,4,False,0,0,0.0,0.0
102468,100,100.01,SELL,10,False,0,1,0.0,0.0055670000000001
102469,100,100.04,SELL,10,False,0,1,0.0,0.11754900000000013
102470,100,99.99,BUY,4,False,0,1,0.0,0.9653179999999999
102471,300,99.99,SELL,6,False,0,1,0.0,0.5221989999999999
102472,10000,100.01,SELL,11,True,0,0,0.0,0.0
102473,1000,99.95,SELL,3,False,0,0,0.0,0.0
102474,200,99.99,SELL,9,False,0,1,0.0,0.8241159999999998
102475,200,99.98,BUY,7,False,0,0,0.0,0.0
102476,200,99.98,BUY,7,False,0,0,0.0,0.0
102477,500,99.96,BUY,6,False,0,0,0.0,0.0
102478,100,99.99,BUY,8,False,0,1,0.0,0.768068
102479,500,100.01,SELL,5,False,0,0,0.0,0.0
102480,10000,100.0,BUY,11,True,1,0,1.0,0.060554999999999914
102481,100,99.95,BUY,3,False,0,0,0.0,0.0
102482,15000,100.01,BUY,11,True,0,0,0.0,0.0
102483,1000,100.0,SELL,8,False,0,0,0.0,0.0
102484,200,99.96,SELL,8,False,0,1,0.0,0.6813010000000002
102485,100,99.96,SELL,5,False,1,0,1.0,3.0538809999999996
102486,300,99.98,BUY,7,False,0,1,0.0,1.4179429999999997
102487,300,99.99,BUY,9,False,1,0,1.0,0.02221300000000004
102488,100,100.04,BUY,5,False,0,1,0.0,0.213773
102489,300,100.0,SELL,4,False,0,1,0.0,0.7479420000000001
102490,10000,100.0,SELL,11,True,1,0,1.0,2.5869599999999995
102491,500,100.01,SELL,7,False,0,1,0.0,0.6923309999999998
102492,200,100.0,SELL,9,False,0,1,0.0,2.1631590000000003
102493,10000,100.0,BUY,11,True,0,0,0.0,0.0
102494,100,99.98,SELL,9,False,0,0,0.0,0.0
102495,200,99.95,BUY,6,False,0,0,0.0,0.0
102496,200,100.01,BUY,7,False,0,0,0.0,0.0
102497,500,100.01,SELL,9,False,0,0,0.0,0.0
102498,100,100.01,SELL,7,False,0,1,0.0,2.560847
102499,100,100.03,SELL,8,False,1,0,1.0,0.05523699999999998
102500,100,100.05,BUY,1,False,0,1,0.0,0.02000399999999991
102501,1000,100.04,BUY,1,False,0,0,0.0,0.0
102502,10000,100.0,SELL,11,True,0,0,0.0,0.0
102503,200,100.03,SELL,5,False,1,0,1.0,0.5140680000000002
102504,200,100.03,BUY,2,False,0,1,0.0,1.6789889999999998
102505,200,100.03,SELL,6,False,0,0,0.0,0.0
102506,100,100.01,BUY,2,False,0,0,0.0,0.0
102507,300,100.03,BUY,10,False,0,1,0.0,2.9613479999999996
102508,300,99.97,SELL,2,False,0,0,0.0,0.0
102509,100,99.98,SELL,3,False,0,0,0.0,0.0
102510,300,99.98,BUY,5,False,1,0,1.0,1.2897069999999997
102511,500,100.0,BUY,9,False,1,0,1.0,0.8677020000000002
102512,300,100.04,SELL,10,False,0,1,0.0,2.4417479999999996
102513,100,100.01,BUY,4,False,1,0,1.0,0.17276400000000014
102514,100,99.96,SELL,4,False,1,0,1.0,2.060794
102515,15000,100.01,BUY,11,True,0,0,0.0,0.0
102516,200,99.98,BUY,10,False,0,1,0.0,2.849185
102517,300,99.99,BUY,1,False,0,1,0.0,1.2906759999999997
102518,15000,100.0,SELL,11,True,1,0,1.0,0.151497
102519,200,100.04,BUY,8,False,0,1,0.0,2.2615030000000003
102520,300,99.96,SELL,1,False,0,1,0.0,0.249212
102521,100,100.05,SELL,4,False,1,0,1.0,1.362957
102522,100,100.03,SELL,7,False,0,1,0.0,0.25158599999999987
102523,200,99.95,SELL,6,False,0,1,0.0,2.433484
102524,100,100.03,SELL,5,False,0,1,0.0,2.4297310000000003
102525,100,100.03,SELL,6,False,0,0,0.0,0.0
102526,100,100.0,BUY,9,False,0,1,0.0,1.5164509999999998
102527,100,100.0,BUY,7,False,0,0,0.0,0.0
102528,10000,100.01,BUY,11,True,0,0,0.0,0.0
102529,300,99.96,BUY,6,False,0,0,0.0,0.0
102530,200,99.95,BUY,9,False,0,0,0.0,0.0
102531,200,100.02,BUY,4,False,0,0,0.0,0.0
102532,300,99.97,SELL,7,False,0,0,0.0,0.0
102533,300,99.96,SELL,9,False,0,0,0.0,0.0
102534,100,99.97,SELL,8,False,0,0,0.0,0.0
102535,300,99.99,SELL,3,False,0,1,0.0,0.436569
102536,300,100.03,BUY,10,False,0,0,0.0,0.0
102537,100,99.97,SELL,3,False,1,0,1.0,0.5237869999999998
102538,100,99.98,BUY,3,False,0,0,0.0,0.0
102539,500,100.04,SELL,7,False,0,1,0.0,0.21798699999999993
102540,200,99.98,SELL,3,False,0,0,0.0,0.0
102541,200,99.98,BUY,4,False,0,0,0.0,0.0
102542,200,99.98,BUY,10,False,0,1,0.0,0.7929319999999997
102543,100,100.04,BUY,10,False,0,0,0.0,0.0
102544,10000,100.0,BUY,11,True,0,1,0.0,0.40657500000000013
102545,100,100.03,BUY,4,False,0,0,0.0,0.0
102546,300,100.04,BUY,9,False,1,0,1.0,0.7623550000000001
102547,300,100.04,SELL,8,False,0,0,0.0,0.0
102548,300,99.97,BUY,4,False,0,0,0.0,0.0
102549,300,100.0,SELL,9,False,0,0,0.0,0.0
102550,100,99.98,BUY,3,False,0,0,0.0,0.0
102551,100,100.01,SELL,1,False,0,1,0.0,0.607207
102552,300,99.99,SELL,4,False,0,1,0.0,0.37171
102553,200,99.99,BUY,4,False,0,0,0.0,0.0
102554,300,100.04,SELL,7,False,0,0,0.0,0.0
102555,100,99.98,SELL,9,False,1,0,1.0,0.2653699999999999
102556,500,99.96,BUY,4,False,0,1,0.0,2.080158
102557,100,100.01,SELL,4,False,0,0,0.0,0.0
102558,1000,99.96,SELL,1,False,0,1,0.0,1.2414809999999998
102559,500,100.04,BUY,7,False,0,0,0.0,0.0
102560,200,99.97,SELL,6,False,1,0,1.0,1.2329099999999997
102561,200,99.98,SELL,9,False,0,0,0.0,0.0
102562,500,99.98,SELL,8,False,0,0,0.0,0.0
102563,200,100.01,SELL,5,False,0,0,0.0,0.0
102564,200,99.97,BUY,7,False,0,0,0.0,0.0
102565,500,100.0,BUY,3,False,0,1,0.0,1.0845540000000002
102566,100,100.0,BUY,3,False,1,0,1.0,1.7838819999999997
102567,300,99.96,SELL,1,False,0,1,0.0,0.5937310000000002
102568,20000,100.0,SELL,11,True,0,0,0.0,0.0
102569,100,99.97,BUY,7,False,0,0,0.0,0.0
102570,200,100.03,BUY,4,False,0,0,0.0,0.0
102571,200,100.02,SELL,10,False,0,1,0.0,0.3322560000000001
102572,500,99.98,BUY,10,False,0,1,0.0,2.813507
102573,300,100.03,SELL,8,False,0,1,0.0,0.32137099999999985
102574,10000,100.01,SELL,11,True,1,0,1.0,0.06911400000000012
102575,200,99.98,BUY,2,False,0,0,0.0,0.0
102576,100,99.96,BUY,6,False,0,1,0.0,2.6039529999999997
102577,200,99.99,BUY,2,False,0,1,0.0,0.08789499999999983
102578,100,100.01,BUY,3,False,0,0,0.0,0.0
102579,300,100.03,SELL,4,False,0,1,0.0,1.051206
102580,200,100.03,BUY,5,False,0,0,0.0,0.0
102581,20000,100.01,SELL,11,True,0,0,0.0,0.0
102582,100,99.98,BUY,1,False,0,0,0.0,0.0
102583,300,100.03,SELL,4,False,0,1,0.0,2.2587740000000003
102584,100,99.96,BUY,1,False,0,0,0.0,0.0
102585,100,100.0,BUY,7,False,0,1,0.0,0.43013100000000004
102586,100,100.01,BUY,10,False,0,0,0.0,0.0
102587,200,100.05,BUY,7,False,0,1,0.0,1.174995
102588,200,99.98,SELL,9,False,0,0,0.0,0.0
102589,300,99.97,BUY,3,False,1,0,1.0,0.46025899999999975
102590,100,99.97,BUY,8,False,0,0,0.0,0.0
102591,200,99.99,BUY,9,False,0,1,0.0,1.361971
102592,200,100.03,SELL,2,False,0,0,0.0,0.0
102593,300,100.02,SELL,8,False,0,0,0.0,0.0
102594,200,99.95,SELL,6,False,0,1,0.0,0.587173
102595,200,100.02,SELL,5,False,1,0,1.0,0.9524969999999999
102596,20000,99.99,SELL,11,True,0,0,0.0,0.0
102597,500,100.02,SELL,4,False,0,0,0.0,0.0
102598,300,99.98,BUY,3,False,0,0,0.0,0.0
102599,100,100.04,BUY,5,False,0,0,0.0,0.0
102600,200,100.04,SELL,3,False,0,1,0.0,0.09568100000000013
102601,15000,99.99,SELL,11,True,1,0,1.0,2.5735609999999998
102602,100,100.0,BUY,2,False,0,0,0.0,0.0
102603,100,99.96,BUY,4,False,0,1,0.0,0.7390150000000002
102604,500,100.02,SELL,1,False,0,0,0.0,0.0
102605,100,100.03,BUY,8,False,0,0,0.0,0.0
102606,300,99.97,BUY,10,False,0,0,0.0,0.0
102607,100,100.0,BUY,3,False,0,0,0.0,0.0
102608,200,100.01,SELL,6,False,0,1,0.0,0.5768629999999997
102609,200,100.04,BUY,8,False,0,0,0.0,0.0
102610,100,100.04,BUY,5,False,0,1,0.0,0.930137
102611,500,100.02,BUY,2,False,0,0,0.0,0.0
102612,200,100.0,SELL,2,False,0,1,0.0,3.034022
102613,300,99.97,BUY,6,False,0,1,0.0,0.05455100000000024
102614,300,100.04,BUY,10,False,0,0,0.0,0.0
102615,100,99.97,SELL,5,False,0,0,0.0,0.0
102616,100,100.0,SELL,10,False,0,1,0.0,2.7499360000000004
102617,1000,99.99,BUY,9,False,0,1,0.0,3.1611329999999995
102618,300,99.95,SELL,6,False,0,1,0.0,0.706942
102619,500,99.95,BUY,9,False,0,1,0.0,1.7379930000000001
102620,1000,99.99,SELL,5,False,0,0,0.0,0.0
102621,100,100.04,BUY,1,False,0,1,0.0,3.23844
102622,200,100.05,SELL,1,False,0,0,0.0,0.0
102623,500,100.01,BUY,2,False,0,1,0.0,1.343847
102624,1000,100.01,SELL,1,False,0,0,0.0,0.0
102625,100,100.03,BUY,7,False,0,0,0.0,0.0
102626,15000,100.01,BUY,11,True,1,0,1.0,0.5603140000000002
102627,100,99.97,SELL,9,False,0,1,0.0,0.6730980000000002
102628,100,99.96,SELL,2,False,0,0,0.0,0.0
102629,300,100.01,SELL,2,False,0,0,0.0,0.0
102630,100,100.0,BUY,9,False,0,1,0.0,3.301775
102631,200,100.04,SELL,1,False,0,0,0.0,0.0
102632,10000,99.99,SELL,11,True,0,0,0.0,0.0
102633,100,100.02,SELL,3,False,0,0,0.0,0.0
102634,100,99.97,BUY,5,False,0,0,0.0,0.0
102635,200,100.03,SELL,8,False,0,0,0.0,0.0
102636,300,100.02,SELL,6,False,0,1,0.0,2.7821089999999997
102637,100,99.97,BUY,5,False,0,0,0.0,0.0
102638,5000,100.0,SELL,11,True,0,0,0.0,0.0
102639,200,100.0,SELL,7,False,0,1,0.0,0.6860180000000002
102640,10000,100.01,SELL,11,True,1,0,1.0,0.815261
102641,100,99.97,SELL,3,False,0,0,0.0,0.0
102642,200,99.96,SELL,9,False,1,0,1.0,0.14300500000000005
102643,200,100.05,BUY,2,False,0,0,0.0,0.0
102644,200,100.04,SELL,2,False,0,1,0.0,0.374196
102645,200,100.01,SELL,2,False,0,1,0.0,0.1481429999999999
102646,100,100.03,BUY,7,False,0,0,0.0,0.0
102647,200,99.97,BUY,5,False,0,0,0.0,0.0
102648,10000,100.01,SELL,11,True,1,0,1.0,1.368052
102649,300,100.03,SELL,4,False,0,0,0.0,0.0
102650,1000,99.96,BUY,10,False,0,1,0.0,1.0930720000000003
102651,200,100.03,SELL,9,False,0,0,0.0,0.0
102652,500,100.01,SELL,1,False,0,1,0.0,2.753181
102653,1000,99.97,SELL,7,False,0,1,0.0,1.535759
102654,200,99.96,SELL,3,False,0,1,0.0,2.391053
102655,500,100.01,BUY,5,False,0,0,0.0,0.0
102656,200,100.01,SELL,1,False,0,0,0.0,0.0
102657,100,100.04,SELL,1,False,0,1,0.0,0.2188340000000002
102658,200,99.96,SELL,4,False,0,0,0.0,0.0
102659,100,99.97,SELL,8,False,0,0,0.0,0.0
102660,100,100.04,BUY,1,False,0,0,0.0,0.0
102661,200,99.96,SELL,2,False,0,0,0.0,0.0
102662,200,99.98,SELL,1,False,0,0,0.0,0.0
102663,100,99.98,BUY,6,False,0,1,0.0,3.190817
102664,100,99.99,SELL,10,False,0,0,0.0,0.0
102665,1000,100.0,BUY,7,False,0,1,0.0,1.9497239999999998
102666,10000,99.99,BUY,11,True,1,0,1.0,0.44120599999999977
102667,200,100.03,BUY,1,False,1,0,1.0,0.3077779999999999
102668,200,100.04,SELL,6,False,0,0,0.0,0.0
102669,100,100.04,SELL,2,False,0,0,0.0,0.0
102670,100,99.96,BUY,2,False,0,0,0.0,0.0
102671,100,100.05,BUY,10,False,0,1,0.0,1.473332
102672,300,99.98,SELL,6,False,0,0,0.0,0.0
102673,200,100.03,SELL,10,False,0,0,0.0,0.0
102674,200,99.95,SELL,2,False,0,0,0.0,0.0
102675,15000,100.0,BUY,11,True,0,1,0.0,2.4257959999999996
102676,100,99.99,BUY,2,False,0,0,0.0,0.0
102677,100,100.05,BUY,5,False,0,0,0.0,0.0
102678,500,99.99,BUY,3,False,0,0,0.0,0.0
102679,200,100.03,BUY,5,False,0,1,0.0,1.25035
102680,200,100.03,BUY,10,False,0,0,0.0,0.0
102681,500,100.03,BUY,1,False,0,0,0.0,0.0
102682,200,100.01,BUY,10,False,0,0,0.0,0.0
102683,300,100.02,SELL,4,False,0,0,0.0,0.0
102684,300,100.05,BUY,1,False,0,1,0.0,0.11250399999999994
102685,200,99.98,SELL,1,False,0,0,0.0,0.0
102686,100,99.98,SELL,7,False,0,1,0.0,3.0055850000000004
102687,500,100.0,BUY,5,False,0,0,0.0,0.0
102688,1000,100.01,SELL,6,False,1,0,1.0,0.6481780000000001
102689,200,100.04,SELL,7,False,0,1,0.0,0.573868
102690,500,99.97,BUY,9,False,0,1,0.0,0.19520399999999993
102691,100,100.04,BUY,3,False,0,1,0.0,0.042231999999999825
102692,500,99.98,SELL,1,False,0,1,0.0,1.9086560000000001
102693,200,100.02,SELL,6,False,0,0,0.0,0.0
102694,100,100.04,SELL,6,False,0,1,0.0,0.5701700000000001
102695,100,100.04,SELL,10,False,0,1,0.0,0.3470709999999997
102696,300,100.03,SELL,1,False,0,0,0.0,0.0
102697,100,100.03,SELL,10,False,0,0,0.0,0.0
102698,100,100.01,SELL,8,False,0,0,0.0,0.0
102699,100,99.97,SELL,10,False,0,0,0.0,0.0
102700,1000,100.04,BUY,4,False,0,1,0.0,1.4501139999999997
102701,500,99.98,BUY,10,False,0,1,0.0,2.5350900000000003
102702,100,100.02,SELL,2,False,0,1,0.0,1.7546269999999997
102703,200,99.96,SELL,10,False,0,0,0.0,0.0
102704,200,99.99,SELL,3,False,0,0,0.0,0.0
102705,200,99.95,BUY,4,False,0,1,0.0,1.0079399999999996
102706,200,99.97,BUY,9,False,0,1,0.0,0.5543100000000001
102707,10000,99.99,BUY,11,True,0,0,0.0,0.0
102708,300,99.96,BUY,8,False,0,0,0.0,0.0
102709,300,100.0,BUY,6,False,1,0,1.0,3.195009
102710,500,99.99,SELL,8,False,0,0,0.0,0.0
102711,500,99.96,BUY,10,False,0,1,0.0,1.2468119999999998
102712,300,99.96,BUY,2,False,0,1,0.0,0.12597000000000014
102713,100,99.97,SELL,2,False,1,0,1.0,0.4290400000000001
102714,15000,100.0,BUY,11,True,0,0,0.0,0.0
102715,100,100.0,SELL,7,False,0,0,0.0,0.0
102716,300,100.02,BUY,6,False,0,0,0.0,0.0
102717,100,99.98,BUY,7,False,0,1,0.0,1.788456
102718,100,100.0,SELL,6,False,1,0,1.0,1.8033859999999997
102719,10000,100.01,SELL,11,True,1,0,1.0,1.937942
102720,200,100.05,BUY,5,False,0,0,0.0,0.0
102721,5000,100.0,SELL,11,True,0,0,0.0,0.0
102722,5000,100.0,BUY,11,True,0,0,0.0,0.0
102723,100,100.03,SELL,3,False,0,0,0.0,0.0
102724,500,100.01,BUY,8,False,0,0,0.0,0.0
102725,100,100.03,BUY,6,False,0,0,0.0,0.0
102726,100,99.96,SELL,2,False,0,0,0.0,0.0
102727,200,100.04,BUY,2,False,0,1,0.0,0.7220299999999997
102728,100,99.99,BUY,4,False,0,0,0.0,0.0
102729,100,99.96,SELL,7,False,0,0,0.0,0.0
102730,1000,99.99,SELL,4,False,0,0,0.0,0.0
102731,100,100.0,BUY,5,False,0,1,0.0,1.073426
102732,200,100.05,SELL,5,False,1,0,1.0,0.877551
102733,200,100.0,SELL,9,False,0,0,0.0,0.0
102734,100,99.99,SELL,1,False,0,1,0.0,0.12731700000000012
102735,200,99.98,BUY,7,False,0,1,0.0,0.41119700000000003
102736,200,99.95,SELL,9,False,0,0,0.0,0.0
102737,200,100.05,SELL,8,False,1,0,1.0,0.7824900000000001
102738,300,100.0,BUY,6,False,0,0,0.0,0.0
102739,100,100.04,SELL,9,False,0,0,0.0,0.0
102740,100,99.98,SELL,4,False,0,0,0.0,0.0
102741,100,100.01,SELL,4,False,0,1,0.0,1.8624930000000002
102742,100,100.05,SELL,2,False,0,0,0.0,0.0
102743,500,100.02,SELL,8,False,0,1,0.0,3.2488309999999996
102744,100,99.96,SELL,6,False,1,0,1.0,1.7396819999999997
102745,10000,99.99,SELL,11,True,1,0,1.0,0.9616899999999999
102746,200,99.98,SELL,2,False,0,0,0.0,0.0
102747,100,100.03,BUY,6,False,0,0,0.0,0.0
102748,10000,100.0,BUY,11,True,0,0,0.0,0.0
102749,10000,100.0,SELL,11,True,0,0,0.0,0.0
102750,100,99.97,BUY,10,False,0,0,0.0,0.0
102751,500,99.97,BUY,2,False,0,1,0.0,2.3066229999999996
102752,100,99.97,SELL,3,False,0,0,0.0,0.0
102753,300,99.97,BUY,4,False,0,1,0.0,0.539148
102754,1000,99.99,BUY,7,False,0,1,0.0,3.202992
102755,300,99.98,SELL,1,False,0,0,0.0,0.0
102756,200,99.99,SELL,9,False,0,0,0.0,0.0
102757,100,100.03,SELL,5,False,0,0,0.0,0.0
102758,200,99.99,SELL,8,False,1,0,1.0,1.613616
102759,200,100.03,BUY,9,False,0,0,0.0,0.0
102760,300,100.02,BUY,5,False,0,0,0.0,0.0
102761,300,100.04,BUY,7,False,0,0,0.0,0.0
102762,500,100.04,BUY,3,False,0,0,0.0,0.0
102763,100,99.98,BUY,6,False,0,0,0.0,0.0
102764,500,99.96,SELL,9,False,0,1,0.0,0.08501199999999987
102765,200,99.97,BUY,10,False,0,0,0.0,0.0
102766,100,100.03,SELL,6,False,0,0,0.0,0.0
102767,300,100.04,SELL,8,False,0,0,0.0,0.0
102768,200,100.03,SELL,10,False,1,0,1.0,1.7841779999999998
102769,200,100.01,BUY,4,False,0,0,0.0,0.0
102770,200,100.01,SELL,6,False,0,0,0.0,0.0
102771,100,99.99,SELL,1,False,0,0,0.0,0.0
102772,100,99.96,SELL,1,False,0,1,0.0,0.138741
102773,200,99.98,SELL,2,False,0,0,0.0,0.0
102774,5000,100.0,SELL,11,True,0,0,0.0,0.0
102775,1000,100.05,BUY,3,False,0,0,0.0,0.0
102776,15000,99.99,SELL,11,True,0,0,0.0,0.0
102777,300,99.99,BUY,2,False,0,1,0.0,0.5737010000000002
102778,15000,99.99,SELL,11,True,0,0,0.0,0.0
102779,1000,100.0,BUY,4,False,0,0,0.0,0.0
102780,500,99.99,BUY,5,False,0,1,0.0,1.6380150000000002
102781,100,99.98,BUY,1,False,0,0,0.0,0.0
102782,100,99.95,SELL,3,False,0,1,0.0,2.1732630000000004
102783,300,100.04,SELL,1,False,0,0,0.0,0.0
102784,200,100.03,BUY,1,False,0,0,0.0,0.0
102785,300,99.97,BUY,9,False,0,1,0.0,0.5792230000000003
102786,1000,100.01,BUY,5,False,1,0,1.0,0.3397199999999998
102787,200,99.99,SELL,2,False,1,0,1.0,0.42030499999999993
102788,100,100.01,BUY,9,False,0,0,0.0,0.0
102789,100,100.01,BUY,8,False,0,1,0.0,1.7964820000000001
102790,500,99.97,SELL,1,False,1,0,1.0,0.5549269999999997
102791,1000,100.0,SELL,5,False,0,0,0.0,0.0
102792,5000,100.0,BUY,11,True,0,0,0.0,0.0
102793,200,99.97,BUY,3,False,0,1,0.0,0.04141899999999987
102794,100,100.01,SELL,9,False,0,1,0.0,0.34614900000000004
102795,300,100.04,SELL,4,False,0,0,0.0,0.0
102796,200,100.01,SELL,3,False,0,0,0.0,0.0
102797,1000,99.98,BUY,7,False,0,1,0.0,3.0251650000000003
102798,15000,99.99,SELL,11,True,1,0,1.0,0.25627200000000006
102799,100,100.01,BUY,7,False,0,0,0.0,0.0
102800,100,99.95,BUY,9,False,0,1,0.0,2.3612990000000003
102801,100,100.01,BUY,6,False,0,0,0.0,0.0
102802,1000,100.0,BUY,3,False,0,0,0.0,0.0
102803,100,100.05,BUY,6,False,0,0,0.0,0.0
102804,10000,99.99,BUY,11,True,0,0,0.0,0.0
102805,300,100.0,BUY,4,False,1,0,1.0,0.1589400000000003
102806,200,100.02,SELL,6,False,0,0,0.0,0.0
102807,5000,100.0,SELL,11,True,0,0,0.0,0.0
102808,300,100.03,BUY,10,False,0,0,0.0,0.0
102809,100,99.99,SELL,3,False,0,1,0.0,0.10086400000000006
102810,200,100.01,SELL,3,False,0,1,0.0,2.7061559999999996
102811,300,99.99,BUY,1,False,0,1,0.0,0.6442160000000001
102812,300,100.04,SELL,8,False,0,1,0.0,1.239325
102813,100,99.95,SELL,6,False,0,0,0.0,0.0
102814,10000,100.01,SELL,11,True,0,0,0.0,0.0
102815,1000,100.03,SELL,1,False,0,1,0.0,1.302215
102816,100,99.98,BUY,9,False,0,1,0.0,3.077617
102817,300,99.99,BUY,8,False,0,1,0.0,0.19595600000000024
102818,500,99.98,SELL,8,False,0,1,0.0,0.1472319999999998
102819,200,99.96,SELL,3,False,0,0,0.0,0.0
102820,100,100.03,BUY,5,False,0,0,0.0,0.0
102821,100,99.98,BUY,3,False,0,0,0.0,0.0
102822,1000,99.95,BUY,8,False,0,0,0.0,0.0
102823,200,99.96,SELL,3,False,0,0,0.0,0.0
102824,300,100.01,BUY,8,False,0,0,0.0,0.0
102825,5000,100.0,SELL,11,True,0,0,0.0,0.0
102826,300,99.96,SELL,6,False,0,0,0.0,0.0
102827,1000,100.0,BUY,8,False,0,1,0.0,2.9822979999999997
102828,10000,99.99,BUY,11,True,0,0,0.0,0.0
102829,5000,100.0,SELL,11,True,0,0,0.0,0.0
102830,200,100.03,SELL,1,False,0,0,0.0,0.0
102831,500,99.98,BUY,5,False,0,0,0.0,0.0
102832,200,99.95,SELL,1,False,0,0,0.0,0.0
102833,10000,99.99,SELL,11,True,0,0,0.0,0.0
102834,200,100.03,BUY,9,False,0,0,0.0,0.0
102835,1000,99.96,SELL,3,False,1,0,1.0,1.665547
102836,5000,100.0,SELL,11,True,1,0,1.0,1.6082619999999999
102837,20000,100.01,BUY,11,True,1,0,1.0,2.2215870000000004
102838,100,100.04,SELL,10,False,0,1,0.0,2.057681
102839,200,99.99,BUY,7,False,1,0,1.0,0.44088899999999986
102840,100,100.01,SELL,7,False,0,0,0.0,0.0
102841,300,100.01,SELL,10,False,0,0,0.0,0.0
102842,300,100.02,SELL,6,False,0,0,0.0,0.0
102843,300,100.03,SELL,8,False,0,0,0.0,0.0
102844,200,100.01,SELL,3,False,0,0,0.0,0.0
102845,500,100.01,SELL,2,False,0,0,0.0,0.0
102846,10000,99.99,SELL,11,True,0,0,0.0,0.0
102847,300,100.04,SELL,9,False,0,0,0.0,0.0
102848,300,99.98,BUY,2,False,0,1,0.0,0.32232400000000005
102849,200,99.97,BUY,8,False,1,0,1.0,0.40210900000000027
102850,200,99.98,SELL,4,False,1,0,1.0,1.2475100000000001
102851,100,99.97,BUY,3,False,1,0,1.0,1.1289500000000001
102852,1000,99.95,SELL,10,False,0,0,0.0,0.0
102853,200,99.98,BUY,2,False,1,0,1.0,1.3938609999999998
102854,1000,100.01,BUY,1,False,0,0,0.0,0.0
102855,300,99.95,SELL,5,False,0,1,0.0,1.5854629999999998
102856,300,100.01,SELL,10,False,0,1,0.0,0.22976200000000002
102857,100,99.96,SELL,2,False,0,1,0.0,2.984346
102858,10000,99.99,BUY,11,True,1,0,1.0,1.2831420000000002
102859,100,100.04,SELL,5,False,0,1,0.0,0.7284060000000001
102860,300,99.98,BUY,8,False,0,0,0.0,0.0
102861,100,99.98,BUY,10,False,0,1,0.0,1.2031900000000002
102862,20000,99.99,SELL,11,True,1,0,1.0,1.0372340000000002
102863,200,100.02,BUY,9,False,0,0,0.0,0.0
102864,100,99.97,BUY,8,False,0,1,0.0,0.268926
102865,200,100.04,SELL,7,False,0,1,0.0,0.8582989999999997
102866,200,99.97,BUY,4,False,0,0,0.0,0.0
102867,1000,99.96,BUY,2,False,0,0,0.0,0.0
102868,15000,100.0,BUY,11,True,1,0,1.0,0.7743330000000004
102869,300,99.97,SELL,9,False,0,0,0.0,0.0
102870,500,99.98,SELL,6,False,0,1,0.0,0.505312
102871,300,100.0,BUY,8,False,0,0,0.0,0.0
102872,100,100.02,BUY,3,False,0,0,0.0,0.0
102873,200,99.99,BUY,1,False,0,1,0.0,0.1602220000000001
102874,300,100.0,BUY,9,False,0,1,0.0,1.4831370000000001
102875,300,99.97,BUY,1,False,0,0,0.0,0.0
102876,200,100.03,BUY,7,False,0,0,0.0,0.0
102877,500,99.97,SELL,2,False,0,0,0.0,0.0
102878,500,100.04,SELL,3,False,0,1,0.0,0.306349
102879,300,100.02,BUY,8,False,0,0,0.0,0.0
102880,500,100.02,BUY,8,False,0,0,0.0,0.0
102881,20000,100.0,SELL,11,True,0,0,0.0,0.0
102882,300,100.05,SELL,2,False,0,0,0.0,0.0
102883,100,100.0,SELL,4,False,1,0,1.0,2.663737
102884,100,99.95,BUY,4,False,0,0,0.0,0.0
102885,500,100.01,BUY,3,False,1,0,1.0,0.0709019999999998
102886,1000,99.98,BUY,6,False,0,1,0.0,2.1833410000000004
102887,200,100.0,SELL,9,False,0,0,0.0,0.0
102888,300,100.03,BUY,2,False,1,0,1.0,2.762196
102889,100,100.03,BUY,6,False,0,1,0.0,0.788748
102890,100,100.03,SELL,6,False,0,1,0.0,1.7243389999999996
102891,200,100.02,SELL,2,False,1,0,1.0,2.2794069999999995
102892,300,99.95,SELL,8,False,0,1,0.0,1.33018
102893,100,100.04,BUY,7,False,0,0,0.0,0.0
102894,1000,99.98,BUY,1,False,0,0,0.0,0.0
102895,100,99.99,SELL,1,False,0,1,0.0,3.0480099999999997
102896,300,100.04,BUY,7,False,0,0,0.0,0.0
102897,100,99.99,BUY,1,False,0,0,0.0,0.0
102898,300,100.04,BUY,9,False,1,0,1.0,2.4452270000000005
102899,100,100.02,SELL,3,False,0,1,0.0,2.509014
102900,100,99.95,SELL,5,False,0,1,0.0,1.9721170000000003
102901,10000,100.0,SELL,11,True,1,0,1.0,2.231923
102902,100,99.95,BUY,2,False,0,1,0.0,1.2304809999999997
102903,200,100.01,BUY,3,False,0,1,0.0,1.575498
102904,100,99.98,BUY,8,False,0,0,0.0,0.0
102905,300,100.04,BUY,4,False,0,0,0.0,0.0
102906,200,99.98,BUY,6,False,0,0,0.0,0.0
102907,200,99.97,SELL,6,False,0,0,0.0,0.0
102908,200,100.01,BUY,5,False,0,0,0.0,0.0
102909,200,99.96,SELL,7,False,0,0,0.0,0.0
102910,100,100.02,SELL,3,False,0,0,0.0,0.0
102911,100,99.99,BUY,10,False,0,0,0.0,0.0
102912,100,99.95,BUY,3,False,1,0,1.0,0.29758499999999977
102913,100,100.01,SELL,10,False,0,1,0.0,0.7105139999999999
102914,100,100.01,BUY,10,False,0,0,0.0,0.0
102915,200,100.0,BUY,10,False,0,0,0.0,0.0
102916,10000,100.0,BUY,11,True,0,0,0.0,0.0
102917,200,100.01,BUY,7,False,1,0,1.0,0.08713799999999994
102918,200,100.05,SELL,4,False,0,1,0.0,0.25966500000000003
102919,500,100.0,BUY,3,False,0,0,0.0,0.0
102920,1000,100.01,SELL,6,False,0,0,0.0,0.0
102921,200,100.05,SELL,2,False,0,0,0.0,0.0
102922,100,100.04,BUY,2,False,0,0,0.0,0.0
102923,500,100.02,SELL,1,False,0,0,0.0,0.0
102924,500,99.97,SELL,5,False,0,0,0.0,0.0
102925,200,99.95,SELL,9,False,0,1,0.0,0.8445679999999998
102926,100,99.99,SELL,10,False,0,1,0.0,1.047339
102927,100,99.97,BUY,1,False,0,0,0.0,0.0
102928,300,99.95,SELL,2,False,0,1,0.0,0.9528460000000001
102929,300,99.96,BUY,10,False,0,1,0.0,2.6525620000000005
102930,200,100.01,SELL,2,False,0,0,0.0,0.0
102931,200,100.01,SELL,4,False,1,0,1.0,0.959864
102932,100,100.0,SELL,4,False,0,1,0.0,0.2801600000000004
102933,300,100.01,SELL,2,False,0,0,0.0,0.0
102934,200,99.97,SELL,9,False,0,1,0.0,0.9464519999999998
102935,100,99.98,SELL,10,False,0,0,0.0,0.0
102936,200,100.04,SELL,1,False,0,1,0.0,2.972418
102937,15000,99.99,BUY,11,True,0,0,0.0,0.0
102938,100,99.97,BUY,7,False,0,1,0.0,1.0020189999999998
102939,300,99.96,SELL,10,False,0,1,0.0,2.3595790000000005
102940,10000,100.0,SELL,11,True,0,0,0.0,0.0
102941,200,100.0,SELL,2,False,0,0,0.0,0.0
102942,300,99.99,SELL,10,False,0,1,0.0,0.023859999999999992
102943,5000,99.99,SELL,11,True,0,0,0.0,0.0
102944,1000,100.03,BUY,3,False,0,0,0.0,0.0
102945,100,99.98,SELL,1,False,0,0,0.0,0.0
102946,100,99.99,BUY,9,False,0,1,0.0,0.5191089999999998
102947,200,99.97,SELL,2,False,1,0,1.0,2.6583449999999997
102948,100,100.02,BUY,6,False,0,0,0.0,0.0
102949,100,99.95,BUY,8,False,0,0,0.0,0.0
102950,200,100.01,SELL,2,False,1,0,1.0,0.18923800000000002
102951,200,99.96,BUY,7,False,0,1,0.0,1.8203519999999997
102952,300,100.04,BUY,4,False,0,0,0.0,0.0
102953,500,99.96,SELL,8,False,0,0,0.0,0.0
102954,300,99.96,BUY,5,False,0,1,0.0,0.15310200000000007
102955,10000,100.01,SELL,11,True,1,0,1.0,1.878342
102956,100,100.01,BUY,9,False,0,1,0.0,2.3079479999999997
102957,300,99.97,BUY,9,False,0,1,0.0,2.671069
102958,200,100.02,BUY,7,False,0,0,0.0,0.0
102959,100,100.03,SELL,10,False,0,1,0.0,0.7306020000000002
102960,100,100.04,SELL,10,False,0,0,0.0,0.0
102961,100,99.96,SELL,9,False,0,1,0.0,0.8517199999999998
102962,200,100.0,SELL,9,False,0,0,0.0,0.0
102963,1000,99.97,BUY,6,False,0,0,0.0,0.0
102964,200,100.02,BUY,8,False,0,0,0.0,0.0
102965,1000,100.04,SELL,8,False,0,1,0.0,2.5382440000000006
102966,10000,100.0,BUY,11,True,0,0,0.0,0.0
102967,200,99.97,SELL,1,False,0,1,0.0,1.1846139999999998
102968,100,100.04,SELL,10,False,1,0,1.0,2.7476369999999997
102969,100,100.01,BUY,7,False,0,0,0.0,0.0
102970,200,100.05,SELL,9,False,0,0,0.0,0.0
102971,500,100.0,BUY,10,False,0,0,0.0,0.0
102972,200,99.99,BUY,2,False,0,0,0.0,0.0
102973,100,99.97,SELL,5,False,0,0,0.0,0.0
102974,200,100.02,BUY,8,False,0,0,0.0,0.0
102975,15000,99.99,SELL,11,True,0,0,0.0,0.0
102976,100,100.05,BUY,10,False,0,1,0.0,0.25835600000000003
102977,200,100.01,SELL,1,False,0,0,0.0,0.0
102978,300,99.99,BUY,10,False,0,1,0.0,2.073352
102979,300,99.97,BUY,9,False,0,1,0.0,0.892665
102980,200,99.96,SELL,8,False,1,0,1.0,1.0343040000000001
102981,100,99.95,SELL,9,False,0,0,0.0,0.0
102982,300,99.97,BUY,6,False,1,0,1.0,0.43565600000000027
102983,200,99.98,SELL,8,False,0,0,0.0,0.0
102984,200,100.01,SELL,1,False,0,1,0.0,0.20098699999999958
102985,500,100.0,BUY,10,False,1,0,1.0,0.9987110000000001
102986,200,100.01,SELL,10,False,0,0,0.0,0.0
102987,300,99.96,SELL,4,False,0,0,0.0,0.0
102988,100,100.02,BUY,1,False,0,0,0.0,0.0
102989,100,100.05,SELL,2,False,0,0,0.0,0.0
102990,200,100.03,BUY,5,False,0,0,0.0,0.0
102991,100,99.97,SELL,7,False,0,0,0.0,0.0
102992,300,100.02,SELL,4,False,0,0,0.0,0.0
102993,500,99.99,BUY,6,False,0,0,0.0,0.0
102994,200,100.02,BUY,9,False,1,0,1.0,1.0735159999999997
102995,100,100.04,SELL,8,False,0,0,0.0,0.0
102996,200,100.01,BUY,6,False,0,0,0.0,0.0
102997,1000,100.02,SELL,5,False,0,0,0.0,0.0
102998,100,99.95,SELL,5,False,0,0,0.0,0.0
102999,300,99.98,BUY,10,False,0,0,0.0,0.0
103000,200,99.97,BUY,5,False,0,0,0.0,0.0
103001,300,100.01,SELL,3,False,0,1,0.0,0.6781600000000001
103002,300,100.01,BUY,2,False,0,1,0.0,1.825673
103003,500,100.03,BUY,9,False,0,1,0.0,0.10442200000000001
103004,300,99.96,SELL,10,False,0,0,0.0,0.0
103005,200,100.04,SELL,10,False,0,0,0.0,0.0
103006,200,99.99,BUY,9,False,0,0,0.0,0.0
103007,200,100.01,SELL,8,False,0,0,0.0,0.0
103008,300,100.0,BUY,7,False,0,0,0.0,0.0
103009,10000,100.0,SELL,11,True,0,0,0.0,0.0
103010,500,99.98,SELL,3,False,0,1,0.0,0.9016220000000001
103011,15000,100.0,SELL,11,True,1,0,1.0,1.9670130000000001
103012,200,99.99,BUY,8,False,0,0,0.0,0.0
103013,200,100.02,SELL,7,False,0,1,0.0,2.6645980000000002
103014,20000,99.99,BUY,11,True,0,0,0.0,0.0
103015,100,100.02,SELL,1,False,0,0,0.0,0.0
103016,100,100.03,BUY,8,False,0,0,0.0,0.0
103017,100,100.03,BUY,7,False,0,0,0.0,0.0
103018,100,100.01,SELL,7,False,0,0,0.0,0.0
103019,10000,100.0,SELL,11,True,0,0,0.0,0.0
103020,200,100.04,BUY,4,False,0,0,0.0,0.0
103021,500,100.03,SELL,7,False,0,0,0.0,0.0
103022,300,100.02,BUY,3,False,0,0,0.0,0.0
103023,300,100.0,BUY,1,False,0,0,0.0,0.0
103024,100,99.97,BUY,7,False,0,1,0.0,0.9304809999999999
103025,500,100.0,BUY,5,False,0,1,0.0,1.4994589999999999
103026,200,99.95,SELL,5,False,0,1,0.0,3.041681
103027,1000,99.95,BUY,2,False,1,0,1.0,0.015889000000000042
103028,100,99.99,BUY,4,False,0,1,0.0,0.464175
103029,200,99.98,SELL,3,False,0,1,0.0,0.016433000000000142
103030,100,100.02,BUY,4,False,0,0,0.0,0.0
103031,100,99.95,SELL,2,False,0,0,0.0,0.0
103032,100,99.98,BUY,7,False,0,0,0.0,0.0
103033,300,99.97,BUY,6,False,0,0,0.0,0.0
103034,200,100.04,SELL,9,False,0,0,0.0,0.0
103035,200,99.95,BUY,9,False,0,1,0.0,2.000986
103036,100,100.01,BUY,10,False,1,0,1.0,0.333704
103037,100,99.96,BUY,5,False,0,0,0.0,0.0
103038,300,100.02,BUY,5,False,0,0,0.0,0.0
103039,300,99.96,BUY,10,False,0,0,0.0,0.0
103040,100,100.03,SELL,3,False,0,1,0.0,0.2875700000000001
103041,200,100.05,SELL,6,False,0,1,0.0,1.8014469999999996
103042,1000,99.97,BUY,10,False,0,0,0.0,0.0
103043,200,99.97,BUY,4,False,0,1,0.0,1.5843859999999999
103044,300,99.98,SELL,10,False,1,0,1.0,0.4823710000000001
103045,300,99.96,SELL,1,False,0,0,0.0,0.0
103046,100,100.05,BUY,6,False,0,0,0.0,0.0
103047,10000,99.99,BUY,11,True,0,0,0.0,0.0
103048,15000,100.01,SELL,11,True,0,0,0.0,0.0
103049,300,99.97,SELL,10,False,0,1,0.0,0.7487500000000002
103050,100,100.01,BUY,7,False,0,0,0.0,0.0
103051,100,100.05,SELL,3,False,0,0,0.0,0.0
103052,200,100.04,BUY,5,False,0,0,0.0,0.0
103053,500,100.04,BUY,7,False,0,0,0.0,0.0
103054,200,100.02,BUY,9,False,0,0,0.0,0.0
103055,100,100.01,BUY,4,False,0,0,0.0,0.0
103056,100,100.04,BUY,3,False,0,1,0.0,0.8153029999999997
103057,200,99.97,SELL,5,False,0,1,0.0,1.143907
103058,300,100.01,BUY,7,False,0,1,0.0,2.411729
103059,1000,100.04,SELL,7,False,0,0,0.0,0.0
103060,200,100.03,SELL,6,False,0,0,0.0,0.0
103061,15000,99.99,BUY,11,True,0,0,0.0,0.0
103062,300,100.05,BUY,9,False,0,0,0.0,0.0
103063,500,100.02,BUY,5,False,0,0,0.0,0.0
103064,100,100.01,SELL,5,False,0,0,0.0,0.0
103065,300,99.98,BUY,7,False,0,0,0.0,0.0
103066,100,100.0,SELL,2,False,0,0,0.0,0.0
103067,200,99.96,BUY,6,False,0,0,0.0,0.0
103068,100,100.03,BUY,6,False,0,0,0.0,0.0
103069,100,99.97,BUY,7,False,0,0,0.0,0.0
103070,100,99.96,BUY,9,False,0,1,0.0,0.37118699999999993
103071,10000,100.0,SELL,11,True,1,0,1.0,2.385263
103072,200,99.96,BUY,2,False,0,1,0.0,0.2046279999999996
103073,200,100.05,BUY,6,False,0,0,0.0,0.0
103074,300,100.04,BUY,6,False,0,0,0.0,0.0
103075,100,99.98,SELL,8,False,0,0,0.0,0.0
103076,300,99.95,SELL,5,False,0,0,0.0,0.0
103077,200,100.02,SELL,3,False,0,0,0.0,0.0
103078,100,100.03,SELL,10,False,0,0,0.0,0.0
103079,10000,100.0,BUY,11,True,1,0,1.0,0.9536280000000001
103080,100,100.0,SELL,2,False,0,0,0.0,0.0
103081,1000,99.97,BUY,6,False,0,0,0.0,0.0
103082,300,100.01,BUY,3,False,0,1,0.0,0.0003340000000000565
103083,200,100.03,SELL,9,False,0,0,0.0,0.0
103084,200,100.05,BUY,9,False,0,0,0.0,0.0
103085,500,99.99,BUY,5,False,0,0,0.0,0.0
103086,100,99.96,SELL,4,False,0,0,0.0,0.0
103087,200,100.02,SELL,1,False,0,0,0.0,0.0
103088,200,100.04,BUY,2,False,0,0,0.0,0.0
103089,200,99.96,BUY,8,False,0,0,0.0,0.0
103090,100,100.01,BUY,9,False,0,0,0.0,0.0
103091,100,99.98,BUY,1,False,1,0,1.0,2.2543349999999998
103092,300,100.01,SELL,4,False,0,1,0.0,1.867026
103093,200,100.0,SELL,3,False,0,0,0.0,0.0
103094,200,100.03,BUY,3,False,0,0,0.0,0.0
103095,10000,100.0,SELL,11,True,1,0,1.0,1.9783519999999997
103096,300,99.99,BUY,1,False,0,0,0.0,0.0
103097,200,99.96,SELL,7,False,0,1,0.0,0.7686709999999999
103098,300,100.04,SELL,7,False,0,0,0.0,0.0
103099,300,100.0,SELL,10,False,0,1,0.0,0.04755200000000004
103100,300,100.03,BUY,9,False,0,0,0.0,0.0
103101,300,99.97,SELL,10,False,1,0,1.0,1.8368099999999998
103102,300,100.02,BUY,9,False,0,0,0.0,0.0
103103,200,100.0,BUY,7,False,0,1,0.0,1.020169
103104,200,100.02,BUY,6,False,1,0,1.0,0.8457509999999999
103105,200,100.02,SELL,5,False,0,0,0.0,0.0
103106,200,100.02,BUY,3,False,0,1,0.0,1.1329990000000003
103107,300,100.01,BUY,9,False,0,0,0.0,0.0
103108,200,99.98,BUY,7,False,0,0,0.0,0.0
103109,1000,100.02,SELL,6,False,0,0,0.0,0.0
103110,300,100.02,BUY,6,False,0,1,0.0,2.2553639999999997
103111,100,100.02,BUY,3,False,0,1,0.0,2.2309829999999997
103112,20000,100.0,BUY,11,True,0,0,0.0,0.0
103113,100,99.99,BUY,8,False,0,0,0.0,0.0
103114,300,100.02,BUY,5,False,0,0,0.0,0.0
103115,100,99.98,BUY,1,False,0,0,0.0,0.0
103116,300,100.03,SELL,7,False,1,0,1.0,0.9432900000000002
103117,500,99.99,BUY,9,False,0,0,0.0,0.0
103118,100,99.99,BUY,8,False,0,0,0.0,0.0
103119,100,99.96,SELL,7,False,0,0,0.0,0.0
103120,200,100.01,SELL,3,False,0,0,0.0,0.0
103121,200,100.02,BUY,9,False,0,1,0.0,0.8261430000000001
103122,300,99.97,SELL,5,False,0,0,0.0,0.0
103123,200,100.02,SELL,4,False,0,0,0.0,0.0
103124,10000,99.99,BUY,11,True,0,0,0.0,0.0
103125,100,100.0,SELL,7,False,0,0,0.0,0.0
103126,100,100.03,BUY,4,False,0,0,0.0,0.0
103127,500,99.96,BUY,3,False,0,0,0.0,0.0
103128,100,99.96,SELL,1,False,0,1,0.0,1.001725
103129,100,100.03,SELL,3,False,0,0,0.0,0.0
103130,100,99.98,SELL,7,False,0,0,0.0,0.0
103131,200,99.98,BUY,8,False,0,1,0.0,2.37478
103132,10000,100.01,SELL,11,True,0,0,0.0,0.0
103133,100,100.04,SELL,6,False,0,0,0.0,0.0
103134,100,100.02,BUY,1,False,0,0,0.0,0.0
103135,200,100.0,SELL,6,False,0,1,0.0,0.3485800000000001
103136,100,100.03,BUY,1,False,0,0,0.0,0.0
103137,200,100.01,BUY,1,False,0,0,0.0,0.0
103138,200,99.98,BUY,2,False,0,0,0.0,0.0
103139,200,99.96,BUY,1,False,0,1,0.0,0.4506709999999998
103140,15000,100.01,BUY,11,True,0,0,0.0,0.0
103141,300,99.98,SELL,6,False,0,0,0.0,0.0
103142,100,99.95,BUY,10,False,0,0,0.0,0.0
103143,200,99.96,SELL,9,False,0,0,0.0,0.0
103144,500,100.04,BUY,1,False,0,0,0.0,0.0
103145,1000,99.99,SELL,9,False,0,1,0.0,0.4513280000000002
103146,200,99.98,BUY,1,False,0,0,0.0,0.0
103147,200,99.98,BUY,4,False,0,0,0.0,0.0
103148,100,99.99,SELL,3,False,0,1,0.0,1.830117
103149,10000,100.0,SELL,11,True,1,0,1.0,0.14272099999999988
103150,200,99.97,BUY,10,False,0,1,0.0,1.800878
103151,15000,100.0,SELL,11,True,0,0,0.0,0.0
103152,300,99.98,SELL,6,False,0,1,0.0,0.21299199999999985
103153,200,99.99,BUY,3,False,0,0,0.0,0.0
103154,100,100.01,BUY,5,False,0,0,0.0,0.0
103155,500,99.99,SELL,1,False,0,0,0.0,0.0
103156,200,100.0,BUY,2,False,0,1,0.0,0.20709999999999962
103157,300,99.95,BUY,3,False,0,0,0.0,0.0
103158,100,99.96,SELL,5,False,0,1,0.0,0.8945059999999998
103159,200,100.04,BUY,9,False,0,0,0.0,0.0
103160,500,100.02,BUY,7,False,1,0,1.0,2.678783
103161,1000,99.97,BUY,5,False,0,1,0.0,0.5238520000000002
103162,10000,100.0,SELL,11,True,0,0,0.0,0.0
103163,100,100.03,BUY,1,False,0,0,0.0,0.0
103164,200,99.96,BUY,1,False,0,1,0.0,0.03812199999999999
103165,200,99.99,SELL,1,False,0,0,0.0,0.0
103166,100,100.04,SELL,5,False,0,1,0.0,1.003402
103167,200,99.97,SELL,6,False,0,0,0.0,0.0
103168,100,99.98,SELL,7,False,0,1,0.0,0.03372900000000012
103169,20000,100.0,BUY,11,True,0,0,0.0,0.0
103170,200,99.99,SELL,5,False,0,1,0.0,1.0019940000000003
103171,300,99.97,SELL,8,False,0,0,0.0,0.0
103172,100,100.01,BUY,7,False,0,0,0.0,0.0
103173,100,100.02,BUY,4,False,0,1,0.0,2.914986
103174,200,99.98,BUY,5,False,1,0,1.0,0.901818
103175,20000,100.0,BUY,11,True,0,0,0.0,0.0
103176,100,100.05,SELL,2,False,0,0,0.0,0.0
103177,100,99.97,BUY,1,False,0,0,0.0,0.0
103178,200,100.0,SELL,10,False,0,0,0.0,0.0
103179,100,100.04,SELL,1,False,0,1,0.0,2.494149
103180,200,100.02,SELL,2,False,0,0,0.0,0.0
103181,200,100.04,SELL,6,False,0,0,0.0,0.0
103182,200,100.01,BUY,4,False,0,0,0.0,0.0
103183,100,100.04,BUY,3,False,0,1,0.0,2.628203
103184,300,100.03,BUY,5,False,0,0,0.0,0.0
103185,200,99.96,SELL,2,False,0,0,0.0,0.0
103186,300,99.99,BUY,1,False,0,0,0.0,0.0
103187,100,100.02,BUY,3,False,0,0,0.0,0.0
103188,5000,100.01,BUY,11,True,1,0,1.0,0.41182300000000005
103189,200,99.97,SELL,7,False,0,0,0.0,0.0
103190,1000,100.02,BUY,9,False,0,1,0.0,0.03889699999999996
103191,100,100.02,SELL,6,False,0,0,0.0,0.0
103192,200,100.04,BUY,10,False,0,1,0.0,1.081248
103193,300,99.99,SELL,1,False,0,0,0.0,0.0
103194,200,100.0,SELL,8,False,0,0,0.0,0.0
103195,100,99.97,SELL,5,False,0,1,0.0,1.3087519999999997
103196,200,100.03,SELL,4,False,0,1,0.0,1.2968250000000001
103197,100,100.02,BUY,3,False,0,1,0.0,0.537919
103198,100,100.03,BUY,3,False,0,0,0.0,0.0
103199,1000,99.97,SELL,1,False,1,0,1.0,1.2760830000000003
103200,100,99.98,BUY,1,False,0,0,0.0,0.0
103201,100,99.98,SELL,3,False,0,0,0.0,0.0
103202,500,99.97,BUY,6,False,0,0,0.0,0.0
103203,200,99.98,BUY,6,False,0,1,0.0,0.24414200000000008
103204,500,99.95,SELL,1,False,0,0,0.0,0.0
103205,200,99.95,SELL,8,False,0,1,0.0,2.4934589999999996
103206,100,100.03,SELL,8,False,0,0,0.0,0.0
103207,200,100.02,BUY,6,False,0,0,0.0,0.0
103208,200,100.0,SELL,7,False,0,1,0.0,1.8549619999999996
103209,200,100.04,SELL,10,False,0,0,0.0,0.0
103210,300,100.01,SELL,6,False,0,0,0.0,0.0
103211,1000,99.97,SELL,5,False,0,0,0.0,0.0
103212,1000,100.05,SELL,7,False,0,1,0.0,1.7710689999999998
103213,100,100.05,SELL,2,False,0,0,0.0,0.0
103214,200,99.96,BUY,6,False,0,1,0.0,1.6530690000000003
103215,100,100.01,BUY,4,False,0,1,0.0,2.2251969999999996
103216,200,100.01,SELL,4,False,0,1,0.0,1.9435640000000003
103217,300,99.98,SELL,2,False,0,0,0.0,0.0
103218,100,100.04,SELL,9,False,0,1,0.0,1.5280790000000004
103219,100,99.99,SELL,7,False,0,1,0.0,0.8801049999999999
103220,300,99.99,BUY,9,False,0,1,0.0,0.04068000000000005
103221,200,100.04,BUY,7,False,0,0,0.0,0.0
103222,300,99.95,SELL,8,False,0,0,0.0,0.0
103223,200,100.0,BUY,1,False,0,0,0.0,0.0
103224,1000,99.96,BUY,7,False,1,0,1.0,1.1121980000000002
103225,200,99.95,SELL,9,False,1,0,1.0,0.2767200000000001
103226,200,99.99,BUY,6,False,0,0,0.0,0.0
103227,100,100.01,BUY,7,False,0,1,0.0,0.22808200000000012
103228,300,99.97,SELL,3,False,0,1,0.0,1.4956839999999998
103229,200,99.95,BUY,7,False,0,0,0.0,0.0
103230,200,100.03,SELL,9,False,0,1,0.0,1.769615
103231,100,100.01,SELL,1,False,0,0,0.0,0.0
103232,200,100.05,BUY,4,False,0,0,0.0,0.0
103233,100,99.97,BUY,7,False,0,0,0.0,0.0
103234,300,99.99,SELL,10,False,0,0,0.0,0.0
103235,300,100.03,SELL,6,False,0,0,0.0,0.0
103236,300,100.02,BUY,10,False,0,1,0.0,0.17330600000000018
103237,100,100.03,SELL,2,False,0,1,0.0,0.8340839999999998
103238,100,99.96,SELL,3,False,0,1,0.0,0.065388
103239,100,100.0,SELL,8,False,0,1,0.0,1.4801949999999997
103240,100,100.04,SELL,6,False,0,0,0.0,0.0
103241,100,99.98,SELL,9,False,0,1,0.0,0.638474
103242,20000,100.0,BUY,11,True,0,0,0.0,0.0
103243,100,100.0,SELL,4,False,0,0,0.0,0.0
103244,300,100.03,SELL,10,False,1,0,1.0,1.2024789999999999
103245,200,99.96,BUY,7,False,0,1,0.0,1.130544
103246,200,100.01,BUY,2,False,0,0,0.0,0.0
103247,100,99.97,BUY,10,False,0,0,0.0,0.0
103248,300,99.98,SELL,8,False,0,1,0.0,0.41084699999999996
103249,200,99.95,SELL,5,False,0,1,0.0,0.997811
103250,100,99.96,BUY,2,False,0,0,0.0,0.0
103251,100,100.0,SELL,4,False,0,1,0.0,1.5681750000000005
103252,100,100.03,SELL,7,False,0,0,0.0,0.0
103253,300,100.03,BUY,2,False,0,0,0.0,0.0
103254,300,100.03,SELL,1,False,0,1,0.0,2.6264530000000006
103255,300,100.01,SELL,4,False,0,1,0.0,2.71237
103256,300,100.02,SELL,6,False,0,0,0.0,0.0
103257,200,100.05,BUY,2,False,0,0,0.0,0.0
103258,200,100.04,BUY,5,False,0,1,0.0,0.223611
103259,100,100.01,SELL,9,False,0,0,0.0,0.0
103260,500,99.98,SELL,8,False,0,0,0.0,0.0
103261,100,99.96,BUY,8,False,1,0,1.0,1.206057
103262,100,100.02,SELL,9,False,0,1,0.0,0.3365170000000002
103263,100,99.97,SELL,1,False,0,0,0.0,0.0
103264,500,99.99,BUY,8,False,0,1,0.0,0.8951130000000003
103265,300,100.03,SELL,7,False,0,0,0.0,0.0
103266,100,99.96,BUY,8,False,0,0,0.0,0.0
103267,100,99.95,BUY,1,False,0,0,0.0,0.0
103268,100,100.01,BUY,1,False,0,0,0.0,0.0
103269,100,99.96,SELL,6,False,0,1,0.0,0.32203399999999993
103270,100,100.02,SELL,6,False,0,1,0.0,1.9230569999999996
103271,200,99.97,BUY,2,False,0,0,0.0,0.0
103272,200,99.96,SELL,1,False,0,0,0.0,0.0
103273,200,100.05,SELL,3,False,0,0,0.0,0.0
103274,100,100.03,SELL,8,False,0,1,0.0,0.700142
103275,200,99.98,BUY,8,False,0,1,0.0,1.4861709999999997
103276,200,99.97,SELL,7,False,0,0,0.0,0.0
103277,100,99.98,BUY,4,False,0,0,0.0,0.0
103278,500,99.97,SELL,1,False,0,0,0.0,0.0
103279,200,100.02,SELL,7,False,0,0,0.0,0.0
103280,300,100.01,SELL,10,False,0,1,0.0,1.7285959999999996
103281,100,100.04,SELL,10,False,0,0,0.0,0.0
103282,200,100.04,BUY,3,False,0,0,0.0,0.0
103283,100,100.04,SELL,2,False,0,0,0.0,0.0
103284,100,100.0,BUY,9,False,0,0,0.0,0.0
103285,1000,99.99,SELL,1,False,0,1,0.0,1.176586
103286,100,100.05,BUY,4,False,0,1,0.0,1.5564159999999996
103287,100,100.03,SELL,5,False,0,0,0.0,0.0
103288,300,99.95,SELL,2,False,0,1,0.0,0.21301800000000037
103289,100,99.95,BUY,7,False,0,0,0.0,0.0
103290,200,100.01,BUY,1,False,0,1,0.0,0.8714560000000002
103291,1000,100.02,BUY,9,False,0,0,0.0,0.0
103292,100,100.02,BUY,8,False,0,0,0.0,0.0
103293,200,100.02,BUY,2,False,0,0,0.0,0.0
103294,100,99.98,BUY,5,False,0,0,0.0,0.0
103295,300,99.95,SELL,7,False,0,0,0.0,0.0
103296,200,99.96,SELL,7,False,0,1,0.0,0.2726120000000001
103297,200,100.04,BUY,4,False,0,1,0.0,1.8548429999999998
103298,500,100.03,SELL,10,False,0,0,0.0,0.0
103299,1000,99.97,SELL,6,False,0,0,0.0,0.0
103300,100,100.03,BUY,9,False,0,0,0.0,0.0
103301,100,99.98,BUY,6,False,0,0,0.0,0.0
103302,15000,100.0,SELL,11,True,1,0,1.0,0.9702700000000002
103303,100,99.97,SELL,3,False,0,0,0.0,0.0
103304,100,100.0,BUY,5,False,0,0,0.0,0.0
103305,200,99.98,SELL,9,False,0,1,0.0,0.47652199999999967
103306,300,99.97,BUY,8,False,0,1,0.0,1.0164299999999997
103307,200,100.0,SELL,7,False,0,1,0.0,0.46004900000000015
103308,200,100.04,SELL,1,False,0,1,0.0,2.372393
103309,100,100.03,SELL,4,False,0,0,0.0,0.0
103310,100,99.99,BUY,3,False,1,0,1.0,0.6633610000000001
103311,200,99.96,SELL,9,False,0,0,0.0,0.0
103312,300,100.04,BUY,2,False,0,1,0.0,0.6916260000000003
103313,200,99.95,SELL,8,False,0,0,0.0,0.0
103314,200,99.96,BUY,1,False,0,1,0.0,0.47486000000000006
103315,100,100.02,SELL,6,False,0,0,0.0,0.0
103316,100,100.05,SELL,3,False,0,0,0.0,0.0
103317,100,99.98,SELL,7,False,0,0,0.0,0.0
103318,200,99.97,SELL,10,False,0,0,0.0,0.0
103319,200,99.97,BUY,6,False,0,0,0.0,0.0
103320,100,99.97,SELL,8,False,0,0,0.0,0.0
103321,100,99.97,BUY,9,False,0,0,0.0,0.0
103322,100,99.96,SELL,2,False,0,0,0.0,0.0
103323,300,99.96,BUY,7,False,0,0,0.0,0.0
103324,200,100.02,SELL,3,False,0,0,0.0,0.0
103325,100,99.99,BUY,1,False,0,1,0.0,2.616476
103326,100,99.97,BUY,1,False,1,0,1.0,0.4898070000000003
103327,500,100.0,BUY,7,False,0,0,0.0,0.0
103328,300,99.95,BUY,2,False,0,1,0.0,0.7546360000000001
103329,500,99.96,BUY,5,False,0,0,0.0,0.0
103330,200,99.97,SELL,6,False,0,1,0.0,1.4651329999999998
103331,100,99.98,BUY,9,False,0,0,0.0,0.0
103332,100,99.96,BUY,9,False,0,0,0.0,0.0
103333,100,99.96,BUY,8,False,0,1,0.0,0.5339960000000001
103334,300,99.99,SELL,4,False,0,1,0.0,2.781805
103335,300,99.98,SELL,5,False,0,1,0.0,0.638531
103336,200,100.01,BUY,2,False,0,1,0.0,0.129054
103337,100,99.95,BUY,1,False,0,0,0.0,0.0
103338,100,100.01,BUY,5,False,0,0,0.0,0.0
103339,300,99.98,BUY,7,False,0,1,0.0,1.0632149999999996
103340,500,99.98,SELL,9,False,0,1,0.0,0.24970099999999995
103341,1000,100.02,BUY,2,False,0,0,0.0,0.0
103342,100,99.98,SELL,2,False,0,0,0.0,0.0
103343,300,100.01,BUY,9,False,1,0,1.0,2.184409
103344,100,99.97,BUY,4,False,0,1,0.0,0.07767200000000019
103345,300,99.96,SELL,3,False,0,1,0.0,0.841151
103346,1000,100.01,SELL,7,False,0,0,0.0,0.0
103347,100,100.02,BUY,10,False,1,0,1.0,0.7675610000000002
103348,200,100.05,BUY,10,False,0,0,0.0,0.0
103349,300,100.04,BUY,4,False,1,0,1.0,0.18163600000000013
103350,1000,100.01,SELL,7,False,0,1,0.0,1.0867550000000001
103351,200,99.99,BUY,10,False,0,0,0.0,0.0
103352,15000,100.0,SELL,11,True,0,0,0.0,0.0
103353,300,100.02,BUY,5,False,0,1,0.0,0.889542
103354,200,100.04,BUY,9,False,0,0,0.0,0.0
103355,500,100.04,BUY,1,False,0,0,0.0,0.0
103356,300,99.96,BUY,9,False,0,0,0.0,0.0
103357,300,100.05,SELL,8,False,0,0,0.0,0.0
103358,15000,100.01,BUY,11,True,0,1,0.0,1.4142389999999998
103359,300,100.03,SELL,1,False,0,0,0.0,0.0
103360,200,100.03,BUY,5,False,0,1,0.0,2.196862
103361,1000,100.04,BUY,5,False,0,0,0.0,0.0
103362,100,100.01,SELL,6,False,0,1,0.0,1.9672829999999997
103363,500,100.0,SELL,3,False,0,0,0.0,0.0
103364,100,100.03,BUY,9,False,0,1,0.0,0.795026
103365,200,100.0,BUY,4,False,0,0,0.0,0.0
103366,200,99.97,SELL,5,False,0,1,0.0,0.5916800000000002
103367,300,99.96,BUY,6,False,0,0,0.0,0.0
103368,300,100.01,BUY,8,False,0,0,0.0,0.0
103369,500,99.98,SELL,6,False,0,1,0.0,0.9415560000000003
103370,300,99.95,BUY,3,False,0,1,0.0,1.8944900000000002
103371,100,99.98,BUY,7,False,0,1,0.0,2.631187
103372,300,100.05,SELL,5,False,0,0,0.0,0.0
103373,200,99.96,SELL,6,False,0,0,0.0,0.0
103374,200,100.04,SELL,5,False,0,0,0.0,0.0
103375,300,100.03,BUY,2,False,0,0,0.0,0.0
103376,100,100.04,BUY,3,False,0,0,0.0,0.0
103377,20000,100.01,SELL,11,True,0,0,0.0,0.0
103378,200,100.02,BUY,5,False,1,0,1.0,0.8748090000000004
103379,500,99.96,BUY,5,False,0,0,0.0,0.0
103380,100,99.98,BUY,6,False,0,0,0.0,0.0
103381,200,99.98,SELL,10,False,0,1,0.0,0.6447060000000002
103382,200,99.96,SELL,10,False,0,0,0.0,0.0
103383,100,100.04,SELL,6,False,0,0,0.0,0.0
103384,200,99.96,BUY,7,False,0,0,0.0,0.0
103385,10000,100.01,BUY,11,True,0,0,0.0,0.0
103386,300,99.98,BUY,3,False,0,0,0.0,0.0
103387,200,99.99,SELL,7,False,0,1,0.0,0.9824419999999998
103388,500,100.02,BUY,2,False,0,1,0.0,0.4005890000000001
103389,200,100.01,SELL,6,False,0,1,0.0,0.6742369999999998
103390,500,100.04,SELL,6,False,0,0,0.0,0.0
103391,20000,100.0,BUY,11,True,0,0,0.0,0.0
103392,300,99.97,BUY,5,False,1,0,1.0,1.261698
103393,200,100.01,SELL,4,False,0,1,0.0,1.6627159999999996
103394,100,99.97,BUY,10,False,0,0,0.0,0.0
103395,100,99.97,SELL,2,False,0,0,0.0,0.0
103396,300,100.0,BUY,10,False,0,0,0.0,0.0
103397,300,99.99,SELL,1,False,0,1,0.0,1.9864149999999996
103398,200,100.02,SELL,4,False,0,0,0.0,0.0
103399,200,100.05,SELL,7,False,0,0,0.0,0.0
103400,100,99.95,BUY,7,False,0,0,0.0,0.0
103401,200,100.02,BUY,7,False,0,1,0.0,0.14805100000000015
103402,100,99.98,BUY,6,False,0,0,0.0,0.0
103403,300,100.02,BUY,10,False,0,1,0.0,0.18053799999999987
103404,100,99.96,SELL,2,False,0,1,0.0,2.7306500000000002
103405,100,100.02,SELL,7,False,0,1,0.0,0.13027699999999998
103406,100,100.0,SELL,10,False,0,0,0.0,0.0
103407,300,100.01,SELL,5,False,0,1,0.0,0.5034170000000002
103408,200,99.98,SELL,9,False,0,0,0.0,0.0
103409,1000,100.02,BUY,6,False,1,0,1.0,2.3589040000000003
103410,300,100.05,BUY,4,False,0,0,0.0,0.0
103411,200,99.99,BUY,10,False,0,0,0.0,0.0
103412,100,100.02,SELL,6,False,0,0,0.0,0.0
103413,200,99.96,SELL,9,False,0,1,0.0,1.8254139999999999
103414,200,99.99,BUY,5,False,0,1,0.0,0.02983899999999995
103415,200,100.01,BUY,9,False,0,0,0.0,0.0
103416,100,100.05,SELL,9,False,1,0,1.0,1.4161729999999997
103417,100,100.03,SELL,5,False,0,0,0.0,0.0
103418,100,100.0,BUY,10,False,0,0,0.0,0.0
103419,20000,100.0,BUY,11,True,0,0,0.0,0.0
103420,100,100.0,BUY,1,False,0,0,0.0,0.0
103421,300,99.95,SELL,4,False,0,0,0.0,0.0
103422,100,99.98,SELL,1,False,0,0,0.0,0.0
103423,200,100.01,BUY,6,False,0,0,0.0,0.0
103424,500,100.05,BUY,1,False,0,0,0.0,0.0
103425,100,99.96,SELL,4,False,0,1,0.0,0.9372400000000001
103426,200,99.98,SELL,2,False,0,1,0.0,2.17523
103427,1000,99.97,SELL,2,False,0,0,0.0,0.0
103428,100,100.04,SELL,9,False,0,0,0.0,0.0
103429,300,99.98,SELL,4,False,0,0,0.0,0.0
103430,300,100.04,SELL,10,False,0,0,0.0,0.0
103431,200,100.03,BUY,5,False,0,1,0.0,2.058983
103432,100,99.96,BUY,8,False,0,1,0.0,1.2648970000000004
103433,200,100.02,BUY,4,False,0,0,0.0,0.0
103434,100,100.0,SELL,5,False,0,0,0.0,0.0
103435,200,99.97,SELL,2,False,0,0,0.0,0.0
103436,500,99.99,SELL,10,False,1,0,1.0,2.571317
103437,200,99.98,SELL,4,False,0,0,0.0,0.0
103438,100,100.0,BUY,9,False,0,0,0.0,0.0
103439,20000,100.0,BUY,11,True,1,0,1.0,2.2442339999999996
103440,200,100.04,SELL,9,False,0,0,0.0,0.0
103441,200,99.98,SELL,5,False,0,0,0.0,0.0
103442,20000,99.99,SELL,11,True,0,0,0.0,0.0
103443,100,100.04,SELL,4,False,0,0,0.0,0.0
103444,100,100.03,BUY,10,False,0,0,0.0,0.0
103445,500,100.02,BUY,2,False,0,1,0.0,0.18246199999999968
103446,100,100.0,SELL,8,False,0,0,0.0,0.0
103447,100,100.01,SELL,2,False,0,0,0.0,0.0
103448,100,99.96,BUY,10,False,0,0,0.0,0.0
103449,10000,100.0,BUY,11,True,1,0,1.0,0.3990490000000002
103450,5000,100.01,SELL,11,True,1,0,1.0,0.520124
103451,200,100.02,BUY,1,False,0,1,0.0,0.08229500000000023
103452,100,100.04,SELL,3,False,0,0,0.0,0.0
103453,300,99.99,SELL,8,False,0,1,0.0,0.9868999999999999
103454,100,99.97,SELL,3,False,0,0,0.0,0.0
103455,200,100.03,SELL,3,False,0,0,0.0,0.0
103456,500,99.98,SELL,1,False,0,1,0.0,1.5287029999999997
103457,300,100.0,BUY,1,False,0,0,0.0,0.0
103458,100,100.04,SELL,9,False,0,0,0.0,0.0
103459,100,100.0,SELL,3,False,0,1,0.0,1.5319549999999995
103460,200,99.98,BUY,5,False,1,0,1.0,0.726426
103461,100,99.96,SELL,2,False,0,0,0.0,0.0
103462,100,100.0,BUY,1,False,0,1,0.0,0.0017970000000002706
103463,300,100.04,SELL,7,False,1,0,1.0,0.3998789999999999
103464,200,100.03,SELL,1,False,0,0,0.0,0.0
103465,500,100.03,BUY,6,False,0,1,0.0,1.0560589999999999
103466,200,100.01,SELL,1,False,0,1,0.0,2.401561
103467,100,99.96,SELL,10,False,0,0,0.0,0.0
103468,100,100.05,SELL,8,False,0,0,0.0,0.0
103469,100,100.03,SELL,4,False,0,0,0.0,0.0
103470,100,100.0,BUY,1,False,0,0,0.0,0.0
103471,100,99.96,SELL,7,False,0,0,0.0,0.0
103472,300,100.03,SELL,8,False,0,0,0.0,0.0
103473,200,99.95,SELL,3,False,0,0,0.0,0.0
103474,100,99.99,SELL,6,False,1,0,1.0,1.1841020000000002
103475,200,99.97,BUY,2,False,1,0,1.0,0.4694959999999999
103476,200,100.01,SELL,10,False,0,1,0.0,0.19341300000000006
103477,200,100.03,SELL,8,False,0,0,0.0,0.0
103478,200,100.05,SELL,9,False,0,0,0.0,0.0
103479,100,99.98,SELL,10,False,0,0,0.0,0.0
103480,200,100.0,BUY,4,False,0,0,0.0,0.0
103481,300,99.96,SELL,3,False,0,1,0.0,0.67679
103482,300,100.01,SELL,5,False,0,0,0.0,0.0
103483,500,100.01,BUY,7,False,1,0,1.0,0.6518069999999998
103484,200,99.99,SELL,1,False,0,0,0.0,0.0
103485,300,100.02,BUY,3,False,0,0,0.0,0.0
103486,300,100.05,SELL,2,False,0,1,0.0,1.5136389999999995
103487,100,100.03,BUY,3,False,0,0,0.0,0.0
103488,500,99.98,SELL,5,False,0,0,0.0,0.0
103489,200,99.97,SELL,3,False,1,0,1.0,2.0151749999999997
103490,100,99.95,BUY,8,False,0,1,0.0,0.17109299999999994
103491,1000,99.99,BUY,1,False,1,0,1.0,1.6237130000000004
103492,1000,100.01,SELL,10,False,0,0,0.0,0.0
103493,100,99.97,SELL,6,False,0,1,0.0,1.1268470000000002
103494,1000,100.01,SELL,9,False,0,0,0.0,0.0
103495,300,99.96,BUY,8,False,0,0,0.0,0.0
103496,20000,99.99,SELL,11,True,0,0,0.0,0.0
103497,100,100.01,SELL,10,False,1,0,1.0,1.274263
103498,100,99.98,BUY,1,False,1,0,1.0,1.3858800000000002
103499,10000,100.01,SELL,11,True,0,0,0.0,0.0
103500,1000,99.96,SELL,6,False,0,0,0.0,0.0
103501,300,99.96,BUY,5,False,0,1,0.0,1.0061330000000002
103502,300,100.02,BUY,10,False,0,0,0.0,0.0
103503,20000,100.01,BUY,11,True,0,0,0.0,0.0
103504,200,100.01,SELL,6,False,0,0,0.0,0.0
103505,100,99.96,BUY,9,False,0,1,0.0,1.6766729999999996
103506,200,100.03,BUY,1,False,0,0,0.0,0.0
103507,200,99.97,BUY,5,False,0,0,0.0,0.0
103508,300,100.02,BUY,9,False,0,0,0.0,0.0
103509,300,99.96,BUY,1,False,0,1,0.0,1.043491
103510,100,99.97,SELL,7,False,0,0,0.0,0.0
103511,300,100.03,SELL,6,False,0,1,0.0,0.05673200000000023
103512,500,99.95,BUY,7,False,0,0,0.0,0.0
103513,100,99.95,BUY,7,False,1,0,1.0,1.9417380000000004
103514,10000,99.99,SELL,11,True,0,0,0.0,0.0
103515,100,99.97,SELL,5,False,0,0,0.0,0.0
103516,100,99.95,SELL,10,False,0,0,0.0,0.0
103517,200,99.97,SELL,8,False,0,0,0.0,0.0
103518,200,100.0,BUY,10,False,0,0,0.0,0.0
103519,1000,100.01,SELL,4,False,0,1,0.0,0.03707400000000005
103520,200,100.03,BUY,6,False,0,0,0.0,0.0
103521,100,99.99,BUY,7,False,0,0,0.0,0.0
103522,100,100.0,BUY,9,False,0,0,0.0,0.0
103523,20000,100.0,SELL,11,True,1,0,1.0,0.4824869999999999
103524,100,100.04,BUY,4,False,0,0,0.0,0.0
103525,20000,99.99,BUY,11,True,1,0,1.0,2.1686579999999998
103526,100,100.0,BUY,3,False,0,1,0.0,0.29181800000000013
103527,200,99.96,SELL,6,False,0,1,0.0,0.47004800000000024
103528,200,100.01,BUY,9,False,0,0,0.0,0.0
103529,300,99.99,SELL,4,False,0,0,0.0,0.0
103530,300,100.0,SELL,1,False,0,1,0.0,0.25324899999999984
103531,500,99.96,SELL,7,False,0,0,0.0,0.0
103532,300,100.0,SELL,7,False,0,1,0.0,0.7015370000000001
103533,100,100.05,BUY,5,False,0,0,0.0,0.0
103534,300,100.04,BUY,6,False,0,0,0.0,0.0
103535,100,100.03,BUY,8,False,0,1,0.0,1.6580909999999998
103536,300,100.04,BUY,8,False,0,1,0.0,0.9873669999999999
103537,20000,100.01,SELL,11,True,1,0,1.0,1.2120410000000001
103538,100,99.99,SELL,7,False,0,0,0.0,0.0
103539,300,99.99,SELL,6,False,0,0,0.0,0.0
103540,100,99.99,SELL,2,False,0,0,0.0,0.0
103541,200,99.97,BUY,10,False,0,0,0.0,0.0
103542,200,100.03,BUY,1,False,0,1,0.0,0.12242199999999981
103543,500,100.04,BUY,10,False,0,0,0.0,0.0
103544,100,100.04,SELL,10,False,0,0,0.0,0.0
103545,100,99.96,BUY,5,False,0,0,0.0,0.0
103546,100,100.02,BUY,8,False,0,1,0.0,1.7873679999999998
103547,100,100.0,BUY,9,False,0,1,0.0,1.7844220000000002
103548,200,100.04,SELL,9,False,0,1,0.0,0.10853599999999997
103549,100,100.0,BUY,7,False,0,0,0.0,0.0
103550,200,99.99,BUY,4,False,0,1,0.0,0.13685599999999987
103551,300,99.97,BUY,10,False,0,1,0.0,0.4993249999999998
103552,500,99.95,SELL,10,False,0,0,0.0,0.0
103553,100,100.01,BUY,5,False,0,0,0.0,0.0
103554,5000,100.0,SELL,11,True,0,0,0.0,0.0
103555,200,99.98,SELL,10,False,0,0,0.0,0.0
103556,200,100.0,SELL,1,False,0,0,0.0,0.0
103557,300,99.96,SELL,3,False,0,0,0.0,0.0
103558,1000,99.99,BUY,5,False,0,1,0.0,0.45537399999999995
103559,200,99.99,SELL,3,False,0,0,0.0,0.0
103560,300,100.03,BUY,1,False,1,0,1.0,1.0018170000000004
103561,100,100.04,SELL,6,False,0,0,0.0,0.0
103562,200,99.97,BUY,7,False,1,0,1.0,0.9816150000000001
103563,100,99.95,SELL,9,False,1,0,1.0,0.715611
103564,100,99.99,SELL,7,False,0,0,0.0,0.0
103565,200,99.96,BUY,10,False,0,0,0.0,0.0
103566,5000,100.0,SELL,11,True,0,0,0.0,0.0
103567,100,100.02,BUY,5,False,1,0,1.0,1.3554140000000006
103568,300,100.04,SELL,1,False,1,0,1.0,1.5291479999999997
103569,200,99.99,BUY,1,False,0,1,0.0,1.3150869999999997
103570,300,100.02,SELL,2,False,0,0,0.0,0.0
103571,500,100.03,SELL,8,False,0,0,0.0,0.0
103572,100,100.02,SELL,10,False,0,0,0.0,0.0
103573,300,100.04,SELL,2,False,0,0,0.0,0.0
103574,200,99.97,SELL,10,False,0,1,0.0,0.8691360000000001
103575,200,100.04,BUY,2,False,0,0,0.0,0.0
103576,300,100.01,BUY,2,False,0,0,0.0,0.0
103577,200,100.01,SELL,7,False,0,0,0.0,0.0
103578,300,99.98,BUY,2,False,0,0,0.0,0.0
103579,300,100.0,BUY,3,False,0,0,0.0,0.0
103580,10000,100.0,SELL,11,True,0,0,0.0,0.0
103581,100,99.99,SELL,5,False,1,0,1.0,0.18600700000000003
103582,200,99.99,BUY,4,False,0,0,0.0,0.0
103583,100,100.04,SELL,6,False,0,1,0.0,1.135808
103584,200,100.01,SELL,10,False,0,1,0.0,1.046643
103585,200,99.99,SELL,7,False,0,0,0.0,0.0
103586,500,100.0,SELL,8,False,1,0,1.0,0.09768699999999964
103587,100,100.04,BUY,7,False,0,1,0.0,0.6827380000000001
103588,300,99.97,BUY,2,False,0,0,0.0,0.0
103589,300,100.03,BUY,4,False,0,1,0.0,0.817116
103590,300,99.98,BUY,10,False,0,0,0.0,0.0
103591,100,100.01,SELL,5,False,0,1,0.0,1.543689
103592,500,100.04,SELL,3,False,0,0,0.0,0.0
103593,100,99.97,SELL,7,False,0,0,0.0,0.0
103594,100,100.03,SELL,7,False,0,0,0.0,0.0
103595,1000,99.97,SELL,3,False,0,0,0.0,0.0
103596,200,99.99,SELL,9,False,0,0,0.0,0.0
103597,100,100.05,BUY,10,False,0,0,0.0,0.0
103598,200,99.96,SELL,4,False,1,0,1.0,1.3707380000000002
103599,200,100.02,BUY,8,False,0,0,0.0,0.0
103600,300,100.01,SELL,9,False,0,1,0.0,0.7925689999999999
103601,500,99.95,SELL,8,False,0,1,0.0,0.1042559999999999
103602,100,100.0,BUY,7,False,0,0,0.0,0.0
103603,500,99.95,SELL,6,False,1,0,1.0,1.5664829999999998
103604,200,99.96,BUY,10,False,0,1,0.0,1.0412399999999997
103605,300,100.0,BUY,9,False,0,0,0.0,0.0
103606,200,99.95,BUY,7,False,0,0,0.0,0.0
103607,200,100.0,SELL,5,False,1,0,1.0,1.481677
103608,300,99.96,SELL,5,False,0,0,0.0,0.0
103609,500,99.98,BUY,5,False,0,1,0.0,0.7917930000000002
103610,200,99.99,SELL,6,False,0,0,0.0,0.0
103611,500,100.0,BUY,8,False,0,1,0.0,0.6214299999999997
103612,100,99.97,BUY,2,False,0,0,0.0,0.0
103613,200,100.01,SELL,8,False,1,0,1.0,2.404026
103614,300,99.98,BUY,6,False,0,1,0.0,1.7764950000000002
103615,200,99.95,BUY,9,False,0,0,0.0,0.0
103616,200,100.02,SELL,7,False,0,0,0.0,0.0
103617,500,99.98,SELL,2,False,0,1,0.0,1.902006
103618,100,99.95,SELL,4,False,1,0,1.0,2.3618209999999995
103619,100,100.01,BUY,8,False,0,0,0.0,0.0
103620,200,100.0,SELL,8,False,0,1,0.0,0.434955
103621,100,100.04,SELL,3,False,1,0,1.0,0.1480929999999998
103622,300,99.97,SELL,10,False,0,1,0.0,2.080894
103623,100,99.98,BUY,4,False,1,0,1.0,1.016518
103624,1000,99.99,SELL,6,False,0,1,0.0,0.05052399999999979
103625,100,99.97,SELL,3,False,0,1,0.0,0.8469149999999996
103626,500,100.0,BUY,1,False,1,0,1.0,1.126976
103627,100,100.03,SELL,8,False,0,0,0.0,0.0
103628,500,100.04,BUY,10,False,0,1,0.0,0.5150169999999998
103629,10000,99.99,SELL,11,True,0,0,0.0,0.0
103630,200,100.02,BUY,1,False,0,0,0.0,0.0
103631,100,99.99,BUY,7,False,1,0,1.0,0.6234600000000001
103632,100,99.97,BUY,7,False,0,0,0.0,0.0
103633,5000,99.99,SELL,11,True,0,0,0.0,0.0
103634,100,99.99,SELL,2,False,0,0,0.0,0.0
103635,200,99.98,BUY,5,False,1,0,1.0,2.316086
103636,200,99.99,SELL,1,False,0,1,0.0,0.916388
103637,100,99.97,BUY,3,False,0,0,0.0,0.0
103638,100,99.98,BUY,4,False,0,0,0.0,0.0
103639,1000,99.99,BUY,3,False,1,0,1.0,1.9390739999999997
103640,200,100.04,SELL,7,False,0,1,0.0,1.7461669999999998
103641,300,99.95,BUY,5,False,0,0,0.0,0.0
103642,200,99.97,BUY,3,False,0,0,0.0,0.0
103643,100,99.95,BUY,6,False,0,0,0.0,0.0
103644,100,100.04,BUY,7,False,0,0,0.0,0.0
103645,100,100.04,SELL,9,False,0,0,0.0,0.0
103646,200,99.96,SELL,4,False,0,0,0.0,0.0
103647,300,100.04,SELL,8,False,0,0,0.0,0.0
103648,100,100.0,BUY,10,False,0,0,0.0,0.0
103649,200,99.96,SELL,3,False,0,1,0.0,0.1250300000000002
103650,100,99.99,BUY,2,False,0,1,0.0,2.0570899999999996
103651,100,100.02,SELL,2,False,0,0,0.0,0.0
103652,200,99.98,BUY,3,False,1,0,1.0,0.04468199999999989
103653,200,100.0,SELL,8,False,0,0,0.0,0.0
103654,300,100.02,BUY,7,False,0,0,0.0,0.0
103655,300,100.02,SELL,4,False,0,1,0.0,0.34208300000000014
103656,100,99.97,BUY,7,False,0,1,0.0,1.5396829999999997
103657,100,99.98,BUY,4,False,0,0,0.0,0.0
103658,500,99.99,SELL,5,False,0,0,0.0,0.0
103659,200,100.02,SELL,3,False,0,1,0.0,1.571275
103660,300,99.96,SELL,1,False,0,1,0.0,1.1241219999999998
103661,200,99.98,BUY,8,False,0,0,0.0,0.0
103662,15000,99.99,BUY,11,True,1,0,1.0,1.2746640000000005
103663,300,100.02,BUY,4,False,0,1,0.0,0.13241799999999992
103664,300,100.03,BUY,10,False,0,1,0.0,1.5269880000000002
103665,100,100.0,BUY,8,False,0,1,0.0,0.21290299999999984
103666,500,99.95,BUY,6,False,0,1,0.0,0.33888200000000035
103667,300,100.03,BUY,3,False,1,0,1.0,0.264586
103668,200,99.99,BUY,9,False,0,1,0.0,1.141159
103669,500,100.0,SELL,4,False,0,1,0.0,0.19709200000000004
103670,100,100.02,BUY,6,False,0,0,0.0,0.0
103671,100,100.0,SELL,1,False,1,0,1.0,1.7775569999999998
103672,500,100.01,BUY,6,False,0,0,0.0,0.0
103673,20000,100.0,SELL,11,True,0,0,0.0,0.0
103674,10000,100.0,BUY,11,True,1,0,1.0,1.616457
103675,100,99.97,BUY,9,False,1,0,1.0,0.9523699999999997
103676,100,99.96,BUY,8,False,0,0,0.0,0.0
103677,100,99.98,BUY,10,False,0,0,0.0,0.0
103678,100,100.0,BUY,3,False,0,1,0.0,1.02047
103679,300,100.0,SELL,5,False,0,0,0.0,0.0
103680,300,99.96,BUY,7,False,0,0,0.0,0.0
103681,200,99.99,SELL,7,False,1,0,1.0,0.07755699999999965
103682,300,100.01,SELL,2,False,1,0,1.0,0.6522829999999997
103683,100,99.97,SELL,4,False,0,0,0.0,0.0
103684,200,99.97,SELL,8,False,0,1,0.0,0.3289230000000001
103685,500,100.01,SELL,10,False,0,1,0.0,2.2549010000000003
103686,200,99.97,SELL,10,False,0,0,0.0,0.0
103687,5000,100.0,BUY,11,True,0,0,0.0,0.0
103688,500,99.96,BUY,10,False,0,0,0.0,0.0
103689,100,99.97,BUY,4,False,0,0,0.0,0.0
103690,100,100.04,BUY,6,False,0,1,0.0,2.2703
103691,300,99.99,SELL,2,False,0,0,0.0,0.0
103692,5000,100.01,SELL,11,True,0,0,0.0,0.0
103693,200,99.97,SELL,6,False,0,0,0.0,0.0
103694,100,100.04,SELL,8,False,0,0,0.0,0.0
103695,100,100.01,BUY,4,False,1,0,1.0,0.7534109999999998
103696,300,100.01,SELL,2,False,0,0,0.0,0.0
103697,200,100.03,BUY,5,False,0,1,0.0,2.473631
103698,200,99.97,SELL,1,False,0,0,0.0,0.0
103699,300,99.99,SELL,8,False,0,0,0.0,0.0
103700,200,99.98,SELL,5,False,0,0,0.0,0.0
103701,500,100.04,SELL,3,False,0,1,0.0,0.3135080000000001
103702,200,99.98,SELL,4,False,0,0,0.0,0.0
103703,300,100.04,SELL,1,False,0,1,0.0,0.7508109999999997
103704,200,100.02,SELL,2,False,0,0,0.0,0.0
103705,100,100.02,SELL,10,False,0,0,0.0,0.0
103706,100,99.96,SELL,7,False,0,0,0.0,0.0
103707,100,100.0,BUY,7,False,0,0,0.0,0.0
103708,20000,99.99,SELL,11,True,1,0,1.0,1.6884139999999994
103709,300,99.99,SELL,7,False,0,0,0.0,0.0
103710,100,100.01,BUY,9,False,0,0,0.0,0.0
103711,300,100.01,BUY,9,False,1,0,1.0,0.6029200000000001
103712,100,99.99,SELL,2,False,0,0,0.0,0.0
103713,100,99.96,BUY,5,False,0,0,0.0,0.0
103714,100,99.98,BUY,2,False,0,0,0.0,0.0
103715,200,100.03,BUY,5,False,0,0,0.0,0.0
103716,100,99.97,SELL,1,False,0,0,0.0,0.0
103717,100,100.03,SELL,2,False,0,0,0.0,0.0
103718,100,99.97,BUY,9,False,0,0,0.0,0.0
103719,300,99.97,BUY,7,False,0,0,0.0,0.0
103720,100,99.97,BUY,2,False,0,0,0.0,0.0
103721,300,100.01,BUY,6,False,0,0,0.0,0.0
103722,100,99.98,BUY,1,False,0,1,0.0,0.9794300000000002
103723,300,99.99,SELL,4,False,0,0,0.0,0.0
103724,200,99.97,BUY,2,False,0,0,0.0,0.0
103725,100,100.04,BUY,8,False,0,0,0.0,0.0
103726,300,100.03,SELL,8,False,1,0,1.0,0.3182729999999996
103727,5000,99.99,SELL,11,True,0,0,0.0,0.0
103728,20000,100.01,SELL,11,True,0,0,0.0,0.0
103729,300,100.04,SELL,5,False,0,0,0.0,0.0
103730,200,100.01,BUY,7,False,0,0,0.0,0.0
103731,100,100.0,BUY,1,False,0,0,0.0,0.0
103732,300,100.04,SELL,4,False,0,0,0.0,0.0
103733,100,99.96,BUY,3,False,0,0,0.0,0.0
103734,100,100.0,SELL,1,False,0,1,0.0,0.30010400000000015
103735,100,99.99,BUY,10,False,0,1,0.0,2.401699
103736,200,100.03,SELL,4,False,0,0,0.0,0.0
103737,100,100.02,SELL,4,False,0,0,0.0,0.0
103738,1000,99.97,SELL,10,False,0,1,0.0,2.2556049999999996
103739,500,100.0,BUY,5,False,0,0,0.0,0.0
103740,200,100.05,BUY,3,False,0,0,0.0,0.0
103741,500,99.99,BUY,6,False,0,0,0.0,0.0
103742,300,100.0,SELL,7,False,0,1,0.0,1.0110170000000003
103743,300,100.03,BUY,5,False,0,0,0.0,0.0
103744,100,100.02,BUY,1,False,0,1,0.0,0.1553960000000001
103745,100,100.0,BUY,10,False,0,0,0.0,0.0
103746,200,100.03,BUY,9,False,1,0,1.0,1.07579
103747,100,100.01,SELL,4,False,0,1,0.0,0.14692799999999995
103748,100,99.99,SELL,7,False,0,0,0.0,0.0
103749,100,100.03,SELL,2,False,0,0,0.0,0.0
103750,200,99.97,SELL,4,False,0,1,0.0,1.022529
103751,200,99.99,SELL,1,False,0,1,0.0,1.053842
103752,5000,100.0,BUY,11,True,0,0,0.0,0.0
103753,10000,100.0,BUY,11,True,0,0,0.0,0.0
103754,200,100.02,SELL,3,False,0,0,0.0,0.0
103755,100,100.0,BUY,10,False,0,0,0.0,0.0
103756,300,100.05,SELL,7,False,0,1,0.0,1.6416899999999996
103757,200,100.03,BUY,7,False,0,0,0.0,0.0
103758,500,100.03,BUY,9,False,0,0,0.0,0.0
103759,200,99.98,BUY,2,False,0,1,0.0,1.909611
103760,100,99.97,BUY,7,False,0,0,0.0,0.0
103761,100,99.96,BUY,9,False,0,0,0.0,0.0
103762,100,100.0,SELL,7,False,0,1,0.0,0.9404330000000001
103763,100,100.01,SELL,3,False,0,0,0.0,0.0
103764,20000,99.99,SELL,11,True,1,0,1.0,0.48524199999999995
103765,200,99.96,BUY,5,False,0,1,0.0,0.4080650000000001
103766,500,100.05,SELL,5,False,0,0,0.0,0.0
103767,300,100.01,BUY,5,False,0,0,0.0,0.0
103768,200,100.01,BUY,1,False,0,0,0.0,0.0
103769,200,99.99,SELL,9,False,0,0,0.0,0.0
103770,200,99.96,SELL,3,False,0,0,0.0,0.0
103771,100,100.0,SELL,6,False,0,0,0.0,0.0
103772,200,100.03,SELL,7,False,0,1,0.0,1.4796580000000001
103773,200,100.02,SELL,4,False,0,0,0.0,0.0
103774,300,99.98,BUY,1,False,0,0,0.0,0.0
103775,100,99.97,SELL,2,False,0,0,0.0,0.0
103776,500,99.96,SELL,7,False,0,0,0.0,0.0
103777,100,100.03,BUY,6,False,0,1,0.0,1.393253
103778,10000,100.01,SELL,11,True,0,0,0.0,0.0
103779,200,100.01,BUY,10,False,0,0,0.0,0.0
103780,100,99.95,SELL,7,False,0,0,0.0,0.0
103781,100,100.01,SELL,4,False,0,0,0.0,0.0
103782,500,100.03,BUY,8,False,0,0,0.0,0.0
103783,500,99.98,BUY,5,False,0,0,0.0,0.0
103784,500,100.04,SELL,9,False,0,1,0.0,1.113851
103785,300,99.97,BUY,6,False,1,0,1.0,0.2305649999999999
103786,200,99.98,SELL,10,False,0,0,0.0,0.0
103787,200,100.0,SELL,3,False,0,0,0.0,0.0
103788,200,100.05,SELL,7,False,0,0,0.0,0.0
103789,100,100.03,SELL,8,False,0,0,0.0,0.0
103790,100,100.04,BUY,1,False,0,0,0.0,0.0
103791,1000,100.04,SELL,5,False,0,1,0.0,1.1522750000000004
103792,200,100.04,SELL,10,False,0,0,0.0,0.0
103793,100,100.04,SELL,2,False,0,0,0.0,0.0
103794,100,99.96,BUY,2,False,0,0,0.0,0.0
103795,1000,100.04,SELL,10,False,0,0,0.0,0.0
103796,100,99.95,SELL,6,False,0,0,0.0,0.0
103797,300,99.98,BUY,4,False,0,0,0.0,0.0
103798,10000,99.99,SELL,11,True,0,0,0.0,0.0
103799,300,99.96,SELL,3,False,0,0,0.0,0.0
103800,5000,100.0,SELL,11,True,0,0,0.0,0.0
103801,200,99.97,SELL,8,False,0,0,0.0,0.0
103802,200,100.01,SELL,1,False,0,0,0.0,0.0
103803,300,99.96,BUY,3,False,0,0,0.0,0.0
103804,200,100.0,SELL,9,False,0,0,0.0,0.0
103805,100,100.01,BUY,2,False,0,0,0.0,0.0
103806,100,100.0,BUY,3,False,0,1,0.0,0.5960429999999999
103807,200,100.05,BUY,1,False,0,0,0.0,0.0
103808,100,100.01,BUY,4,False,0,0,0.0,0.0
103809,100,100.02,BUY,1,False,0,1,0.0,0.733044
103810,100,99.96,SELL,9,False,0,0,0.0,0.0
103811,200,100.02,SELL,5,False,0,1,0.0,1.141388
103812,100,100.0,BUY,8,False,0,0,0.0,0.0
103813,200,100.02,BUY,8,False,0,0,0.0,0.0
103814,100,99.95,SELL,6,False,0,0,0.0,0.0
103815,10000,100.0,BUY,11,True,1,0,1.0,0.9914650000000003
103816,100,100.0,SELL,5,False,0,0,0.0,0.0
103817,200,100.0,BUY,1,False,0,1,0.0,0.548136
103818,100,99.98,BUY,1,False,0,1,0.0,0.9878970000000002
103819,100,100.03,SELL,1,False,0,1,0.0,0.724488
103820,100,99.97,SELL,9,False,0,0,0.0,0.0
103821,100,99.97,BUY,1,False,0,1,0.0,0.14685999999999977
103822,200,100.02,BUY,1,False,0,0,0.0,0.0
103823,10000,99.99,BUY,11,True,0,0,0.0,0.0
103824,100,100.0,SELL,4,False,0,1,0.0,0.166134
103825,100,100.05,SELL,5,False,0,0,0.0,0.0
103826,200,100.02,BUY,8,False,0,0,0.0,0.0
103827,500,100.0,BUY,9,False,0,0,0.0,0.0
103828,5000,100.0,BUY,11,True,0,0,0.0,0.0
103829,200,99.97,SELL,1,False,0,0,0.0,0.0
103830,5000,100.0,BUY,11,True,0,0,0.0,0.0
103831,100,100.05,SELL,3,False,1,0,1.0,0.3694029999999997
103832,300,99.99,SELL,2,False,0,0,0.0,0.0
103833,100,100.01,BUY,3,False,0,0,0.0,0.0
103834,15000,100.01,BUY,11,True,0,0,0.0,0.0
103835,300,100.01,BUY,4,False,0,0,0.0,0.0
103836,100,99.97,SELL,4,False,0,1,0.0,0.6456439999999999
103837,100,100.02,BUY,5,False,0,0,0.0,0.0
103838,15000,100.0,SELL,11,True,0,0,0.0,0.0
103839,200,100.01,BUY,9,False,0,0,0.0,0.0
103840,10000,100.0,SELL,11,True,0,0,0.0,0.0
103841,300,99.97,SELL,4,False,0,0,0.0,0.0
103842,200,100.01,BUY,2,False,0,0,0.0,0.0
103843,100,100.02,BUY,5,False,0,0,0.0,0.0
103844,300,99.99,SELL,5,False,0,1,0.0,0.6561809999999997
103845,5000,100.01,BUY,11,True,1,0,1.0,1.9051900000000002
103846,200,99.95,SELL,10,False,0,1,0.0,1.2848760000000006
103847,200,100.01,SELL,3,False,0,0,0.0,0.0
103848,100,99.99,SELL,2,False,0,0,0.0,0.0
103849,200,99.96,BUY,1,False,0,1,0.0,0.3917220000000001
103850,100,100.0,SELL,3,False,0,0,0.0,0.0
103851,15000,99.99,SELL,11,True,1,0,1.0,0.7319499999999999
103852,300,100.04,BUY,9,False,0,0,0.0,0.0
103853,100,100.02,BUY,4,False,0,0,0.0,0.0
103854,200,100.05,SELL,6,False,0,0,0.0,0.0
103855,500,99.99,BUY,9,False,0,0,0.0,0.0
103856,200,100.02,SELL,7,False,0,0,0.0,0.0
103857,500,100.03,SELL,7,False,0,0,0.0,0.0
103858,300,99.98,SELL,6,False,0,0,0.0,0.0
103859,300,99.99,SELL,5,False,0,0,0.0,0.0
103860,100,100.02,BUY,8,False,0,0,0.0,0.0
103861,100,100.01,SELL,9,False,0,0,0.0,0.0
103862,200,99.95,BUY,7,False,0,1,0.0,0.31937000000000015
103863,100,100.02,BUY,9,False,0,0,0.0,0.0
103864,300,100.05,BUY,10,False,0,1,0.0,1.7098900000000001
103865,100,100.02,SELL,9,False,0,0,0.0,0.0
103866,20000,99.99,BUY,11,True,0,0,0.0,0.0
103867,200,100.04,BUY,9,False,0,0,0.0,0.0
103868,1000,99.96,BUY,4,False,0,1,0.0,0.6187769999999997
103869,100,100.04,BUY,5,False,0,0,0.0,0.0
103870,100,100.02,BUY,5,False,0,0,0.0,0.0
103871,15000,100.01,BUY,11,True,0,0,0.0,0.0
103872,300,100.03,BUY,10,False,0,0,0.0,0.0
103873,500,100.04,SELL,1,False,0,0,0.0,0.0
103874,300,100.0,SELL,6,False,0,0,0.0,0.0
103875,200,100.0,SELL,10,False,0,1,0.0,1.6413849999999996
103876,100,99.96,BUY,7,False,0,0,0.0,0.0
103877,200,100.02,BUY,3,False,0,0,0.0,0.0
103878,200,100.03,SELL,10,False,0,0,0.0,0.0
103879,10000,100.0,SELL,11,True,0,0,0.0,0.0
103880,100,100.02,BUY,10,False,0,0,0.0,0.0
103881,200,100.0,SELL,3,False,0,0,0.0,0.0
103882,100,100.01,BUY,3,False,0,0,0.0,0.0
103883,300,99.96,SELL,8,False,1,0,1.0,2.274215
103884,100,100.04,BUY,6,False,0,0,0.0,0.0
103885,500,100.05,SELL,1,False,0,0,0.0,0.0
103886,200,100.02,SELL,7,False,0,1,0.0,1.502968
103887,100,99.99,BUY,6,False,0,0,0.0,0.0
103888,5000,100.01,BUY,11,True,1,0,1.0,0.0744659999999997
103889,300,99.96,SELL,9,False,0,1,0.0,1.6139330000000003
103890,300,100.02,SELL,6,False,0,0,0.0,0.0
103891,300,100.03,SELL,3,False,0,0,0.0,0.0
103892,500,99.99,SELL,8,False,0,0,0.0,0.0
103893,200,100.03,SELL,9,False,0,0,0.0,0.0
103894,100,100.0,SELL,5,False,0,1,0.0,0.28380300000000025
103895,100,100.02,BUY,5,False,0,1,0.0,1.9916310000000004
103896,300,100.02,BUY,2,False,0,1,0.0,1.4173109999999998
103897,15000,100.0,SELL,11,True,1,0,1.0,1.7587160000000002
103898,200,100.0,SELL,7,False,0,0,0.0,0.0
103899,500,99.99,SELL,6,False,0,0,0.0,0.0
103900,100,100.04,BUY,5,False,0,1,0.0,1.1824430000000001
103901,100,100.02,SELL,6,False,0,0,0.0,0.0
103902,300,100.05,BUY,1,False,0,0,0.0,0.0
103903,1000,99.98,BUY,9,False,0,0,0.0,0.0
103904,300,100.04,SELL,10,False,0,0,0.0,0.0
103905,15000,99.99,BUY,11,True,0,0,0.0,0.0
103906,500,99.98,SELL,8,False,0,0,0.0,0.0
103907,200,99.98,SELL,6,False,0,0,0.0,0.0
103908,200,100.05,BUY,5,False,0,0,0.0,0.0
103909,300,100.0,SELL,8,False,0,0,0.0,0.0
103910,100,99.98,SELL,4,False,0,0,0.0,0.0
103911,100,100.0,SELL,2,False,0,0,0.0,0.0
103912,200,99.99,BUY,6,False,0,0,0.0,0.0
103913,100,100.02,SELL,4,False,0,0,0.0,0.0
103914,1000,99.97,SELL,1,False,1,0,1.0,0.7031420000000002
103915,500,100.02,BUY,4,False,0,1,0.0,1.30111
103916,100,100.03,SELL,8,False,0,1,0.0,2.3472969999999997
103917,100,99.95,SELL,3,False,0,0,0.0,0.0
103918,300,100.02,SELL,10,False,0,0,0.0,0.0
103919,200,100.01,BUY,3,False,0,1,0.0,1.5784170000000004
103920,500,100.0,BUY,5,False,0,0,0.0,0.0
103921,100,100.05,BUY,7,False,0,0,0.0,0.0
103922,100,100.02,SELL,2,False,0,0,0.0,0.0
103923,100,100.03,SELL,6,False,0,0,0.0,0.0
103924,500,99.99,BUY,9,False,0,1,0.0,2.14835
103925,200,100.04,BUY,7,False,0,0,0.0,0.0
103926,500,100.01,BUY,4,False,0,1,0.0,2.2984380000000004
103927,200,99.97,SELL,6,False,0,1,0.0,0.3445549999999997
103928,200,99.97,SELL,5,False,0,1,0.0,2.328346
103929,10000,100.0,BUY,11,True,0,0,0.0,0.0
103930,100,99.99,BUY,7,False,0,0,0.0,0.0
103931,100,99.95,BUY,6,False,0,0,0.0,0.0
103932,500,100.0,BUY,6,False,0,1,0.0,0.5673659999999998
103933,100,99.97,BUY,7,False,0,1,0.0,0.13981200000000005
103934,100,99.98,BUY,3,False,0,0,0.0,0.0
103935,200,99.96,BUY,4,False,0,0,0.0,0.0
103936,200,100.04,SELL,9,False,0,0,0.0,0.0
103937,100,100.01,BUY,8,False,0,0,0.0,0.0
103938,15000,100.01,SELL,11,True,0,0,0.0,0.0
103939,1000,99.98,BUY,1,False,0,0,0.0,0.0
103940,10000,100.0,SELL,11,True,0,0,0.0,0.0
103941,200,99.99,SELL,4,False,0,0,0.0,0.0
103942,200,100.03,SELL,8,False,0,0,0.0,0.0
103943,100,99.95,SELL,4,False,0,0,0.0,0.0
103944,100,99.98,SELL,8,False,0,1,0.0,0.02241499999999963
103945,300,100.04,SELL,1,False,0,0,0.0,0.0
103946,300,100.05,BUY,6,False,0,1,0.0,0.2774479999999997
103947,100,99.97,BUY,4,False,0,0,0.0,0.0
103948,200,100.02,SELL,2,False,1,0,1.0,0.17124799999999984
103949,100,100.02,BUY,8,False,0,0,0.0,0.0
103950,100,99.97,SELL,3,False,0,0,0.0,0.0
103951,500,99.99,SELL,2,False,0,0,0.0,0.0
103952,100,100.0,BUY,3,False,0,0,0.0,0.0
103953,200,99.95,SELL,8,False,0,0,0.0,0.0
103954,300,100.03,SELL,10,False,0,1,0.0,0.491978
103955,200,100.03,SELL,9,False,0,0,0.0,0.0
103956,200,100.02,SELL,2,False,0,1,0.0,2.26105
103957,300,99.99,BUY,10,False,0,0,0.0,0.0
103958,10000,100.0,BUY,11,True,0,0,0.0,0.0
103959,300,100.02,BUY,1,False,0,0,0.0,0.0
103960,200,99.99,SELL,4,False,0,0,0.0,0.0
103961,200,99.97,SELL,2,False,0,0,0.0,0.0
103962,200,100.05,SELL,3,False,0,1,0.0,0.11632499999999979
103963,20000,99.99,BUY,11,True,0,0,0.0,0.0
103964,10000,99.99,BUY,11,True,1,0,1.0,0.47704900000000006
103965,100,99.99,BUY,3,False,0,0,0.0,0.0
103966,100,100.03,BUY,7,False,0,0,0.0,0.0
103967,10000,100.0,SELL,11,True,0,0,0.0,0.0
103968,100,99.98,BUY,7,False,0,0,0.0,0.0
103969,100,100.01,BUY,5,False,0,0,0.0,0.0
103970,100,99.97,SELL,2,False,0,1,0.0,0.842949
103971,300,99.97,SELL,8,False,0,0,0.0,0.0
103972,300,100.05,BUY,1,False,0,1,0.0,2.031838
103973,100,99.97,BUY,5,False,0,0,0.0,0.0
103974,100,100.01,BUY,9,False,0,0,0.0,0.0
103975,300,99.97,SELL,9,False,0,0,0.0,0.0
103976,100,100.0,BUY,7,False,0,0,0.0,0.0
103977,10000,100.0,BUY,11,True,0,0,0.0,0.0
103978,1000,100.05,BUY,1,False,0,1,0.0,2.0032690000000004
103979,300,100.04,SELL,7,False,0,0,0.0,0.0
103980,300,100.05,BUY,3,False,0,0,0.0,0.0
103981,100,100.03,BUY,8,False,0,0,0.0,0.0
103982,500,100.01,SELL,7,False,0,0,0.0,0.0
103983,10000,100.0,SELL,11,True,0,0,0.0,0.0
103984,300,99.98,BUY,10,False,0,0,0.0,0.0
103985,500,100.0,BUY,4,False,0,0,0.0,0.0
103986,100,99.99,SELL,8,False,1,0,1.0,1.3499210000000006
103987,100,100.04,SELL,2,False,1,0,1.0,1.068737
103988,300,100.03,SELL,3,False,0,0,0.0,0.0
103989,300,99.96,SELL,7,False,0,0,0.0,0.0
103990,200,99.96,BUY,1,False,0,0,0.0,0.0
103991,5000,100.01,SELL,11,True,0,0,0.0,0.0
103992,200,100.02,BUY,1,False,0,1,0.0,0.008100999999999914
103993,500,100.02,SELL,8,False,0,0,0.0,0.0
103994,100,100.01,BUY,5,False,0,0,0.0,0.0
103995,200,99.99,SELL,2,False,0,0,0.0,0.0
103996,300,100.05,BUY,9,False,0,1,0.0,0.382838
103997,500,100.02,BUY,2,False,0,0,0.0,0.0
103998,200,100.01,SELL,6,False,0,0,0.0,0.0
103999,1000,100.0,SELL,7,False,0,0,0.0,0.0
104000,200,99.97,SELL,9,False,0,1,0.0,2.0281160000000003
104001,200,99.96,SELL,5,False,0,1,0.0,1.762622
104002,300,100.01,SELL,2,False,0,1,0.0,0.529534
104003,100,100.03,BUY,7,False,0,0,0.0,0.0
104004,1000,100.04,BUY,10,False,0,0,0.0,0.0
104005,5000,99.99,SELL,11,True,0,0,0.0,0.0
104006,300,99.97,SELL,2,False,0,0,0.0,0.0
104007,100,100.02,BUY,3,False,0,1,0.0,0.1818010000000001
104008,1000,100.03,SELL,3,False,0,0,0.0,0.0
104009,500,100.03,BUY,6,False,0,1,0.0,0.7759339999999999
104010,100,99.97,SELL,10,False,0,0,0.0,0.0
104011,1000,99.98,SELL,6,False,0,1,0.0,1.05659
104012,200,99.97,BUY,2,False,0,0,0.0,0.0
104013,200,99.96,SELL,5,False,0,1,0.0,0.9422219999999997
104014,10000,100.0,BUY,11,True,0,0,0.0,0.0
104015,300,99.98,BUY,4,False,0,0,0.0,0.0
104016,200,100.0,BUY,10,False,0,0,0.0,0.0
104017,100,99.98,SELL,1,False,0,0,0.0,0.0
104018,500,99.97,BUY,8,False,0,1,0.0,1.0582130000000003
104019,200,100.02,SELL,7,False,0,0,0.0,0.0
104020,1000,99.96,SELL,8,False,0,0,0.0,0.0
104021,200,100.01,BUY,10,False,0,0,0.0,0.0
104022,500,100.04,BUY,4,False,0,1,0.0,0.43272900000000014
104023,500,100.0,SELL,8,False,0,0,0.0,0.0
104024,500,99.98,SELL,4,False,0,0,0.0,0.0
104025,300,100.01,BUY,6,False,1,0,1.0,1.409475
104026,100,100.03,BUY,8,False,0,0,0.0,0.0
104027,100,99.99,SELL,1,False,1,0,1.0,0.143548
104028,300,100.0,BUY,10,False,0,0,0.0,0.0
104029,200,100.02,BUY,6,False,0,0,0.0,0.0
104030,20000,100.0,BUY,11,True,1,0,1.0,1.0158489999999998
104031,200,99.99,SELL,1,False,0,0,0.0,0.0
104032,15000,100.0,BUY,11,True,0,0,0.0,0.0
104033,1000,100.04,BUY,8,False,0,0,0.0,0.0
104034,200,99.99,BUY,2,False,0,0,0.0,0.0
104035,300,99.96,BUY,10,False,0,0,0.0,0.0
104036,200,100.05,BUY,5,False,0,0,0.0,0.0
104037,500,100.02,BUY,3,False,0,0,0.0,0.0
104038,500,99.97,BUY,1,False,0,0,0.0,0.0
104039,200,99.99,SELL,3,False,0,0,0.0,0.0
104040,100,100.02,BUY,7,False,0,0,0.0,0.0
104041,300,99.99,BUY,9,False,0,1,0.0,0.6432319999999998
104042,200,99.95,BUY,4,False,0,0,0.0,0.0
104043,300,99.98,BUY,10,False,0,0,0.0,0.0
104044,100,99.99,BUY,3,False,0,0,0.0,0.0
104045,300,99.96,SELL,3,False,0,0,0.0,0.0
104046,100,100.04,BUY,4,False,0,0,0.0,0.0
104047,100,100.05,SELL,3,False,0,0,0.0,0.0
104048,500,100.03,BUY,9,False,0,0,0.0,0.0
104049,200,100.01,SELL,4,False,0,1,0.0,0.017055000000000042
104050,100,100.03,BUY,5,False,0,0,0.0,0.0
104051,15000,100.01,BUY,11,True,1,0,1.0,1.5507460000000002
104052,20000,99.99,BUY,11,True,0,0,0.0,0.0
104053,100,100.02,SELL,5,False,0,0,0.0,0.0
104054,10000,100.0,BUY,11,True,1,0,1.0,1.8051300000000001
104055,200,100.0,SELL,9,False,0,1,0.0,0.4967929999999998
104056,15000,100.01,SELL,11,True,0,0,0.0,0.0
104057,5000,100.0,SELL,11,True,0,0,0.0,0.0
104058,200,99.96,BUY,2,False,0,0,0.0,0.0
104059,500,99.99,BUY,8,False,0,0,0.0,0.0
104060,100,99.96,BUY,9,False,0,0,0.0,0.0
104061,200,100.0,SELL,2,False,0,0,0.0,0.0
104062,100,99.96,SELL,3,False,0,0,0.0,0.0
104063,100,99.99,SELL,5,False,0,1,0.0,0.9089709999999998
104064,100,100.02,SELL,3,False,0,0,0.0,0.0
104065,200,100.03,SELL,6,False,0,0,0.0,0.0
104066,100,99.99,BUY,10,False,0,0,0.0,0.0
104067,10000,100.01,SELL,11,True,1,0,1.0,0.18532100000000007
104068,300,99.95,SELL,2,False,0,1,0.0,2.0675839999999996
104069,500,100.0,BUY,2,False,0,0,0.0,0.0
104070,200,99.96,SELL,4,False,0,1,0.0,1.100232
104071,500,100.04,SELL,7,False,0,0,0.0,0.0
104072,100,99.97,BUY,9,False,0,0,0.0,0.0
104073,200,99.95,BUY,3,False,0,0,0.0,0.0
104074,200,100.01,SELL,3,False,0,0,0.0,0.0
104075,100,100.02,BUY,1,False,0,1,0.0,1.2812479999999997
104076,100,99.98,BUY,7,False,0,0,0.0,0.0
104077,200,100.05,SELL,2,False,0,0,0.0,0.0
104078,100,99.96,SELL,5,False,0,0,0.0,0.0
104079,200,100.02,SELL,5,False,0,1,0.0,1.5700600000000002
104080,300,100.03,SELL,6,False,0,0,0.0,0.0
104081,100,100.05,SELL,2,False,0,0,0.0,0.0
104082,100,100.02,SELL,9,False,0,1,0.0,0.7334809999999998
104083,200,99.98,BUY,7,False,0,0,0.0,0.0
104084,300,99.99,BUY,1,False,0,0,0.0,0.0
104085,300,100.0,SELL,10,False,0,0,0.0,0.0
104086,200,100.02,BUY,5,False,0,0,0.0,0.0
104087,200,99.96,BUY,10,False,0,0,0.0,0.0
104088,500,99.97,SELL,7,False,0,0,0.0,0.0
104089,500,99.99,SELL,5,False,0,0,0.0,0.0
104090,500,100.03,BUY,1,False,0,0,0.0,0.0
104091,200,100.01,SELL,6,False,0,0,0.0,0.0
104092,300,99.98,BUY,1,False,0,0,0.0,0.0
104093,300,100.05,BUY,7,False,0,0,0.0,0.0
104094,200,100.01,SELL,7,False,0,0,0.0,0.0
104095,200,100.03,BUY,2,False,0,1,0.0,1.6715840000000002
104096,300,100.0,SELL,3,False,0,0,0.0,0.0
104097,200,100.02,SELL,7,False,0,1,0.0,1.0945680000000002
104098,100,100.02,BUY,3,False,0,0,0.0,0.0
104099,200,100.04,BUY,10,False,0,0,0.0,0.0
104100,1000,99.98,SELL,3,False,0,0,0.0,0.0
104101,500,99.98,SELL,1,False,0,0,0.0,0.0
104102,100,99.95,BUY,5,False,0,0,0.0,0.0
104103,300,100.01,BUY,8,False,0,0,0.0,0.0
104104,300,100.01,SELL,6,False,0,1,0.0,1.0725920000000002
104105,200,100.0,BUY,5,False,0,0,0.0,0.0
104106,500,100.04,SELL,6,False,0,0,0.0,0.0
104107,200,100.03,SELL,2,False,0,0,0.0,0.0
104108,100,99.97,SELL,9,False,0,0,0.0,0.0
104109,200,100.0,SELL,8,False,0,0,0.0,0.0
104110,300,100.0,BUY,8,False,0,0,0.0,0.0
104111,200,100.02,SELL,5,False,1,0,1.0,0.17063400000000017
104112,100,100.05,BUY,8,False,0,1,0.0,1.5394420000000002
104113,200,100.03,SELL,3,False,0,0,0.0,0.0
104114,100,99.99,SELL,4,False,0,0,0.0,0.0
104115,200,99.97,SELL,5,False,0,1,0.0,0.10347799999999996
104116,300,99.95,BUY,7,False,0,0,0.0,0.0
104117,1000,99.97,SELL,1,False,0,1,0.0,0.8291119999999998
104118,100,99.96,BUY,5,False,0,1,0.0,0.15558000000000005
104119,100,99.98,BUY,1,False,0,0,0.0,0.0
104120,200,100.02,SELL,8,False,0,0,0.0,0.0
104121,200,99.98,SELL,2,False,0,0,0.0,0.0
104122,100,100.05,BUY,2,False,0,0,0.0,0.0
104123,100,99.98,BUY,4,False,0,1,0.0,1.0666830000000003
104124,500,99.95,BUY,6,False,0,0,0.0,0.0
104125,100,99.95,BUY,9,False,0,0,0.0,0.0
104126,300,100.02,SELL,4,False,0,0,0.0,0.0
104127,200,99.98,SELL,8,False,0,0,0.0,0.0
104128,100,100.03,SELL,7,False,0,0,0.0,0.0
104129,200,100.03,SELL,8,False,1,0,1.0,1.309851
104130,200,99.98,BUY,7,False,0,0,0.0,0.0
104131,100,99.95,SELL,1,False,0,0,0.0,0.0
104132,200,100.02,BUY,7,False,0,1,0.0,2.0916119999999996
104133,100,100.01,BUY,8,False,0,0,0.0,0.0
104134,100,100.05,SELL,10,False,0,0,0.0,0.0
104135,500,99.95,SELL,5,False,0,0,0.0,0.0
104136,300,99.98,SELL,8,False,0,1,0.0,1.5240559999999994
104137,200,99.96,BUY,1,False,0,1,0.0,0.7988759999999999
104138,100,99.97,SELL,4,False,0,0,0.0,0.0
104139,300,99.97,BUY,7,False,0,0,0.0,0.0
104140,200,99.96,SELL,5,False,0,0,0.0,0.0
104141,200,100.01,SELL,6,False,0,0,0.0,0.0
104142,300,99.99,BUY,3,False,0,0,0.0,0.0
104143,200,99.99,SELL,9,False,0,0,0.0,0.0
104144,15000,100.0,BUY,11,True,1,0,1.0,0.7419910000000001
104145,15000,100.0,BUY,11,True,1,0,1.0,0.9925680000000003
104146,300,100.03,SELL,2,False,0,0,0.0,0.0
104147,100,100.04,SELL,6,False,0,0,0.0,0.0
104148,300,100.02,BUY,4,False,0,0,0.0,0.0
104149,200,99.99,SELL,1,False,0,0,0.0,0.0
104150,20000,99.99,BUY,11,True,0,0,0.0,0.0
104151,200,99.99,BUY,9,False,0,0,0.0,0.0
104152,100,100.01,SELL,4,False,0,0,0.0,0.0
104153,100,100.05,BUY,4,False,0,0,0.0,0.0
104154,500,99.98,SELL,5,False,0,0,0.0,0.0
104155,100,100.0,BUY,3,False,1,0,1.0,1.790714
104156,200,100.0,BUY,8,False,0,1,0.0,0.6927059999999998
104157,15000,100.01,SELL,11,True,0,0,0.0,0.0
104158,300,99.97,BUY,9,False,0,0,0.0,0.0
104159,300,100.04,SELL,4,False,0,0,0.0,0.0
104160,10000,100.0,BUY,11,True,1,0,1.0,0.07417600000000002
104161,10000,100.0,BUY,11,True,1,0,1.0,0.3402940000000001
104162,100,100.03,BUY,1,False,1,0,1.0,0.0021490000000001785
104163,200,100.04,BUY,7,False,0,0,0.0,0.0
104164,100,99.95,BUY,10,False,0,1,0.0,1.4466670000000006
104165,100,99.96,SELL,1,False,0,1,0.0,0.7218049999999998
104166,20000,100.01,BUY,11,True,0,0,0.0,0.0
104167,200,100.04,BUY,5,False,0,1,0.0,0.8542300000000003
104168,200,99.98,BUY,3,False,1,0,1.0,0.07230300000000023
104169,200,99.97,SELL,6,False,0,0,0.0,0.0
104170,300,99.99,SELL,4,False,0,0,0.0,0.0
104171,200,100.02,SELL,6,False,0,0,0.0,0.0
104172,300,99.99,BUY,6,False,0,0,0.0,0.0
104173,300,100.04,SELL,9,False,0,1,0.0,0.6675600000000004
104174,100,99.99,SELL,6,False,0,0,0.0,0.0
104175,500,100.01,BUY,6,False,0,0,0.0,0.0
104176,100,100.04,BUY,3,False,0,0,0.0,0.0
104177,100,99.97,SELL,2,False,1,0,1.0,0.6312669999999998
104178,100,99.98,BUY,1,False,0,0,0.0,0.0
104179,300,100.02,BUY,7,False,0,0,0.0,0.0
104180,1000,100.01,BUY,9,False,0,0,0.0,0.0
104181,100,99.96,BUY,9,False,0,0,0.0,0.0
104182,100,99.99,BUY,9,False,0,1,0.0,0.789663
104183,200,100.05,BUY,10,False,1,0,1.0,0.8775900000000001
104184,100,99.97,SELL,6,False,0,0,0.0,0.0
104185,100,100.02,BUY,2,False,0,1,0.0,0.3651500000000003
104186,1000,99.99,SELL,4,False,0,0,0.0,0.0
104187,5000,100.0,BUY,11,True,0,0,0.0,0.0
104188,500,100.04,SELL,9,False,0,0,0.0,0.0
104189,500,99.96,SELL,5,False,0,1,0.0,1.6642260000000002
104190,100,100.01,SELL,3,False,0,1,0.0,0.1123820000000002
104191,300,99.97,BUY,8,False,0,1,0.0,0.028508999999999673
104192,200,99.99,SELL,8,False,0,1,0.0,1.25229
104193,500,99.97,SELL,6,False,0,0,0.0,0.0
104194,500,99.98,BUY,9,False,0,0,0.0,0.0
104195,300,100.05,SELL,6,False,0,0,0.0,0.0
104196,100,100.01,BUY,9,False,0,0,0.0,0.0
104197,500,99.98,BUY,3,False,0,0,0.0,0.0
104198,100,100.05,BUY,2,False,0,1,0.0,0.06283100000000008
104199,100,99.99,SELL,8,False,0,0,0.0,0.0
104200,10000,100.0,SELL,11,True,1,0,1.0,2.020512
104201,1000,99.99,BUY,6,False,0,0,0.0,0.0
104202,200,100.05,SELL,6,False,0,0,0.0,0.0
104203,1000,100.03,BUY,6,False,0,0,0.0,0.0
104204,200,100.04,BUY,8,False,0,1,0.0,1.551504
104205,100,100.0,BUY,1,False,1,0,1.0,0.7221929999999999
104206,200,100.05,BUY,8,False,0,0,0.0,0.0
104207,100,99.99,BUY,3,False,0,1,0.0,1.2955820000000005
104208,1000,99.97,BUY,2,False,0,0,0.0,0.0
104209,100,100.04,BUY,6,False,1,0,1.0,2.0263560000000003
104210,10000,100.01,BUY,11,True,1,0,1.0,0.338117
104211,100,100.03,BUY,6,False,0,0,0.0,0.0
104212,100,100.0,BUY,3,False,0,0,0.0,0.0
104213,200,100.01,BUY,4,False,0,0,0.0,0.0
104214,200,100.01,SELL,4,False,0,1,0.0,1.1091289999999998
104215,100,100.01,SELL,8,False,0,0,0.0,0.0
104216,200,100.02,SELL,9,False,0,0,0.0,0.0
104217,100,100.04,BUY,6,False,1,0,1.0,0.3675830000000002
104218,15000,100.01,SELL,11,True,0,0,0.0,0.0
104219,100,99.99,SELL,2,False,0,0,0.0,0.0
104220,15000,100.0,SELL,11,True,0,0,0.0,0.0
104221,200,100.0,BUY,10,False,0,0,0.0,0.0
104222,500,100.0,BUY,2,False,0,0,0.0,0.0
104223,100,99.98,BUY,4,False,0,0,0.0,0.0
104224,300,100.02,BUY,5,False,0,1,0.0,0.029177999999999926
104225,200,99.96,SELL,10,False,0,0,0.0,0.0
104226,100,100.01,SELL,7,False,0,1,0.0,1.224425
104227,200,100.04,BUY,4,False,0,0,0.0,0.0
104228,500,100.0,BUY,4,False,0,0,0.0,0.0
104229,200,100.0,SELL,8,False,0,0,0.0,0.0
104230,100,100.04,SELL,9,False,0,0,0.0,0.0
104231,100,100.0,BUY,5,False,0,0,0.0,0.0
104232,1000,100.02,BUY,6,False,0,0,0.0,0.0
104233,100,99.97,BUY,4,False,0,0,0.0,0.0
104234,1000,99.98,BUY,10,False,0,0,0.0,0.0
104235,200,99.99,BUY,2,False,0,0,0.0,0.0
104236,300,99.97,SELL,10,False,0,0,0.0,0.0
104237,15000,100.0,BUY,11,True,0,0,0.0,0.0
104238,5000,100.0,BUY,11,True,1,0,1.0,0.13459699999999986
104239,5000,100.0,SELL,11,True,0,0,0.0,0.0
104240,100,100.03,BUY,8,False,0,0,0.0,0.0
104241,200,100.0,SELL,9,False,0,0,0.0,0.0
104242,1000,99.99,SELL,8,False,0,0,0.0,0.0
104243,300,99.98,SELL,5,False,0,0,0.0,0.0
104244,200,99.98,SELL,6,False,0,0,0.0,0.0
104245,100,99.97,BUY,5,False,0,0,0.0,0.0
104246,200,99.98,SELL,5,False,1,0,1.0,0.6888809999999999
104247,300,100.03,BUY,6,False,0,1,0.0,0.8342139999999998
104248,100,100.05,BUY,6,False,0,0,0.0,0.0
104249,500,99.96,SELL,8,False,0,0,0.0,0.0
104250,100,99.95,SELL,2,False,1,0,1.0,1.816567
104251,100,99.95,SELL,8,False,0,0,0.0,0.0
104252,10000,100.0,BUY,11,True,1,0,1.0,2.072623
104253,200,100.04,BUY,3,False,0,0,0.0,0.0
104254,100,100.04,BUY,5,False,1,0,1.0,0.306308
104255,200,100.0,BUY,9,False,0,0,0.0,0.0
104256,100,100.05,SELL,7,False,0,1,0.0,1.6516220000000001
104257,100,100.0,BUY,3,False,0,0,0.0,0.0
104258,100,100.01,BUY,4,False,0,0,0.0,0.0
104259,200,99.97,BUY,9,False,0,0,0.0,0.0
104260,100,100.02,BUY,4,False,0,0,0.0,0.0
104261,100,99.97,BUY,10,False,0,0,0.0,0.0
104262,1000,99.98,BUY,5,False,0,0,0.0,0.0
104263,300,99.98,BUY,3,False,0,0,0.0,0.0
104264,1000,100.01,BUY,7,False,0,1,0.0,0.8962789999999998
104265,300,99.97,SELL,8,False,0,0,0.0,0.0
104266,500,100.02,BUY,1,False,0,0,0.0,0.0
104267,5000,100.01,SELL,11,True,1,0,1.0,0.975495
104268,500,100.05,BUY,1,False,0,0,0.0,0.0
104269,15000,100.0,SELL,11,True,0,0,0.0,0.0
104270,200,100.04,BUY,10,False,0,0,0.0,0.0
104271,100,99.98,SELL,3,False,0,0,0.0,0.0
104272,100,100.0,SELL,2,False,0,1,0.0,0.6158980000000001
104273,100,100.0,BUY,3,False,0,0,0.0,0.0
104274,100,100.03,SELL,10,False,0,0,0.0,0.0
104275,100,100.03,BUY,7,False,0,1,0.0,1.0400180000000003
104276,100,100.04,SELL,1,False,0,0,0.0,0.0
104277,200,100.04,SELL,5,False,0,1,0.0,0.3996979999999999
104278,1000,99.97,BUY,5,False,0,1,0.0,1.1504700000000003
104279,200,100.0,SELL,3,False,0,0,0.0,0.0
104280,500,99.96,BUY,5,False,0,0,0.0,0.0
104281,100,100.02,SELL,4,False,0,0,0.0,0.0
104282,100,99.99,BUY,4,False,0,0,0.0,0.0
104283,15000,99.99,BUY,11,True,0,0,0.0,0.0
104284,100,99.98,SELL,10,False,0,0,0.0,0.0
104285,200,100.03,SELL,2,False,0,0,0.0,0.0
104286,100,99.98,BUY,6,False,0,0,0.0,0.0
104287,100,99.96,BUY,7,False,0,0,0.0,0.0
104288,100,99.95,SELL,1,False,1,0,1.0,1.7862620000000002
104289,15000,99.99,SELL,11,True,0,0,0.0,0.0
104290,200,99.96,BUY,4,False,1,0,1.0,1.94239
104291,300,99.98,SELL,8,False,0,0,0.0,0.0
104292,100,99.98,BUY,1,False,0,0,0.0,0.0
104293,500,100.03,SELL,1,False,0,0,0.0,0.0
104294,200,100.01,BUY,1,False,0,0,0.0,0.0
104295,200,100.03,BUY,2,False,0,0,0.0,0.0
104296,100,99.96,SELL,2,False,0,1,0.0,1.3803450000000002
104297,100,100.0,BUY,5,False,0,0,0.0,0.0
104298,200,100.0,SELL,7,False,0,0,0.0,0.0
104299,200,100.0,BUY,4,False,0,0,0.0,0.0
104300,100,100.04,SELL,6,False,0,0,0.0,0.0
104301,1000,100.0,BUY,1,False,0,1,0.0,1.5649529999999996
104302,300,100.01,BUY,5,False,0,1,0.0,0.11537299999999995
104303,100,99.98,SELL,4,False,0,0,0.0,0.0
104304,100,100.04,SELL,7,False,0,0,0.0,0.0
104305,300,99.97,SELL,9,False,0,0,0.0,0.0
104306,200,99.98,BUY,3,False,0,0,0.0,0.0
104307,100,100.01,SELL,7,False,0,0,0.0,0.0
104308,200,100.01,SELL,5,False,0,0,0.0,0.0
104309,200,100.05,BUY,9,False,0,0,0.0,0.0
104310,200,100.02,BUY,2,False,0,0,0.0,0.0
104311,100,100.04,SELL,9,False,0,0,0.0,0.0
104312,300,100.0,BUY,4,False,0,0,0.0,0.0
104313,300,100.0,BUY,10,False,0,1,0.0,0.9930929999999996
104314,500,99.96,SELL,1,False,0,0,0.0,0.0
104315,200,99.97,SELL,2,False,0,0,0.0,0.0
104316,300,99.96,BUY,6,False,0,0,0.0,0.0
104317,300,100.02,SELL,4,False,0,0,0.0,0.0
104318,200,100.04,SELL,1,False,0,0,0.0,0.0
104319,300,100.04,SELL,2,False,0,0,0.0,0.0
104320,100,100.0,BUY,1,False,0,0,0.0,0.0
104321,300,99.98,SELL,3,False,0,0,0.0,0.0
104322,100,100.03,BUY,4,False,0,0,0.0,0.0
104323,100,100.04,BUY,5,False,1,0,1.0,0.2214069999999997
104324,500,99.99,BUY,10,False,0,0,0.0,0.0
104325,500,100.03,BUY,10,False,0,0,0.0,0.0
104326,100,99.96,BUY,8,False,0,0,0.0,0.0
104327,1000,100.01,SELL,6,False,0,0,0.0,0.0
104328,300,100.03,BUY,6,False,0,0,0.0,0.0
104329,100,100.03,BUY,9,False,0,0,0.0,0.0
104330,300,99.97,SELL,9,False,0,0,0.0,0.0
104331,200,99.95,SELL,7,False,0,0,0.0,0.0
104332,100,100.04,BUY,9,False,0,0,0.0,0.0
104333,300,99.99,SELL,1,False,0,0,0.0,0.0
104334,200,100.04,SELL,4,False,0,0,0.0,0.0
104335,200,99.97,BUY,4,False,0,0,0.0,0.0
104336,500,99.99,SELL,8,False,0,0,0.0,0.0
104337,200,100.02,BUY,9,False,0,0,0.0,0.0
104338,300,99.98,BUY,3,False,0,1,0.0,0.669559
104339,100,99.99,BUY,4,False,0,0,0.0,0.0
104340,100,100.03,SELL,10,False,0,0,0.0,0.0
104341,15000,99.99,BUY,11,True,1,0,1.0,0.966691
104342,200,100.03,SELL,5,False,0,1,0.0,0.11651699999999998
104343,100,100.03,BUY,4,False,0,0,0.0,0.0
104344,300,99.97,SELL,4,False,0,1,0.0,1.3108960000000005
104345,100,99.96,SELL,3,False,0,0,0.0,0.0
104346,200,99.97,BUY,7,False,0,0,0.0,0.0
104347,200,99.99,SELL,3,False,0,0,0.0,0.0
104348,500,100.03,BUY,8,False,0,0,0.0,0.0
104349,200,100.04,BUY,3,False,0,0,0.0,0.0
104350,200,99.97,SELL,3,False,0,0,0.0,0.0
104351,20000,99.99,SELL,11,True,0,0,0.0,0.0
104352,100,100.04,BUY,9,False,0,0,0.0,0.0
104353,100,99.99,SELL,8,False,0,0,0.0,0.0
104354,200,99.96,BUY,3,False,0,0,0.0,0.0
104355,200,99.97,SELL,10,False,0,1,0.0,1.3160129999999994
104356,300,100.04,BUY,10,False,0,1,0.0,1.4902179999999996
104357,200,99.99,BUY,5,False,0,0,0.0,0.0
104358,100,99.96,SELL,8,False,0,0,0.0,0.0
104359,300,99.97,BUY,3,False,0,0,0.0,0.0
104360,200,100.0,BUY,10,False,0,0,0.0,0.0
104361,300,100.04,SELL,10,False,0,0,0.0,0.0
104362,100,99.99,BUY,3,False,0,0,0.0,0.0
104363,200,100.02,SELL,8,False,0,0,0.0,0.0
104364,1000,99.99,BUY,5,False,0,0,0.0,0.0
104365,100,99.99,SELL,2,False,0,1,0.0,1.852983
104366,300,99.97,BUY,10,False,0,1,0.0,1.0947059999999995
104367,200,99.98,BUY,3,False,0,0,0.0,0.0
104368,100,100.03,SELL,8,False,0,0,0.0,0.0
104369,200,99.96,SELL,1,False,1,0,1.0,0.7167889999999999
104370,200,99.99,BUY,8,False,0,1,0.0,0.3195889999999997
104371,15000,100.0,BUY,11,True,0,0,0.0,0.0
104372,300,99.97,SELL,9,False,0,0,0.0,0.0
104373,200,99.95,SELL,4,False,0,0,0.0,0.0
104374,200,99.98,BUY,10,False,0,1,0.0,0.5717440000000003
104375,200,100.04,SELL,8,False,0,0,0.0,0.0
104376,100,100.04,BUY,1,False,0,0,0.0,0.0
104377,300,100.04,BUY,9,False,0,1,0.0,0.012647999999999993
104378,300,99.97,BUY,8,False,0,0,0.0,0.0
104379,200,100.05,SELL,10,False,0,0,0.0,0.0
104380,100,100.05,SELL,1,False,0,0,0.0,0.0
104381,200,99.97,BUY,3,False,0,0,0.0,0.0
104382,300,99.96,BUY,6,False,0,0,0.0,0.0
104383,300,100.03,BUY,10,False,0,1,0.0,0.034657999999999856
104384,300,99.98,SELL,4,False,0,0,0.0,0.0
104385,200,100.0,SELL,7,False,0,0,0.0,0.0
104386,1000,99.98,SELL,1,False,0,0,0.0,0.0
104387,500,100.03,SELL,8,False,0,1,0.0,1.1991429999999998
104388,500,100.04,BUY,7,False,0,0,0.0,0.0
104389,200,100.0,BUY,8,False,0,0,0.0,0.0
104390,200,99.98,BUY,7,False,0,1,0.0,1.1627299999999998
104391,100,100.04,BUY,10,False,0,0,0.0,0.0
104392,300,99.97,SELL,5,False,0,0,0.0,0.0
104393,300,100.05,SELL,8,False,0,0,0.0,0.0
104394,100,99.96,SELL,9,False,0,0,0.0,0.0
104395,200,99.97,BUY,8,False,0,1,0.0,0.0013410000000000366
104396,200,100.02,SELL,2,False,0,0,0.0,0.0
104397,300,99.98,BUY,6,False,0,0,0.0,0.0
104398,200,100.02,BUY,9,False,0,0,0.0,0.0
104399,100,99.98,BUY,3,False,0,0,0.0,0.0
104400,300,99.95,BUY,6,False,0,0,0.0,0.0
104401,15000,100.01,BUY,11,True,0,0,0.0,0.0
104402,200,100.03,BUY,8,False,0,0,0.0,0.0
104403,100,100.04,SELL,7,False,0,0,0.0,0.0
104404,200,99.95,BUY,10,False,0,0,0.0,0.0
104405,100,100.01,BUY,2,False,0,0,0.0,0.0
104406,1000,99.96,SELL,5,False,0,0,0.0,0.0
104407,100,100.0,SELL,3,False,0,0,0.0,0.0
104408,100,100.0,SELL,2,False,0,0,0.0,0.0
104409,500,100.02,SELL,6,False,0,1,0.0,1.5454909999999997
104410,200,99.95,SELL,10,False,0,0,0.0,0.0
104411,1000,100.02,BUY,9,False,0,0,0.0,0.0
104412,500,100.01,BUY,6,False,0,0,0.0,0.0
104413,200,99.96,SELL,2,False,0,0,0.0,0.0
104414,200,100.0,SELL,9,False,0,0,0.0,0.0
104415,100,100.01,BUY,6,False,0,0,0.0,0.0
104416,200,99.96,SELL,3,False,0,1,0.0,1.335076
104417,300,99.98,BUY,6,False,0,0,0.0,0.0
104418,500,99.99,BUY,3,False,0,1,0.0,0.5372509999999999
104419,300,100.0,SELL,10,False,0,0,0.0,0.0
104420,200,99.96,BUY,5,False,0,1,0.0,0.161416
104421,100,99.98,SELL,3,False,0,0,0.0,0.0
104422,100,99.99,BUY,7,False,0,0,0.0,0.0
104423,15000,100.01,BUY,11,True,0,0,0.0,0.0
104424,100,99.97,SELL,4,False,0,0,0.0,0.0
104425,1000,99.97,BUY,3,False,0,0,0.0,0.0
104426,300,99.96,BUY,3,False,0,0,0.0,0.0
104427,500,99.97,BUY,2,False,0,0,0.0,0.0
104428,15000,100.0,SELL,11,True,0,0,0.0,0.0
104429,10000,100.0,BUY,11,True,0,0,0.0,0.0
104430,500,100.02,SELL,8,False,0,0,0.0,0.0
104431,300,99.96,SELL,2,False,0,0,0.0,0.0
104432,200,100.0,BUY,4,False,0,0,0.0,0.0
104433,100,99.98,SELL,10,False,0,0,0.0,0.0
104434,200,99.97,BUY,4,False,0,0,0.0,0.0
104435,500,100.01,BUY,8,False,0,0,0.0,0.0
104436,200,99.98,SELL,2,False,0,0,0.0,0.0
104437,500,99.98,SELL,10,False,0,0,0.0,0.0
104438,200,100.01,BUY,4,False,0,0,0.0,0.0
104439,300,99.99,SELL,5,False,0,0,0.0,0.0
104440,500,100.04,SELL,2,False,0,1,0.0,0.22641800000000023
104441,200,99.97,SELL,7,False,0,0,0.0,0.0
104442,100,100.01,SELL,8,False,0,0,0.0,0.0
104443,200,99.99,BUY,7,False,0,1,0.0,0.3920750000000002
104444,5000,100.0,SELL,11,True,1,0,1.0,0.7197780000000003
104445,500,99.96,BUY,9,False,0,0,0.0,0.0
104446,200,99.98,SELL,4,False,1,0,1.0,1.366437
104447,100,100.05,BUY,4,False,0,0,0.0,0.0
104448,100,99.98,BUY,10,False,0,0,0.0,0.0
104449,100,100.04,BUY,6,False,0,1,0.0,1.2647139999999997
104450,100,99.98,BUY,5,False,0,0,0.0,0.0
104451,200,99.97,BUY,1,False,0,0,0.0,0.0
104452,300,100.05,SELL,4,False,0,1,0.0,0.5089080000000004
104453,500,100.01,SELL,7,False,0,1,0.0,0.12280700000000033
104454,1000,99.98,BUY,6,False,0,0,0.0,0.0
104455,300,99.97,SELL,6,False,0,0,0.0,0.0
104456,10000,99.99,SELL,11,True,0,0,0.0,0.0
104457,300,100.04,BUY,4,False,0,1,0.0,0.09863899999999992
104458,10000,100.0,BUY,11,True,0,0,0.0,0.0
104459,100,99.99,SELL,5,False,0,0,0.0,0.0
104460,300,100.02,BUY,7,False,0,0,0.0,0.0
104461,200,99.96,BUY,8,False,0,0,0.0,0.0
104462,100,99.97,BUY,7,False,0,1,0.0,1.7236409999999998
104463,200,100.04,BUY,6,False,0,0,0.0,0.0
104464,15000,100.01,BUY,11,True,0,0,0.0,0.0
104465,200,99.95,BUY,7,False,0,0,0.0,0.0
104466,10000,99.99,BUY,11,True,1,0,1.0,1.72486
104467,15000,100.0,BUY,11,True,0,0,0.0,0.0
104468,200,100.04,BUY,8,False,0,1,0.0,1.710042
104469,100,100.01,SELL,1,False,0,0,0.0,0.0
104470,500,100.0,SELL,5,False,0,0,0.0,0.0
104471,100,99.96,BUY,8,False,0,0,0.0,0.0
104472,100,99.95,BUY,2,False,0,0,0.0,0.0
104473,200,100.05,BUY,8,False,0,0,0.0,0.0
104474,100,99.98,BUY,7,False,0,1,0.0,0.6948789999999998
104475,10000,100.0,SELL,11,True,0,0,0.0,0.0
104476,300,100.04,BUY,6,False,0,0,0.0,0.0
104477,200,100.03,SELL,3,False,0,0,0.0,0.0
104478,300,99.96,BUY,7,False,0,0,0.0,0.0
104479,1000,99.98,BUY,5,False,0,1,0.0,0.1411929999999999
104480,1000,100.05,SELL,6,False,0,0,0.0,0.0
104481,500,100.03,SELL,1,False,0,0,0.0,0.0
104482,500,100.04,BUY,6,False,0,0,0.0,0.0
104483,15000,100.0,BUY,11,True,0,0,0.0,0.0
104484,100,100.02,SELL,8,False,0,0,0.0,0.0
104485,100,99.99,BUY,2,False,0,0,0.0,0.0
104486,500,100.03,SELL,7,False,0,0,0.0,0.0
104487,300,99.98,SELL,2,False,0,1,0.0,0.013241999999999976
104488,500,100.04,BUY,5,False,0,0,0.0,0.0
104489,200,100.05,BUY,7,False,0,0,0.0,0.0
104490,100,100.03,SELL,9,False,0,0,0.0,0.0
104491,300,100.03,BUY,8,False,0,0,0.0,0.0
104492,500,100.0,BUY,9,False,0,1,0.0,1.160895
104493,100,100.05,SELL,3,False,0,0,0.0,0.0
104494,100,100.04,BUY,1,False,0,0,0.0,0.0
104495,300,99.95,BUY,9,False,0,0,0.0,0.0
104496,100,100.01,SELL,4,False,0,1,0.0,0.1392310000000001
104497,200,99.99,BUY,7,False,0,0,0.0,0.0
104498,500,100.02,SELL,2,False,0,0,0.0,0.0
104499,100,100.03,BUY,6,False,0,0,0.0,0.0
104500,100,99.98,BUY,2,False,0,1,0.0,0.24217699999999986
104501,15000,100.01,SELL,11,True,0,0,0.0,0.0
104502,200,100.02,SELL,10,False,0,0,0.0,0.0
104503,200,100.01,BUY,9,False,0,0,0.0,0.0
104504,200,99.99,SELL,9,False,0,0,0.0,0.0
104505,200,100.01,SELL,6,False,1,0,1.0,0.8610599999999997
104506,100,100.03,SELL,6,False,0,0,0.0,0.0
104507,300,100.05,BUY,9,False,0,1,0.0,0.8660130000000001
104508,500,100.01,SELL,5,False,0,0,0.0,0.0
104509,500,99.99,SELL,5,False,0,1,0.0,1.552724
104510,20000,100.0,SELL,11,True,1,0,1.0,1.7087309999999998
104511,100,100.0,SELL,4,False,0,0,0.0,0.0
104512,200,99.95,BUY,9,False,0,0,0.0,0.0
104513,100,100.05,SELL,5,False,0,1,0.0,0.2896939999999999
104514,300,100.03,SELL,4,False,0,0,0.0,0.0
104515,200,100.02,BUY,9,False,0,0,0.0,0.0
104516,100,100.03,SELL,9,False,0,1,0.0,1.6698080000000002
104517,15000,100.0,BUY,11,True,0,0,0.0,0.0
104518,100,99.99,SELL,5,False,0,1,0.0,0.37477899999999975
104519,100,100.04,SELL,4,False,0,0,0.0,0.0
104520,15000,100.0,SELL,11,True,0,0,0.0,0.0
104521,1000,100.04,SELL,1,False,0,0,0.0,0.0
104522,300,100.02,SELL,10,False,0,0,0.0,0.0
104523,200,100.04,BUY,3,False,0,0,0.0,0.0
104524,200,100.0,SELL,10,False,0,0,0.0,0.0
104525,100,100.03,BUY,9,False,0,0,0.0,0.0
104526,200,100.02,BUY,7,False,0,0,0.0,0.0
104527,1000,100.01,BUY,8,False,0,0,0.0,0.0
104528,200,100.05,BUY,8,False,0,0,0.0,0.0
104529,200,99.96,SELL,4,False,0,0,0.0,0.0
104530,1000,99.97,SELL,3,False,0,0,0.0,0.0
104531,200,99.98,SELL,4,False,0,1,0.0,1.3265260000000003
104532,100,100.0,BUY,4,False,0,1,0.0,1.502786
104533,100,99.96,BUY,5,False,0,1,0.0,0.4166489999999996
104534,15000,100.0,BUY,11,True,1,0,1.0,1.7707709999999999
104535,300,99.95,SELL,6,False,0,1,0.0,1.0937850000000005
104536,300,99.96,BUY,8,False,1,0,1.0,0.05116799999999966
104537,100,99.96,SELL,4,False,0,0,0.0,0.0
104538,500,100.02,SELL,1,False,0,0,0.0,0.0
104539,200,100.04,SELL,3,False,0,1,0.0,1.098424
104540,100,99.95,SELL,3,False,1,0,1.0,1.5464510000000002
104541,100,99.99,BUY,1,False,0,0,0.0,0.0
104542,300,99.98,SELL,5,False,0,1,0.0,1.879137
104543,100,100.05,BUY,7,False,0,1,0.0,1.2302369999999994
104544,100,99.96,BUY,3,False,0,0,0.0,0.0
104545,15000,100.01,BUY,11,True,0,0,0.0,0.0
104546,100,99.96,BUY,10,False,0,1,0.0,1.5276280000000004
104547,100,99.98,BUY,10,False,1,0,1.0,0.8293080000000002
104548,200,99.97,BUY,8,False,0,0,0.0,0.0
104549,200,100.04,BUY,4,False,0,1,0.0,1.206207
104550,100,99.96,BUY,6,False,0,0,0.0,0.0
104551,200,100.05,BUY,6,False,0,0,0.0,0.0
104552,100,99.97,SELL,8,False,0,0,0.0,0.0
104553,300,99.97,SELL,8,False,0,0,0.0,0.0
104554,100,99.95,SELL,4,False,0,0,0.0,0.0
104555,5000,99.99,SELL,11,True,0,0,0.0,0.0
104556,100,99.97,BUY,5,False,0,1,0.0,0.9618069999999999
104557,200,100.03,BUY,9,False,0,0,0.0,0.0
104558,200,100.0,SELL,10,False,0,0,0.0,0.0
104559,300,100.05,SELL,7,False,0,0,0.0,0.0
104560,100,100.04,BUY,9,False,0,0,0.0,0.0
104561,5000,99.99,SELL,11,True,0,0,0.0,0.0
104562,200,100.05,BUY,9,False,0,0,0.0,0.0
104563,500,100.02,BUY,5,False,0,1,0.0,0.5873349999999999
104564,10000,100.0,BUY,11,True,0,0,0.0,0.0
104565,100,99.98,SELL,5,False,0,1,0.0,1.4651120000000004
104566,300,99.97,BUY,7,False,0,1,0.0,0.9639340000000001
104567,300,100.03,BUY,9,False,0,1,0.0,1.203515
104568,300,100.02,SELL,7,False,0,0,0.0,0.0
104569,1000,99.95,SELL,5,False,0,0,0.0,0.0
104570,200,99.96,SELL,5,False,0,0,0.0,0.0
104571,1000,100.02,SELL,3,False,0,0,0.0,0.0
104572,200,99.98,BUY,3,False,0,0,0.0,0.0
104573,100,100.03,BUY,2,False,1,0,1.0,1.2851270000000001
104574,500,100.0,SELL,2,False,0,1,0.0,0.7683799999999996
104575,100,100.02,SELL,5,False,0,1,0.0,1.7987970000000004
104576,200,100.01,SELL,9,False,0,0,0.0,0.0
104577,5000,99.99,BUY,11,True,1,0,1.0,1.5103340000000003
104578,500,99.95,SELL,7,False,0,0,0.0,0.0
104579,200,100.04,BUY,6,False,0,1,0.0,0.25354800000000033
104580,300,100.0,BUY,4,False,0,0,0.0,0.0
104581,100,100.01,SELL,3,False,0,1,0.0,0.8239879999999999
104582,200,99.96,BUY,10,False,0,0,0.0,0.0
104583,200,100.05,BUY,2,False,0,0,0.0,0.0
104584,300,100.01,BUY,9,False,0,0,0.0,0.0
104585,300,99.99,SELL,10,False,0,0,0.0,0.0
104586,100,99.97,SELL,6,False,0,1,0.0,0.8190949999999999
104587,100,99.97,SELL,5,False,0,0,0.0,0.0
104588,300,99.95,SELL,1,False,0,0,0.0,0.0
104589,300,99.98,SELL,9,False,1,0,1.0,1.024305
104590,300,99.96,BUY,9,False,0,0,0.0,0.0
104591,300,99.97,SELL,5,False,0,0,0.0,0.0
104592,500,99.98,SELL,3,False,0,0,0.0,0.0
104593,100,99.99,BUY,4,False,0,0,0.0,0.0
104594,100,100.03,BUY,2,False,0,0,0.0,0.0
104595,100,99.99,SELL,2,False,0,0,0.0,0.0
104596,100,99.97,BUY,9,False,0,0,0.0,0.0
104597,300,100.01,BUY,7,False,0,0,0.0,0.0
104598,300,99.97,BUY,2,False,0,0,0.0,0.0
104599,300,99.97,SELL,5,False,0,0,0.0,0.0
104600,100,100.01,BUY,9,False,0,0,0.0,0.0
104601,100,100.02,BUY,2,False,0,0,0.0,0.0
104602,200,100.02,SELL,4,False,0,0,0.0,0.0
104603,200,100.05,SELL,8,False,0,0,0.0,0.0
104604,1000,100.0,SELL,8,False,0,0,0.0,0.0
104605,100,99.95,SELL,6,False,0,0,0.0,0.0
104606,100,99.96,SELL,10,False,0,0,0.0,0.0
104607,500,99.98,BUY,2,False,0,1,0.0,1.2085570000000003
104608,15000,100.0,SELL,11,True,0,0,0.0,0.0
104609,100,99.98,SELL,9,False,0,0,0.0,0.0
104610,100,100.0,SELL,9,False,0,0,0.0,0.0
104611,200,100.03,SELL,2,False,0,0,0.0,0.0
104612,200,99.97,BUY,2,False,0,1,0.0,0.34276300000000015
104613,100,99.95,SELL,1,False,0,1,0.0,1.7681140000000002
104614,1000,99.96,BUY,3,False,0,1,0.0,0.11368999999999962
104615,200,99.97,BUY,1,False,0,0,0.0,0.0
104616,100,100.0,SELL,10,False,1,0,1.0,1.4897859999999996
104617,1000,100.03,SELL,4,False,0,1,0.0,0.48675999999999986
104618,100,99.95,SELL,9,False,0,0,0.0,0.0
104619,20000,100.0,SELL,11,True,0,0,0.0,0.0
104620,100,100.01,BUY,6,False,0,0,0.0,0.0
104621,300,99.99,SELL,8,False,0,0,0.0,0.0
104622,200,100.02,SELL,4,False,0,0,0.0,0.0
104623,10000,100.01,SELL,11,True,0,0,0.0,0.0
104624,300,99.97,SELL,5,False,0,0,0.0,0.0
104625,300,100.04,SELL,3,False,1,0,1.0,0.440318
104626,200,100.0,BUY,9,False,0,0,0.0,0.0
104627,300,99.96,BUY,6,False,0,0,0.0,0.0
104628,100,99.96,SELL,5,False,0,0,0.0,0.0
104629,300,99.96,BUY,7,False,0,0,0.0,0.0
104630,200,99.99,SELL,8,False,0,0,0.0,0.0
104631,300,99.97,SELL,9,False,0,0,0.0,0.0
104632,1000,99.99,SELL,1,False,0,1,0.0,1.0348409999999997
104633,100,100.01,SELL,6,False,0,0,0.0,0.0
104634,500,100.01,SELL,6,False,0,1,0.0,1.0967129999999998
104635,300,100.02,SELL,1,False,0,0,0.0,0.0
104636,100,100.03,BUY,9,False,0,0,0.0,0.0
104637,500,100.03,BUY,5,False,0,1,0.0,0.1044959999999997
104638,300,99.95,SELL,9,False,0,0,0.0,0.0
104639,200,100.04,BUY,9,False,0,1,0.0,0.14357200000000025
104640,200,100.03,SELL,5,False,0,0,0.0,0.0
104641,100,100.0,BUY,2,False,0,0,0.0,0.0
104642,100,100.02,BUY,1,False,0,0,0.0,0.0
104643,15000,99.99,BUY,11,True,0,0,0.0,0.0
104644,500,99.98,BUY,3,False,0,0,0.0,0.0
104645,300,99.96,SELL,7,False,0,0,0.0,0.0
104646,100,100.01,BUY,1,False,0,0,0.0,0.0
104647,100,100.0,BUY,3,False,0,0,0.0,0.0
104648,1000,99.97,SELL,8,False,0,0,0.0,0.0
104649,200,99.97,SELL,6,False,0,1,0.0,0.813879
104650,200,99.97,BUY,9,False,0,0,0.0,0.0
104651,100,99.96,BUY,9,False,0,0,0.0,0.0
104652,200,100.02,SELL,3,False,0,0,0.0,0.0
104653,100,100.02,BUY,1,False,0,0,0.0,0.0
104654,300,100.02,SELL,9,False,0,0,0.0,0.0
104655,300,99.96,BUY,10,False,0,1,0.0,0.7328739999999998
104656,200,100.05,BUY,6,False,0,0,0.0,0.0
104657,300,100.03,BUY,10,False,0,0,0.0,0.0
104658,100,100.04,BUY,9,False,0,0,0.0,0.0
104659,1000,100.01,SELL,5,False,0,0,0.0,0.0
104660,100,99.99,BUY,8,False,0,0,0.0,0.0
104661,5000,100.0,SELL,11,True,1,0,1.0,1.4130089999999997
104662,200,99.98,SELL,4,False,0,0,0.0,0.0
104663,100,100.03,SELL,10,False,0,0,0.0,0.0
104664,300,99.98,SELL,5,False,0,1,0.0,1.7193049999999999
104665,15000,99.99,SELL,11,True,0,0,0.0,0.0
104666,200,99.99,SELL,5,False,0,0,0.0,0.0
104667,5000,100.01,BUY,11,True,0,0,0.0,0.0
104668,300,100.03,BUY,1,False,0,0,0.0,0.0
104669,500,100.04,SELL,2,False,0,0,0.0,0.0
104670,300,99.96,BUY,7,False,0,0,0.0,0.0
104671,1000,99.95,BUY,10,False,0,0,0.0,0.0
104672,300,100.0,SELL,9,False,0,1,0.0,1.789711
104673,15000,100.01,BUY,11,True,0,0,0.0,0.0
104674,500,99.96,BUY,2,False,0,0,0.0,0.0
104675,5000,99.99,SELL,11,True,0,0,0.0,0.0
104676,100,100.02,BUY,6,False,0,0,0.0,0.0
104677,200,100.05,BUY,2,False,0,0,0.0,0.0
104678,100,100.0,SELL,4,False,0,0,0.0,0.0
104679,100,100.02,BUY,8,False,0,0,0.0,0.0
104680,300,99.96,SELL,10,False,0,0,0.0,0.0
104681,100,99.95,BUY,5,False,0,0,0.0,0.0
104682,500,100.0,SELL,7,False,0,0,0.0,0.0
104683,100,99.96,BUY,10,False,0,0,0.0,0.0
104684,200,99.97,SELL,8,False,0,1,0.0,1.094084
104685,300,99.97,BUY,2,False,0,0,0.0,0.0
104686,300,99.97,BUY,2,False,0,0,0.0,0.0
104687,300,100.05,BUY,6,False,0,0,0.0,0.0
104688,15000,100.0,BUY,11,True,0,0,0.0,0.0
104689,10000,100.01,SELL,11,True,0,0,0.0,0.0
104690,300,99.97,BUY,10,False,0,0,0.0,0.0
104691,200,99.99,BUY,5,False,0,0,0.0,0.0
104692,100,100.02,BUY,9,False,0,0,0.0,0.0
104693,300,100.01,SELL,6,False,0,0,0.0,0.0
104694,100,99.99,SELL,6,False,0,0,0.0,0.0
104695,300,99.99,BUY,8,False,0,0,0.0,0.0
104696,500,99.99,SELL,7,False,0,0,0.0,0.0
104697,100,100.03,BUY,8,False,0,0,0.0,0.0
104698,200,99.98,SELL,1,False,0,0,0.0,0.0
104699,100,100.0,BUY,10,False,0,0,0.0,0.0
104700,10000,100.01,BUY,11,True,0,0,0.0,0.0
104701,100,99.99,BUY,10,False,0,1,0.0,1.11109
104702,300,100.01,SELL,2,False,0,1,0.0,1.2817800000000004
104703,300,100.01,BUY,2,False,0,0,0.0,0.0
104704,100,99.99,SELL,4,False,0,0,0.0,0.0
104705,500,100.02,SELL,1,False,0,0,0.0,0.0
104706,500,100.0,BUY,4,False,0,1,0.0,0.16847900000000005
104707,10000,100.01,SELL,11,True,1,0,1.0,1.4409269999999998
104708,100,99.97,BUY,6,False,0,1,0.0,0.7043149999999998
104709,100,100.01,SELL,10,False,0,0,0.0,0.0
104710,300,100.02,BUY,6,False,0,0,0.0,0.0
104711,500,99.96,SELL,7,False,0,0,0.0,0.0
104712,200,100.03,BUY,5,False,0,0,0.0,0.0
104713,200,100.02,SELL,7,False,0,0,0.0,0.0
104714,100,100.01,BUY,5,False,0,0,0.0,0.0
104715,300,99.97,BUY,3,False,0,0,0.0,0.0
104716,200,100.0,BUY,10,False,0,1,0.0,0.7374480000000001
104717,1000,100.01,BUY,5,False,0,0,0.0,0.0
104718,100,99.97,BUY,3,False,0,0,0.0,0.0
104719,100,99.99,BUY,4,False,0,0,0.0,0.0
104720,100,100.04,BUY,5,False,0,1,0.0,1.2823100000000003
104721,200,99.98,BUY,5,False,0,0,0.0,0.0
104722,20000,100.0,BUY,11,True,0,0,0.0,0.0
104723,100,100.04,SELL,6,False,0,1,0.0,0.3809149999999999
104724,300,99.95,SELL,5,False,0,0,0.0,0.0
104725,100,100.04,BUY,7,False,1,0,1.0,0.18791199999999986
104726,20000,99.99,BUY,11,True,0,0,0.0,0.0
104727,20000,100.01,SELL,11,True,0,0,0.0,0.0
104728,20000,100.01,SELL,11,True,0,0,0.0,0.0
104729,300,99.98,BUY,9,False,0,1,0.0,0.14912100000000006
104730,100,100.03,BUY,6,False,0,0,0.0,0.0
104731,10000,100.01,BUY,11,True,0,0,0.0,0.0
104732,200,100.03,BUY,2,False,0,0,0.0,0.0
104733,200,99.96,BUY,1,False,0,0,0.0,0.0
104734,500,100.04,BUY,6,False,0,0,0.0,0.0
104735,100,100.04,BUY,3,False,0,0,0.0,0.0
104736,500,100.0,BUY,10,False,0,0,0.0,0.0
104737,200,100.02,SELL,3,False,0,0,0.0,0.0
104738,1000,99.99,BUY,10,False,0,1,0.0,0.7096849999999999
104739,1000,100.05,SELL,9,False,0,1,0.0,0.6843690000000002
104740,5000,100.0,SELL,11,True,0,0,0.0,0.0
104741,100,99.96,SELL,10,False,0,0,0.0,0.0
104742,200,99.95,BUY,1,False,0,0,0.0,0.0
104743,300,100.04,SELL,6,False,0,0,0.0,0.0
104744,300,100.04,SELL,2,False,0,1,0.0,0.2194020000000001
104745,200,99.95,SELL,1,False,0,0,0.0,0.0
104746,500,99.96,SELL,6,False,0,1,0.0,0.5076909999999999
104747,300,100.04,SELL,7,False,0,0,0.0,0.0
104748,200,99.97,BUY,4,False,0,0,0.0,0.0
104749,300,99.96,SELL,2,False,0,0,0.0,0.0
104750,100,100.01,SELL,3,False,0,0,0.0,0.0
104751,300,100.01,SELL,6,False,0,0,0.0,0.0
104752,100,100.01,BUY,1,False,0,0,0.0,0.0
104753,500,100.01,SELL,5,False,0,0,0.0,0.0
104754,200,99.95,SELL,8,False,0,0,0.0,0.0
104755,200,100.04,BUY,2,False,0,0,0.0,0.0
104756,200,100.03,BUY,2,False,0,0,0.0,0.0
104757,100,99.98,BUY,3,False,0,0,0.0,0.0
104758,100,100.01,SELL,2,False,0,0,0.0,0.0
104759,200,100.04,SELL,3,False,0,0,0.0,0.0
104760,500,99.96,SELL,6,False,0,0,0.0,0.0
104761,100,100.02,SELL,5,False,0,0,0.0,0.0
104762,300,99.97,BUY,8,False,0,0,0.0,0.0
104763,200,99.98,SELL,8,False,0,0,0.0,0.0
104764,1000,99.99,SELL,2,False,0,0,0.0,0.0
104765,300,99.96,BUY,5,False,0,0,0.0,0.0
104766,300,99.96,SELL,10,False,0,0,0.0,0.0
104767,100,100.03,SELL,5,False,0,1,0.0,1.589378
104768,200,100.02,SELL,8,False,0,1,0.0,0.37720600000000015
104769,300,99.96,BUY,3,False,0,0,0.0,0.0
104770,500,99.99,SELL,8,False,0,0,0.0,0.0
104771,100,100.01,SELL,5,False,0,0,0.0,0.0
104772,100,99.98,SELL,3,False,0,0,0.0,0.0
104773,200,100.0,BUY,3,False,0,0,0.0,0.0
104774,100,100.03,BUY,7,False,0,0,0.0,0.0
104775,100,99.97,BUY,7,False,0,0,0.0,0.0
104776,100,100.05,BUY,3,False,0,0,0.0,0.0
104777,200,100.01,BUY,5,False,0,0,0.0,0.0
104778,100,100.01,BUY,2,False,0,0,0.0,0.0
104779,100,100.01,BUY,10,False,0,0,0.0,0.0
104780,200,100.05,SELL,9,False,0,0,0.0,0.0
104781,200,100.01,BUY,3,False,0,0,0.0,0.0
104782,100,99.97,BUY,6,False,0,0,0.0,0.0
104783,200,99.97,BUY,6,False,0,0,0.0,0.0
104784,200,100.0,BUY,3,False,0,0,0.0,0.0
104785,300,99.99,BUY,8,False,0,0,0.0,0.0
104786,200,100.02,SELL,1,False,0,0,0.0,0.0
104787,100,100.0,BUY,2,False,0,0,0.0,0.0
104788,200,100.02,SELL,1,False,0,0,0.0,0.0
104789,100,99.97,SELL,9,False,0,1,0.0,0.11765399999999993
104790,200,100.02,BUY,8,False,0,0,0.0,0.0
104791,15000,100.0,BUY,11,True,0,0,0.0,0.0
104792,500,100.0,BUY,5,False,0,0,0.0,0.0
104793,200,100.03,BUY,6,False,0,0,0.0,0.0
104794,200,100.0,SELL,9,False,0,0,0.0,0.0
104795,100,100.01,SELL,6,False,0,1,0.0,0.6560950000000001
104796,300,100.0,BUY,8,False,0,0,0.0,0.0
104797,500,100.03,SELL,8,False,0,0,0.0,0.0
104798,100,100.03,SELL,2,False,0,1,0.0,1.3912749999999998
104799,500,100.04,SELL,9,False,0,0,0.0,0.0
104800,300,100.03,BUY,8,False,0,0,0.0,0.0
104801,100,99.98,BUY,4,False,0,0,0.0,0.0
104802,100,99.99,SELL,5,False,0,1,0.0,0.08240200000000009
104803,100,100.0,BUY,5,False,0,0,0.0,0.0
104804,100,100.04,BUY,4,False,0,0,0.0,0.0
104805,200,99.98,SELL,6,False,0,0,0.0,0.0
104806,300,100.02,SELL,8,False,0,0,0.0,0.0
104807,100,100.04,SELL,10,False,0,0,0.0,0.0
104808,5000,100.01,BUY,11,True,0,0,0.0,0.0
104809,100,99.96,SELL,3,False,0,0,0.0,0.0
104810,500,100.05,SELL,5,False,0,0,0.0,0.0
104811,20000,100.0,SELL,11,True,1,0,1.0,0.14156700000000022
104812,100,100.01,BUY,7,False,0,0,0.0,0.0
104813,100,99.99,SELL,8,False,0,0,0.0,0.0
104814,100,100.01,SELL,5,False,0,0,0.0,0.0
104815,300,100.0,BUY,10,False,0,0,0.0,0.0
104816,100,99.99,BUY,2,False,0,1,0.0,0.24704599999999965
104817,100,99.96,BUY,6,False,0,0,0.0,0.0
104818,300,99.97,BUY,1,False,0,0,0.0,0.0
104819,200,100.05,BUY,4,False,0,0,0.0,0.0
104820,100,100.0,SELL,9,False,0,0,0.0,0.0
104821,300,100.0,BUY,9,False,0,0,0.0,0.0
104822,200,100.03,BUY,3,False,0,0,0.0,0.0
104823,100,100.04,BUY,7,False,0,0,0.0,0.0
104824,100,100.03,SELL,5,False,0,0,0.0,0.0
104825,500,99.95,BUY,1,False,0,0,0.0,0.0
104826,15000,100.0,SELL,11,True,0,0,0.0,0.0
104827,100,99.98,SELL,6,False,0,0,0.0,0.0
104828,300,100.01,BUY,1,False,0,0,0.0,0.0
104829,500,100.0,BUY,7,False,0,0,0.0,0.0
104830,100,100.04,SELL,1,False,0,0,0.0,0.0
104831,100,100.01,BUY,10,False,0,0,0.0,0.0
104832,500,100.03,BUY,9,False,0,0,0.0,0.0
104833,200,99.99,SELL,2,False,0,0,0.0,0.0
104834,100,99.99,SELL,4,False,0,0,0.0,0.0
104835,200,100.02,BUY,9,False,0,0,0.0,0.0
104836,100,99.96,BUY,7,False,0,0,0.0,0.0
104837,200,99.97,SELL,6,False,0,0,0.0,0.0
104838,100,99.95,SELL,10,False,0,0,0.0,0.0
104839,100,100.01,SELL,1,False,0,0,0.0,0.0
104840,200,99.95,BUY,5,False,0,0,0.0,0.0
104841,100,99.98,BUY,9,False,0,0,0.0,0.0
104842,300,99.95,BUY,10,False,0,0,0.0,0.0
104843,300,99.96,SELL,3,False,0,0,0.0,0.0
104844,100,100.03,BUY,6,False,0,0,0.0,0.0
104845,1000,100.01,SELL,2,False,0,0,0.0,0.0
104846,10000,100.0,BUY,11,True,0,0,0.0,0.0
104847,200,99.99,SELL,6,False,0,0,0.0,0.0
104848,500,100.04,BUY,5,False,0,0,0.0,0.0
104849,200,100.0,SELL,6,False,0,0,0.0,0.0
104850,1000,99.96,BUY,8,False,0,1,0.0,0.5245050000000004
104851,100,100.05,SELL,2,False,0,0,0.0,0.0
104852,20000,100.0,BUY,11,True,0,0,0.0,0.0
104853,300,100.02,BUY,8,False,0,1,0.0,0.6381619999999995
104854,5000,100.01,SELL,11,True,1,0,1.0,0.6527720000000001
104855,100,99.95,SELL,10,False,0,0,0.0,0.0
104856,1000,100.01,BUY,9,False,0,0,0.0,0.0
104857,1000,100.03,SELL,1,False,0,0,0.0,0.0
104858,100,100.0,BUY,8,False,1,0,1.0,0.3561239999999999
104859,20000,99.99,BUY,11,True,0,0,0.0,0.0
104860,200,99.95,BUY,6,False,0,0,0.0,0.0
104861,500,100.01,BUY,3,False,0,1,0.0,0.7781530000000001
104862,5000,99.99,SELL,11,True,0,0,0.0,0.0
104863,300,99.99,SELL,8,False,0,0,0.0,0.0
104864,200,100.01,SELL,1,False,0,0,0.0,0.0
104865,200,100.03,SELL,10,False,0,0,0.0,0.0
104866,500,100.03,BUY,2,False,0,0,0.0,0.0
104867,200,99.96,SELL,1,False,0,0,0.0,0.0
104868,200,100.03,SELL,3,False,0,0,0.0,0.0
104869,10000,100.0,SELL,11,True,1,0,1.0,0.8618120000000005
104870,300,99.99,BUY,1,False,0,0,0.0,0.0
104871,100,100.01,SELL,5,False,0,0,0.0,0.0
104872,100,99.96,BUY,8,False,0,0,0.0,0.0
104873,100,99.97,SELL,9,False,0,1,0.0,0.4168210000000001
104874,300,100.03,BUY,1,False,0,0,0.0,0.0
104875,100,99.99,BUY,10,False,0,0,0.0,0.0
104876,200,100.03,SELL,8,False,0,0,0.0,0.0
104877,200,100.04,BUY,10,False,0,0,0.0,0.0
104878,200,100.01,SELL,4,False,0,1,0.0,0.09794899999999984
104879,200,99.99,BUY,7,False,0,0,0.0,0.0
104880,100,100.01,SELL,9,False,0,0,0.0,0.0
104881,500,100.04,SELL,1,False,0,0,0.0,0.0
104882,200,100.04,SELL,10,False,0,0,0.0,0.0
104883,500,99.95,SELL,8,False,0,0,0.0,0.0
104884,300,100.01,SELL,10,False,0,1,0.0,0.7338449999999996
104885,300,100.01,BUY,6,False,0,0,0.0,0.0
104886,200,99.99,SELL,3,False,0,1,0.0,1.20763
104887,300,100.03,BUY,9,False,0,1,0.0,1.208656
104888,1000,99.98,BUY,6,False,0,0,0.0,0.0
104889,200,99.96,SELL,6,False,0,0,0.0,0.0
104890,100,99.97,BUY,4,False,0,0,0.0,0.0
104891,200,99.99,SELL,7,False,0,0,0.0,0.0
104892,200,99.99,BUY,2,False,0,1,0.0,1.3648889999999998
104893,100,100.01,SELL,9,False,0,0,0.0,0.0
104894,200,100.02,SELL,9,False,0,0,0.0,0.0
104895,100,99.96,SELL,9,False,0,0,0.0,0.0
104896,200,99.96,BUY,1,False,0,0,0.0,0.0
104897,200,100.01,BUY,10,False,0,0,0.0,0.0
104898,300,99.98,BUY,3,False,0,1,0.0,1.5387869999999997
104899,1000,99.96,SELL,6,False,0,0,0.0,0.0
104900,200,99.99,SELL,5,False,0,1,0.0,1.4158929999999996
104901,1000,100.03,SELL,10,False,0,0,0.0,0.0
104902,100,100.03,SELL,9,False,0,0,0.0,0.0
104903,100,99.98,BUY,10,False,0,0,0.0,0.0
104904,100,99.95,BUY,5,False,0,1,0.0,1.0199500000000001
104905,200,100.05,BUY,10,False,1,0,1.0,0.777946
104906,300,100.01,SELL,5,False,0,0,0.0,0.0
104907,100,100.01,SELL,6,False,0,0,0.0,0.0
104908,300,100.03,BUY,4,False,0,1,0.0,1.0221230000000001
104909,200,100.04,SELL,6,False,0,0,0.0,0.0
104910,300,100.04,SELL,10,False,0,0,0.0,0.0
104911,200,100.03,SELL,7,False,0,1,0.0,0.7137010000000004
104912,100,100.01,BUY,8,False,0,0,0.0,0.0
104913,300,100.02,SELL,6,False,1,0,1.0,1.2715480000000006
104914,100,100.0,BUY,2,False,0,0,0.0,0.0
104915,200,99.96,SELL,9,False,0,0,0.0,0.0
104916,100,100.03,SELL,1,False,0,0,0.0,0.0
104917,100,100.04,BUY,1,False,0,0,0.0,0.0
104918,500,100.01,BUY,2,False,0,0,0.0,0.0
104919,20000,99.99,SELL,11,True,0,0,0.0,0.0
104920,100,99.99,BUY,1,False,0,0,0.0,0.0
104921,500,100.02,SELL,6,False,0,0,0.0,0.0
104922,200,99.97,BUY,3,False,0,0,0.0,0.0
104923,500,100.02,BUY,4,False,0,0,0.0,0.0
104924,100,99.96,SELL,4,False,0,0,0.0,0.0
104925,100,100.0,SELL,5,False,0,0,0.0,0.0
104926,200,100.03,BUY,8,False,0,0,0.0,0.0
104927,100,99.97,SELL,2,False,0,0,0.0,0.0
104928,300,99.96,SELL,1,False,0,0,0.0,0.0
104929,200,99.96,BUY,1,False,0,0,0.0,0.0
104930,100,100.02,BUY,1,False,0,0,0.0,0.0
104931,5000,99.99,BUY,11,True,0,0,0.0,0.0
104932,300,100.04,SELL,5,False,0,0,0.0,0.0
104933,1000,100.04,SELL,4,False,0,0,0.0,0.0
104934,200,100.05,SELL,6,False,0,0,0.0,0.0
104935,300,100.02,BUY,4,False,0,1,0.0,0.05141200000000001
104936,100,100.01,SELL,7,False,0,1,0.0,0.7212880000000004
104937,15000,99.99,BUY,11,True,0,0,0.0,0.0
104938,300,100.05,BUY,10,False,0,0,0.0,0.0
104939,200,100.01,SELL,2,False,0,1,0.0,0.6683300000000005
104940,200,100.03,SELL,6,False,0,0,0.0,0.0
104941,100,100.0,SELL,5,False,0,1,0.0,0.678477
104942,300,99.97,SELL,5,False,0,1,0.0,1.5286820000000003
104943,100,99.96,BUY,1,False,0,1,0.0,0.15919600000000012
104944,100,100.0,BUY,10,False,0,1,0.0,0.679624
104945,100,100.04,BUY,7,False,0,0,0.0,0.0
104946,200,100.03,BUY,10,False,0,0,0.0,0.0
104947,10000,99.99,SELL,11,True,1,0,1.0,0.5177550000000006
104948,100,100.04,SELL,10,False,0,1,0.0,1.0199680000000004
104949,100,99.97,BUY,7,False,1,0,1.0,0.4667919999999999
104950,100,100.05,BUY,7,False,0,0,0.0,0.0
104951,100,99.99,BUY,6,False,0,0,0.0,0.0
104952,100,99.96,BUY,6,False,0,0,0.0,0.0
104953,200,100.04,SELL,9,False,0,0,0.0,0.0
104954,100,100.03,BUY,5,False,0,0,0.0,0.0
104955,1000,100.01,BUY,9,False,0,0,0.0,0.0
104956,100,99.99,SELL,8,False,0,0,0.0,0.0
104957,200,99.95,SELL,3,False,0,0,0.0,0.0
104958,100,99.99,BUY,9,False,0,1,0.0,1.0018969999999996
104959,300,100.0,BUY,7,False,0,0,0.0,0.0
104960,300,100.03,SELL,8,False,0,0,0.0,0.0
104961,100,100.02,BUY,9,False,0,0,0.0,0.0
104962,100,99.97,BUY,6,False,0,0,0.0,0.0
104963,300,100.03,BUY,2,False,0,0,0.0,0.0
104964,10000,99.99,SELL,11,True,0,0,0.0,0.0
104965,100,99.95,BUY,8,False,0,1,0.0,1.3449780000000002
104966,200,100.05,SELL,3,False,0,1,0.0,1.5373070000000002
104967,500,99.97,BUY,7,False,0,0,0.0,0.0
104968,300,99.97,SELL,10,False,0,0,0.0,0.0
104969,100,99.98,SELL,4,False,0,0,0.0,0.0
104970,10000,100.01,SELL,11,True,0,0,0.0,0.0
104971,500,99.99,SELL,6,False,0,0,0.0,0.0
104972,500,100.02,BUY,7,False,0,0,0.0,0.0
104973,300,99.97,BUY,8,False,0,1,0.0,0.8384479999999996
104974,500,100.0,BUY,4,False,0,0,0.0,0.0
104975,100,100.0,BUY,3,False,0,0,0.0,0.0
104976,100,100.0,BUY,4,False,0,1,0.0,0.8311780000000004
104977,100,100.0,SELL,2,False,0,0,0.0,0.0
104978,100,99.99,SELL,8,False,0,0,0.0,0.0
104979,100,100.01,BUY,8,False,0,1,0.0,1.5597349999999999
104980,100,99.99,SELL,5,False,0,0,0.0,0.0
104981,100,99.98,SELL,4,False,0,0,0.0,0.0
104982,15000,99.99,BUY,11,True,0,0,0.0,0.0
104983,100,99.98,BUY,1,False,0,0,0.0,0.0
104984,100,99.98,BUY,5,False,0,0,0.0,0.0
104985,200,99.96,BUY,8,False,0,0,0.0,0.0
104986,100,100.01,SELL,8,False,0,0,0.0,0.0
104987,100,100.03,SELL,8,False,0,1,0.0,1.2913060000000005
104988,200,100.05,BUY,4,False,1,0,1.0,0.4779410000000004
104989,300,99.95,BUY,2,False,0,0,0.0,0.0
104990,15000,100.0,SELL,11,True,0,0,0.0,0.0
104991,200,100.04,SELL,10,False,0,0,0.0,0.0
104992,200,100.04,SELL,1,False,0,1,0.0,0.9567270000000003
104993,200,100.04,BUY,5,False,0,0,0.0,0.0
104994,100,99.98,BUY,10,False,0,1,0.0,1.428325
104995,20000,100.01,SELL,11,True,0,0,0.0,0.0
104996,100,99.95,SELL,10,False,0,0,0.0,0.0
104997,200,100.05,BUY,6,False,0,0,0.0,0.0
104998,300,100.04,BUY,8,False,0,1,0.0,0.05314299999999994
104999,100,100.04,SELL,4,False,0,0,0.0,0.0
105000,300,99.98,SELL,7,False,0,0,0.0,0.0
105001,500,100.03,SELL,2,False,0,0,0.0,0.0
105002,500,100.01,SELL,7,False,0,0,0.0,0.0
105003,500,99.99,BUY,8,False,0,1,0.0,1.336789
105004,100,100.04,BUY,6,False,0,0,0.0,0.0
105005,500,99.98,SELL,6,False,0,0,0.0,0.0
105006,100,99.96,BUY,1,False,0,0,0.0,0.0
105007,1000,99.99,BUY,4,False,0,0,0.0,0.0
105008,500,100.01,SELL,4,False,0,0,0.0,0.0
105009,300,99.97,BUY,2,False,0,0,0.0,0.0
105010,1000,100.0,SELL,6,False,0,0,0.0,0.0
105011,100,99.97,BUY,2,False,0,0,0.0,0.0
105012,200,99.97,BUY,8,False,0,0,0.0,0.0
105013,300,100.01,SELL,4,False,0,0,0.0,0.0
105014,15000,100.0,SELL,11,True,0,0,0.0,0.0
105015,300,100.04,BUY,10,False,0,0,0.0,0.0
105016,500,100.04,BUY,9,False,0,0,0.0,0.0
105017,100,99.96,BUY,4,False,0,0,0.0,0.0
105018,15000,99.99,SELL,11,True,0,0,0.0,0.0
105019,200,100.03,SELL,9,False,0,1,0.0,0.07333300000000031
105020,300,100.01,SELL,9,False,0,0,0.0,0.0
105021,1000,99.96,BUY,4,False,0,0,0.0,0.0
105022,200,99.98,SELL,9,False,0,0,0.0,0.0
105023,100,99.97,SELL,5,False,0,0,0.0,0.0
105024,100,99.95,SELL,6,False,0,0,0.0,0.0
105025,200,100.01,SELL,5,False,0,1,0.0,0.20356799999999975
105026,200,99.99,BUY,8,False,0,0,0.0,0.0
105027,500,100.03,BUY,7,False,0,0,0.0,0.0
105028,300,100.01,SELL,10,False,0,0,0.0,0.0
105029,300,100.04,BUY,6,False,0,0,0.0,0.0
105030,200,99.95,BUY,10,False,0,0,0.0,0.0
105031,100,99.98,SELL,8,False,0,0,0.0,0.0
105032,200,99.95,SELL,1,False,0,0,0.0,0.0
105033,100,100.03,SELL,1,False,0,0,0.0,0.0
105034,100,100.05,BUY,7,False,0,0,0.0,0.0
105035,15000,100.01,SELL,11,True,0,0,0.0,0.0
105036,300,100.0,BUY,5,False,0,1,0.0,1.3719719999999995
105037,200,100.04,BUY,3,False,0,1,0.0,0.1616540000000004
105038,200,100.02,BUY,2,False,0,1,0.0,1.2691040000000005
105039,300,100.01,BUY,4,False,0,0,0.0,0.0
105040,200,100.02,SELL,7,False,0,0,0.0,0.0
105041,200,100.04,BUY,2,False,0,0,0.0,0.0
105042,200,99.97,BUY,7,False,0,0,0.0,0.0
105043,500,100.03,SELL,10,False,0,0,0.0,0.0
105044,100,99.96,SELL,9,False,0,0,0.0,0.0
105045,10000,100.0,SELL,11,True,0,0,0.0,0.0
105046,200,100.02,BUY,5,False,0,0,0.0,0.0
105047,300,100.03,BUY,1,False,0,1,0.0,0.2330429999999999
105048,200,99.97,SELL,7,False,0,0,0.0,0.0
105049,100,100.0,SELL,1,False,0,0,0.0,0.0
105050,100,100.05,BUY,10,False,0,1,0.0,1.47241
105051,1000,99.98,SELL,1,False,0,0,0.0,0.0
105052,200,100.05,BUY,7,False,0,0,0.0,0.0
105053,100,100.04,BUY,10,False,0,0,0.0,0.0
105054,500,99.97,SELL,8,False,0,0,0.0,0.0
105055,300,100.03,SELL,2,False,0,0,0.0,0.0
105056,200,100.0,SELL,2,False,0,0,0.0,0.0
105057,100,100.05,BUY,9,False,0,0,0.0,0.0
105058,200,100.02,SELL,6,False,0,0,0.0,0.0
105059,200,100.0,SELL,7,False,0,0,0.0,0.0
105060,200,100.01,SELL,1,False,0,0,0.0,0.0
105061,300,100.05,SELL,5,False,0,0,0.0,0.0
105062,500,99.98,SELL,7,False,0,0,0.0,0.0
105063,500,99.97,SELL,1,False,0,0,0.0,0.0
105064,200,99.98,BUY,8,False,0,1,0.0,0.47633899999999985
105065,200,100.01,SELL,9,False,0,0,0.0,0.0
105066,10000,100.01,SELL,11,True,1,0,1.0,0.007073000000000107
105067,200,100.04,BUY,5,False,0,0,0.0,0.0
105068,100,99.95,BUY,7,False,1,0,1.0,0.7931230000000005
105069,100,100.0,SELL,5,False,0,0,0.0,0.0
105070,100,99.98,BUY,6,False,0,1,0.0,0.640466
105071,200,100.04,BUY,4,False,0,0,0.0,0.0
105072,5000,99.99,SELL,11,True,1,0,1.0,0.10386899999999999
105073,300,100.03,BUY,7,False,0,0,0.0,0.0
105074,10000,100.0,SELL,11,True,1,0,1.0,0.44710999999999945
105075,200,99.96,BUY,8,False,0,0,0.0,0.0
105076,100,99.99,BUY,4,False,0,1,0.0,0.536654
105077,500,99.96,SELL,10,False,0,0,0.0,0.0
105078,300,100.0,SELL,7,False,0,0,0.0,0.0
105079,200,100.03,SELL,1,False,0,0,0.0,0.0
105080,200,99.97,SELL,7,False,0,0,0.0,0.0
105081,200,99.95,SELL,9,False,0,0,0.0,0.0
105082,200,100.0,BUY,1,False,0,1,0.0,0.5474879999999995
105083,200,100.02,SELL,2,False,0,0,0.0,0.0
105084,100,100.03,SELL,9,False,0,0,0.0,0.0
105085,300,99.95,BUY,5,False,0,0,0.0,0.0
105086,500,100.01,BUY,8,False,0,0,0.0,0.0
105087,500,100.01,SELL,5,False,0,0,0.0,0.0
105088,100,99.96,BUY,7,False,0,0,0.0,0.0
105089,500,99.99,BUY,3,False,0,0,0.0,0.0
105090,200,100.04,BUY,8,False,0,1,0.0,0.5542320000000003
105091,200,100.04,BUY,3,False,0,0,0.0,0.0
105092,200,100.03,SELL,1,False,0,0,0.0,0.0
105093,10000,100.0,BUY,11,True,0,0,0.0,0.0
105094,100,100.02,SELL,1,False,0,0,0.0,0.0
105095,100,100.03,SELL,3,False,0,0,0.0,0.0
105096,200,100.0,SELL,6,False,0,0,0.0,0.0
105097,100,99.97,BUY,9,False,0,0,0.0,0.0
105098,100,100.02,BUY,1,False,0,0,0.0,0.0
105099,200,100.05,SELL,9,False,0,0,0.0,0.0
105100,5000,100.0,SELL,11,True,0,0,0.0,0.0
105101,100,99.99,BUY,8,False,0,0,0.0,0.0
105102,300,99.96,BUY,6,False,0,0,0.0,0.0
105103,300,99.95,SELL,6,False,0,0,0.0,0.0
105104,10000,99.99,BUY,11,True,0,0,0.0,0.0
105105,200,100.01,SELL,6,False,0,1,0.0,0.35089600000000054
105106,100,99.99,BUY,1,False,0,0,0.0,0.0
105107,500,100.03,BUY,1,False,0,0,0.0,0.0
105108,100,99.96,SELL,8,False,0,0,0.0,0.0
105109,200,99.98,SELL,9,False,0,1,0.0,0.925967
105110,300,99.96,BUY,2,False,0,0,0.0,0.0
105111,15000,100.01,SELL,11,True,0,0,0.0,0.0
105112,300,99.95,SELL,7,False,0,1,0.0,1.0620189999999998
105113,500,99.97,BUY,7,False,0,0,0.0,0.0
105114,200,99.95,SELL,3,False,0,1,0.0,1.4331230000000006
105115,1000,100.01,SELL,7,False,0,1,0.0,1.0363899999999995
105116,300,99.99,SELL,10,False,0,0,0.0,0.0
105117,300,100.01,SELL,1,False,0,1,0.0,0.24972200000000022
105118,100,99.95,SELL,1,False,0,1,0.0,0.03678800000000004
105119,100,99.95,BUY,9,False,1,0,1.0,1.0213510000000006
105120,300,99.96,BUY,6,False,0,0,0.0,0.0
105121,200,99.97,BUY,5,False,0,0,0.0,0.0
105122,200,99.97,SELL,6,False,0,0,0.0,0.0
105123,100,100.0,SELL,8,False,0,0,0.0,0.0
105124,300,99.98,SELL,5,False,0,0,0.0,0.0
105125,200,99.95,BUY,5,False,0,0,0.0,0.0
105126,100,99.96,BUY,10,False,0,1,0.0,0.11176599999999981
105127,300,100.03,BUY,10,False,0,0,0.0,0.0
105128,100,99.99,SELL,1,False,0,0,0.0,0.0
105129,100,100.05,SELL,4,False,0,0,0.0,0.0
105130,100,99.97,SELL,7,False,0,0,0.0,0.0
105131,200,100.03,SELL,10,False,0,1,0.0,0.6739109999999999
105132,200,99.96,BUY,7,False,0,1,0.0,0.22170100000000037
105133,200,100.02,SELL,9,False,0,0,0.0,0.0
105134,200,100.0,BUY,9,False,1,0,1.0,0.570462
105135,100,100.04,SELL,2,False,0,0,0.0,0.0
105136,500,100.01,BUY,6,False,0,1,0.0,0.06996599999999997
105137,1000,99.98,SELL,10,False,0,0,0.0,0.0
105138,10000,100.0,BUY,11,True,0,0,0.0,0.0
105139,100,99.96,SELL,5,False,0,0,0.0,0.0
105140,100,99.97,SELL,1,False,0,1,0.0,1.272068
105141,100,100.03,SELL,8,False,0,0,0.0,0.0
105142,500,100.03,SELL,1,False,0,0,0.0,0.0
105143,200,100.0,SELL,10,False,0,0,0.0,0.0
105144,200,99.99,SELL,3,False,0,0,0.0,0.0
105145,10000,100.01,BUY,11,True,1,0,1.0,0.9508440000000005
105146,100,100.03,SELL,8,False,0,0,0.0,0.0
105147,200,99.99,SELL,5,False,0,0,0.0,0.0
105148,100,100.01,SELL,2,False,0,0,0.0,0.0
105149,100,100.02,BUY,9,False,0,0,0.0,0.0
105150,100,100.04,SELL,3,False,0,1,0.0,1.3533200000000005
105151,200,100.01,BUY,8,False,0,1,0.0,0.9641679999999999
105152,100,99.99,SELL,4,False,0,0,0.0,0.0
105153,300,99.97,SELL,3,False,0,0,0.0,0.0
105154,100,99.99,SELL,9,False,0,1,0.0,0.7163749999999998
105155,1000,99.97,SELL,2,False,0,1,0.0,0.6865939999999999
105156,100,99.96,SELL,4,False,0,1,0.0,0.8906170000000002
105157,100,100.02,BUY,6,False,0,0,0.0,0.0
105158,100,100.04,BUY,5,False,0,0,0.0,0.0
105159,100,99.97,BUY,6,False,0,0,0.0,0.0
105160,200,99.97,BUY,6,False,0,0,0.0,0.0
105161,1000,100.03,BUY,2,False,0,0,0.0,0.0
105162,100,100.02,BUY,1,False,0,0,0.0,0.0
105163,10000,99.99,SELL,11,True,0,0,0.0,0.0
105164,100,99.96,SELL,10,False,0,0,0.0,0.0
105165,100,100.0,BUY,1,False,0,0,0.0,0.0
105166,10000,99.99,BUY,11,True,0,0,0.0,0.0
105167,100,99.99,SELL,6,False,1,0,1.0,0.03957200000000016
105168,100,100.04,BUY,10,False,0,0,0.0,0.0
105169,100,99.96,SELL,5,False,0,0,0.0,0.0
105170,300,99.97,SELL,4,False,0,0,0.0,0.0
105171,100,99.99,BUY,3,False,0,0,0.0,0.0
105172,300,100.0,BUY,1,False,0,0,0.0,0.0
105173,100,99.96,SELL,2,False,0,0,0.0,0.0
105174,100,99.99,SELL,4,False,0,0,0.0,0.0
105175,100,99.98,BUY,6,False,0,0,0.0,0.0
105176,100,99.99,BUY,8,False,0,0,0.0,0.0
105177,100,99.98,SELL,6,False,0,0,0.0,0.0
105178,100,99.95,SELL,6,False,0,0,0.0,0.0
105179,100,100.02,SELL,4,False,0,0,0.0,0.0
105180,300,100.02,SELL,5,False,0,0,0.0,0.0
105181,200,100.0,SELL,4,False,0,0,0.0,0.0
105182,100,100.02,BUY,5,False,0,1,0.0,0.07884500000000028
105183,200,100.01,BUY,1,False,0,0,0.0,0.0
105184,200,100.05,BUY,2,False,0,0,0.0,0.0
105185,500,100.03,SELL,10,False,0,1,0.0,1.161753
105186,200,100.01,BUY,5,False,0,0,0.0,0.0
105187,300,100.04,BUY,4,False,0,0,0.0,0.0
105188,300,99.99,BUY,6,False,0,0,0.0,0.0
105189,5000,100.01,SELL,11,True,0,0,0.0,0.0
105190,300,99.99,BUY,8,False,0,0,0.0,0.0
105191,1000,100.04,BUY,2,False,0,0,0.0,0.0
105192,5000,100.0,SELL,11,True,0,0,0.0,0.0
105193,5000,100.01,BUY,11,True,1,0,1.0,0.41965500000000056
105194,200,100.02,BUY,3,False,0,0,0.0,0.0
105195,300,100.04,SELL,8,False,0,0,0.0,0.0
105196,1000,99.96,SELL,7,False,0,0,0.0,0.0
105197,100,100.04,BUY,3,False,0,0,0.0,0.0
105198,200,99.99,SELL,5,False,0,0,0.0,0.0
105199,10000,100.01,BUY,11,True,0,0,0.0,0.0
105200,200,99.96,SELL,3,False,0,1,0.0,0.45175300000000007
105201,200,99.98,SELL,8,False,0,0,0.0,0.0
105202,300,100.02,BUY,1,False,0,0,0.0,0.0
105203,5000,99.99,BUY,11,True,0,0,0.0,0.0
105204,100,99.97,BUY,3,False,0,0,0.0,0.0
105205,200,99.99,SELL,3,False,0,0,0.0,0.0
105206,200,99.96,BUY,1,False,0,0,0.0,0.0
105207,100,100.01,SELL,1,False,0,0,0.0,0.0
105208,300,99.98,SELL,5,False,0,1,0.0,0.17363600000000012
105209,300,99.98,BUY,5,False,0,0,0.0,0.0
105210,100,100.03,SELL,7,False,0,0,0.0,0.0
105211,1000,100.0,BUY,6,False,0,0,0.0,0.0
105212,100,100.0,BUY,4,False,0,0,0.0,0.0
105213,500,100.05,SELL,5,False,0,0,0.0,0.0
105214,200,99.99,BUY,3,False,0,0,0.0,0.0
105215,100,99.98,BUY,7,False,0,0,0.0,0.0
105216,300,99.97,BUY,10,False,0,0,0.0,0.0
105217,1000,100.01,BUY,9,False,0,0,0.0,0.0
105218,10000,100.0,BUY,11,True,0,0,0.0,0.0
105219,500,99.98,BUY,9,False,0,0,0.0,0.0
105220,200,99.98,BUY,8,False,0,0,0.0,0.0
105221,500,100.03,SELL,8,False,0,0,0.0,0.0
105222,200,99.97,BUY,5,False,1,0,1.0,0.6131809999999995
105223,200,100.01,BUY,9,False,0,0,0.0,0.0
105224,100,100.04,SELL,10,False,0,0,0.0,0.0
105225,100,100.04,BUY,4,False,0,0,0.0,0.0
105226,300,100.0,BUY,2,False,0,0,0.0,0.0
105227,200,99.99,BUY,9,False,0,0,0.0,0.0
105228,300,99.98,BUY,5,False,0,1,0.0,0.9444610000000004
105229,100,100.02,SELL,4,False,0,0,0.0,0.0
105230,300,100.03,SELL,7,False,0,0,0.0,0.0
105231,100,99.98,SELL,8,False,0,0,0.0,0.0
105232,100,99.96,BUY,3,False,0,1,0.0,1.2780020000000003
105233,15000,100.0,SELL,11,True,0,0,0.0,0.0
105234,200,100.04,SELL,7,False,0,1,0.0,0.7843359999999997
105235,10000,99.99,SELL,11,True,0,0,0.0,0.0
105236,200,100.04,BUY,3,False,0,0,0.0,0.0
105237,100,99.96,SELL,5,False,0,0,0.0,0.0
105238,300,100.03,SELL,7,False,0,0,0.0,0.0
105239,200,100.04,BUY,2,False,0,0,0.0,0.0
105240,500,99.97,SELL,7,False,0,0,0.0,0.0
105241,20000,100.0,SELL,11,True,0,0,0.0,0.0
105242,100,99.96,SELL,6,False,1,0,1.0,0.6571829999999999
105243,300,99.97,SELL,8,False,0,1,0.0,0.9999399999999996
105244,100,99.96,SELL,10,False,0,0,0.0,0.0
105245,100,99.96,SELL,6,False,0,0,0.0,0.0
105246,100,99.99,BUY,4,False,0,0,0.0,0.0
105247,100,100.04,SELL,6,False,0,1,0.0,0.7588419999999996
105248,1000,99.98,SELL,9,False,0,0,0.0,0.0
105249,15000,100.01,SELL,11,True,0,0,0.0,0.0
105250,500,100.05,BUY,10,False,0,0,0.0,0.0
105251,1000,99.96,SELL,5,False,0,0,0.0,0.0
105252,200,100.04,SELL,5,False,0,0,0.0,0.0
105253,100,99.96,BUY,2,False,0,0,0.0,0.0
105254,300,99.99,SELL,10,False,0,0,0.0,0.0
105255,300,99.99,SELL,2,False,0,0,0.0,0.0
105256,200,100.0,SELL,6,False,0,0,0.0,0.0
105257,200,100.0,SELL,10,False,0,0,0.0,0.0
105258,100,99.97,BUY,5,False,0,0,0.0,0.0
105259,300,100.0,SELL,8,False,0,1,0.0,1.2685309999999999
105260,300,99.98,SELL,5,False,0,0,0.0,0.0
105261,200,99.97,SELL,1,False,0,1,0.0,0.6399840000000001
105262,200,100.01,SELL,8,False,0,1,0.0,1.3022010000000002
105263,200,100.01,SELL,10,False,0,0,0.0,0.0
105264,100,99.96,SELL,7,False,0,1,0.0,0.8136950000000001
105265,100,99.97,BUY,8,False,0,0,0.0,0.0
105266,300,99.97,BUY,9,False,0,0,0.0,0.0
105267,100,100.03,BUY,7,False,0,0,0.0,0.0
105268,100,99.95,SELL,7,False,0,0,0.0,0.0
105269,500,99.96,SELL,5,False,0,0,0.0,0.0
105270,1000,100.04,BUY,2,False,0,0,0.0,0.0
105271,100,99.98,SELL,3,False,0,0,0.0,0.0
105272,100,99.97,BUY,6,False,0,0,0.0,0.0
105273,200,99.98,BUY,10,False,0,0,0.0,0.0
105274,100,99.96,BUY,5,False,0,0,0.0,0.0
105275,300,99.97,SELL,9,False,0,0,0.0,0.0
105276,200,100.01,SELL,10,False,0,1,0.0,0.6026529999999997
105277,300,99.97,SELL,7,False,0,0,0.0,0.0
105278,100,100.01,BUY,3,False,0,0,0.0,0.0
105279,100,99.98,BUY,2,False,0,0,0.0,0.0
105280,100,99.97,SELL,2,False,0,0,0.0,0.0
105281,200,100.0,BUY,10,False,0,0,0.0,0.0
105282,100,99.97,SELL,5,False,0,0,0.0,0.0
105283,200,100.01,BUY,3,False,0,0,0.0,0.0
105284,200,100.02,BUY,1,False,0,0,0.0,0.0
105285,500,99.99,SELL,1,False,0,0,0.0,0.0
105286,200,100.03,SELL,3,False,0,0,0.0,0.0
105287,300,100.02,SELL,4,False,0,0,0.0,0.0
105288,500,100.02,BUY,3,False,0,0,0.0,0.0
105289,5000,100.0,BUY,11,True,0,0,0.0,0.0
105290,1000,100.0,SELL,9,False,0,0,0.0,0.0
105291,1000,99.98,SELL,4,False,0,0,0.0,0.0
105292,200,99.96,BUY,9,False,0,0,0.0,0.0
105293,300,100.05,BUY,9,False,0,0,0.0,0.0
105294,200,100.02,SELL,10,False,1,0,1.0,0.17906699999999987
105295,100,100.01,SELL,4,False,0,0,0.0,0.0
105296,100,100.01,SELL,8,False,0,1,0.0,0.7166260000000007
105297,200,100.0,SELL,9,False,0,0,0.0,0.0
105298,200,100.02,SELL,7,False,0,0,0.0,0.0
105299,300,99.96,BUY,6,False,0,0,0.0,0.0
105300,10000,100.0,SELL,11,True,0,0,0.0,0.0
105301,100,100.0,SELL,5,False,0,0,0.0,0.0
105302,100,99.95,BUY,6,False,0,1,0.0,0.1575899999999999
105303,100,100.03,BUY,2,False,0,0,0.0,0.0
105304,100,100.01,BUY,3,False,0,0,0.0,0.0
105305,1000,99.96,BUY,4,False,0,0,0.0,0.0
105306,1000,100.02,SELL,8,False,0,0,0.0,0.0
105307,500,100.03,SELL,2,False,0,0,0.0,0.0
105308,1000,100.03,SELL,10,False,0,1,0.0,0.5398589999999999
105309,200,100.02,BUY,2,False,0,1,0.0,0.28455799999999964
105310,300,99.96,BUY,9,False,0,0,0.0,0.0
105311,100,99.96,SELL,1,False,0,0,0.0,0.0
105312,100,100.05,SELL,9,False,0,0,0.0,0.0
105313,100,99.99,BUY,10,False,0,1,0.0,1.098789
105314,100,100.04,SELL,7,False,0,0,0.0,0.0
105315,200,99.98,SELL,6,False,0,1,0.0,0.28262199999999993
105316,200,99.99,SELL,6,False,0,0,0.0,0.0
105317,100,100.05,BUY,10,False,0,0,0.0,0.0
105318,300,100.01,BUY,8,False,0,0,0.0,0.0
105319,200,100.02,SELL,9,False,0,0,0.0,0.0
105320,300,100.0,BUY,7,False,0,0,0.0,0.0
105321,100,99.98,SELL,2,False,0,0,0.0,0.0
105322,200,100.0,SELL,7,False,0,0,0.0,0.0
105323,300,100.02,BUY,10,False,0,0,0.0,0.0
105324,20000,100.0,BUY,11,True,0,0,0.0,0.0
105325,100,99.96,SELL,2,False,0,0,0.0,0.0
105326,15000,100.0,SELL,11,True,0,0,0.0,0.0
105327,200,100.04,BUY,6,False,0,0,0.0,0.0
105328,15000,100.01,BUY,11,True,1,0,1.0,1.0227279999999999
105329,300,99.97,BUY,10,False,0,0,0.0,0.0
105330,300,99.97,BUY,1,False,0,1,0.0,0.9416790000000006
105331,300,99.95,BUY,1,False,0,0,0.0,0.0
105332,1000,100.03,SELL,4,False,0,0,0.0,0.0
105333,100,99.98,BUY,6,False,0,0,0.0,0.0
105334,100,100.04,BUY,4,False,0,0,0.0,0.0
105335,300,100.03,BUY,10,False,0,0,0.0,0.0
105336,300,99.96,BUY,6,False,0,1,0.0,0.9243480000000002
105337,500,99.98,SELL,10,False,0,0,0.0,0.0
105338,100,99.97,BUY,4,False,0,0,0.0,0.0
105339,100,100.02,SELL,9,False,0,0,0.0,0.0
105340,200,99.99,SELL,5,False,0,0,0.0,0.0
105341,300,100.0,BUY,10,False,0,0,0.0,0.0
105342,100,99.96,BUY,10,False,0,0,0.0,0.0
105343,100,100.04,BUY,6,False,0,0,0.0,0.0
105344,10000,100.0,BUY,11,True,0,0,0.0,0.0
105345,200,99.98,BUY,1,False,0,0,0.0,0.0
105346,200,99.96,SELL,7,False,0,0,0.0,0.0
105347,100,99.96,SELL,7,False,0,0,0.0,0.0
105348,15000,99.99,BUY,11,True,0,0,0.0,0.0
105349,200,99.98,BUY,2,False,0,0,0.0,0.0
105350,300,99.99,BUY,2,False,0,0,0.0,0.0
105351,100,99.95,SELL,5,False,0,1,0.0,1.0627899999999997
105352,100,99.99,BUY,5,False,0,0,0.0,0.0
105353,300,99.99,SELL,6,False,0,0,0.0,0.0
105354,300,100.0,SELL,9,False,0,0,0.0,0.0
105355,300,100.0,SELL,4,False,0,0,0.0,0.0
105356,300,100.01,BUY,3,False,0,0,0.0,0.0
105357,200,99.99,BUY,6,False,0,0,0.0,0.0
105358,300,99.99,SELL,1,False,0,0,0.0,0.0
105359,100,100.0,BUY,1,False,0,0,0.0,0.0
105360,20000,100.01,SELL,11,True,0,0,0.0,0.0
105361,100,99.98,BUY,1,False,0,0,0.0,0.0
105362,300,100.03,SELL,4,False,0,0,0.0,0.0
105363,200,99.96,SELL,2,False,0,0,0.0,0.0
105364,200,100.05,SELL,6,False,0,0,0.0,0.0
105365,100,100.05,SELL,3,False,0,0,0.0,0.0
105366,100,99.96,BUY,10,False,0,0,0.0,0.0
105367,300,99.95,SELL,10,False,0,0,0.0,0.0
105368,300,100.0,SELL,9,False,0,0,0.0,0.0
105369,200,100.0,BUY,9,False,0,0,0.0,0.0
105370,1000,100.03,SELL,9,False,0,0,0.0,0.0
105371,100,99.97,BUY,7,False,0,0,0.0,0.0
105372,300,100.03,BUY,8,False,0,0,0.0,0.0
105373,300,99.97,BUY,1,False,0,0,0.0,0.0
105374,100,100.05,SELL,6,False,0,0,0.0,0.0
105375,200,100.03,BUY,2,False,0,1,0.0,0.6507680000000002
105376,100,100.01,BUY,2,False,0,0,0.0,0.0
105377,500,100.03,SELL,1,False,0,0,0.0,0.0
105378,200,99.98,SELL,8,False,0,0,0.0,0.0
105379,100,100.02,SELL,7,False,0,0,0.0,0.0
105380,500,99.96,SELL,7,False,0,0,0.0,0.0
105381,200,99.99,SELL,1,False,0,0,0.0,0.0
105382,500,100.0,SELL,8,False,0,0,0.0,0.0
105383,300,99.97,SELL,5,False,0,0,0.0,0.0
105384,200,100.01,SELL,7,False,0,0,0.0,0.0
105385,300,99.99,SELL,5,False,0,0,0.0,0.0
105386,200,100.0,SELL,3,False,0,0,0.0,0.0
105387,300,100.0,BUY,2,False,0,0,0.0,0.0
105388,300,100.03,SELL,5,False,0,0,0.0,0.0
105389,300,100.04,BUY,4,False,0,0,0.0,0.0
105390,100,99.99,SELL,1,False,0,0,0.0,0.0
105391,100,100.04,SELL,10,False,0,0,0.0,0.0
105392,100,100.02,SELL,8,False,0,1,0.0,1.2456380000000005
105393,300,100.03,SELL,9,False,1,0,1.0,1.143434
105394,1000,100.04,BUY,10,False,0,0,0.0,0.0
105395,200,100.01,SELL,10,False,0,0,0.0,0.0
105396,300,100.04,SELL,1,False,0,0,0.0,0.0
105397,200,100.05,SELL,7,False,0,0,0.0,0.0
105398,100,99.99,BUY,6,False,0,0,0.0,0.0
105399,200,100.02,SELL,8,False,0,0,0.0,0.0
105400,1000,99.98,SELL,4,False,0,0,0.0,0.0
105401,300,99.99,BUY,1,False,0,0,0.0,0.0
105402,15000,100.0,SELL,11,True,0,0,0.0,0.0
105403,15000,100.01,BUY,11,True,1,0,1.0,1.0367919999999993
105404,300,99.96,BUY,7,False,0,1,0.0,0.680701
105405,100,99.97,SELL,6,False,0,0,0.0,0.0
105406,100,100.02,BUY,2,False,0,0,0.0,0.0
105407,500,100.01,SELL,2,False,0,0,0.0,0.0
105408,200,100.02,SELL,2,False,0,0,0.0,0.0
105409,300,99.96,BUY,10,False,0,0,0.0,0.0
105410,200,99.98,BUY,6,False,0,0,0.0,0.0
105411,100,99.99,SELL,7,False,0,0,0.0,0.0
105412,300,99.99,SELL,10,False,0,0,0.0,0.0
105413,20000,100.01,BUY,11,True,0,0,0.0,0.0
105414,100,99.96,BUY,10,False,0,0,0.0,0.0
105415,500,99.99,BUY,1,False,0,0,0.0,0.0
105416,200,99.96,SELL,4,False,0,1,0.0,0.29265399999999975
105417,500,100.05,BUY,1,False,0,0,0.0,0.0
105418,10000,100.0,SELL,11,True,0,0,0.0,0.0
105419,100,100.0,SELL,6,False,1,0,1.0,0.5911090000000003
105420,100,99.98,BUY,5,False,0,0,0.0,0.0
105421,300,99.97,SELL,3,False,0,0,0.0,0.0
105422,100,99.99,SELL,7,False,0,0,0.0,0.0
105423,200,100.01,SELL,4,False,0,0,0.0,0.0
105424,100,99.97,BUY,8,False,0,0,0.0,0.0
105425,200,99.95,BUY,10,False,0,0,0.0,0.0
105426,1000,99.96,SELL,10,False,0,0,0.0,0.0
105427,15000,100.01,BUY,11,True,0,0,0.0,0.0
105428,200,100.0,BUY,2,False,0,0,0.0,0.0
105429,100,99.96,BUY,4,False,0,0,0.0,0.0
105430,200,100.03,SELL,7,False,0,0,0.0,0.0
105431,100,100.0,SELL,7,False,0,0,0.0,0.0
105432,100,100.04,BUY,1,False,0,1,0.0,1.0933930000000007
105433,300,100.02,SELL,1,False,0,0,0.0,0.0
105434,100,99.99,SELL,6,False,0,0,0.0,0.0
105435,200,99.96,SELL,3,False,0,0,0.0,0.0
105436,15000,100.01,SELL,11,True,0,0,0.0,0.0
105437,500,99.98,BUY,7,False,0,0,0.0,0.0
105438,100,99.96,SELL,9,False,0,0,0.0,0.0
105439,100,100.03,BUY,3,False,0,0,0.0,0.0
105440,200,99.98,SELL,1,False,0,0,0.0,0.0
105441,1000,100.05,SELL,9,False,1,0,1.0,0.19777600000000017
105442,300,100.03,SELL,7,False,0,0,0.0,0.0
105443,100,99.96,BUY,10,False,0,0,0.0,0.0
105444,20000,100.0,BUY,11,True,0,0,0.0,0.0
105445,100,99.98,SELL,1,False,0,0,0.0,0.0
105446,100,99.96,BUY,3,False,0,0,0.0,0.0
105447,300,99.98,SELL,8,False,0,1,0.0,0.5420699999999998
105448,300,100.04,SELL,10,False,0,0,0.0,0.0
105449,200,100.02,SELL,7,False,0,0,0.0,0.0
105450,300,100.03,SELL,1,False,0,0,0.0,0.0
105451,200,100.0,BUY,9,False,0,0,0.0,0.0
105452,500,100.01,BUY,8,False,0,0,0.0,0.0
105453,5000,100.0,SELL,11,True,0,0,0.0,0.0
105454,200,99.98,BUY,8,False,0,0,0.0,0.0
105455,300,100.02,SELL,8,False,0,0,0.0,0.0
105456,200,100.0,BUY,1,False,0,0,0.0,0.0
105457,300,99.95,SELL,8,False,0,0,0.0,0.0
105458,300,99.97,BUY,8,False,0,0,0.0,0.0
105459,200,99.97,SELL,2,False,0,0,0.0,0.0
105460,100,100.04,BUY,10,False,0,0,0.0,0.0
105461,100,100.01,SELL,6,False,0,1,0.0,0.3673490000000008
105462,100,99.97,BUY,10,False,0,0,0.0,0.0
105463,100,99.98,BUY,6,False,0,0,0.0,0.0
105464,100,100.05,BUY,6,False,0,0,0.0,0.0
105465,200,99.98,SELL,5,False,0,0,0.0,0.0
105466,300,99.99,SELL,5,False,1,0,1.0,0.4005869999999998
105467,1000,100.05,SELL,7,False,0,0,0.0,0.0
105468,500,100.05,BUY,10,False,0,0,0.0,0.0
105469,100,99.95,SELL,5,False,0,0,0.0,0.0
105470,200,100.04,SELL,4,False,0,1,0.0,0.31467499999999937
105471,100,99.99,BUY,1,False,0,0,0.0,0.0
105472,300,100.04,BUY,2,False,0,1,0.0,0.6392550000000004
105473,200,99.99,BUY,10,False,0,0,0.0,0.0
105474,300,99.98,SELL,9,False,0,0,0.0,0.0
105475,200,99.99,SELL,5,False,0,0,0.0,0.0
105476,200,100.01,BUY,6,False,0,1,0.0,0.6371880000000001
105477,100,100.0,SELL,6,False,0,0,0.0,0.0
105478,1000,99.96,BUY,5,False,0,0,0.0,0.0
105479,5000,100.0,SELL,11,True,0,0,0.0,0.0
105480,200,99.99,BUY,7,False,0,0,0.0,0.0
105481,300,99.97,BUY,9,False,0,0,0.0,0.0
105482,300,99.97,BUY,8,False,0,0,0.0,0.0
105483,200,100.01,SELL,1,False,0,0,0.0,0.0
105484,10000,100.0,SELL,11,True,0,0,0.0,0.0
105485,500,100.02,BUY,10,False,0,0,0.0,0.0
105486,200,99.96,BUY,8,False,0,0,0.0,0.0
105487,200,100.0,BUY,3,False,0,0,0.0,0.0
105488,100,99.97,SELL,10,False,0,0,0.0,0.0
105489,200,99.97,BUY,6,False,0,0,0.0,0.0
105490,200,100.01,BUY,4,False,0,0,0.0,0.0
105491,200,99.99,BUY,7,False,0,0,0.0,0.0
105492,300,100.05,BUY,5,False,0,0,0.0,0.0
105493,300,100.03,BUY,7,False,0,1,0.0,0.37556800000000035
105494,100,100.02,BUY,6,False,0,0,0.0,0.0
105495,300,99.99,BUY,5,False,0,0,0.0,0.0
105496,1000,100.03,BUY,5,False,0,0,0.0,0.0
105497,100,99.95,SELL,10,False,0,1,0.0,0.4007139999999998
105498,200,100.05,SELL,4,False,0,0,0.0,0.0
105499,300,100.05,SELL,8,False,0,0,0.0,0.0
105500,200,100.0,BUY,6,False,0,0,0.0,0.0
105501,100,99.98,BUY,3,False,0,0,0.0,0.0
105502,15000,99.99,BUY,11,True,1,0,1.0,0.23135100000000008
105503,10000,100.0,BUY,11,True,0,0,0.0,0.0
105504,300,100.0,SELL,10,False,0,0,0.0,0.0
105505,100,100.0,SELL,8,False,0,0,0.0,0.0
105506,200,99.96,BUY,3,False,0,0,0.0,0.0
105507,300,99.97,BUY,6,False,0,0,0.0,0.0
105508,100,99.98,SELL,9,False,0,0,0.0,0.0
105509,5000,100.01,SELL,11,True,0,0,0.0,0.0
105510,200,99.96,BUY,5,False,0,0,0.0,0.0
105511,10000,100.01,BUY,11,True,0,0,0.0,0.0
105512,200,99.99,SELL,4,False,1,0,1.0,0.2141389999999994
105513,200,100.03,SELL,2,False,0,0,0.0,0.0
105514,300,100.04,BUY,9,False,0,0,0.0,0.0
105515,100,99.99,SELL,7,False,0,0,0.0,0.0
105516,100,100.03,SELL,5,False,0,0,0.0,0.0
105517,300,99.98,SELL,6,False,0,0,0.0,0.0
105518,200,99.98,SELL,5,False,0,0,0.0,0.0
105519,1000,99.98,BUY,8,False,0,0,0.0,0.0
105520,100,100.04,BUY,8,False,0,1,0.0,1.0453510000000001
105521,300,99.99,SELL,8,False,0,0,0.0,0.0
105522,100,99.98,SELL,5,False,0,0,0.0,0.0
105523,1000,100.03,SELL,4,False,0,0,0.0,0.0
105524,100,99.99,BUY,8,False,0,0,0.0,0.0
105525,100,100.01,SELL,7,False,0,0,0.0,0.0
105526,100,99.99,SELL,6,False,1,0,1.0,0.9232930000000001
105527,300,100.01,SELL,2,False,0,1,0.0,0.5124419999999992
105528,100,99.95,SELL,4,False,0,0,0.0,0.0
105529,100,99.97,BUY,8,False,0,0,0.0,0.0
105530,500,100.0,SELL,8,False,0,0,0.0,0.0
105531,200,100.01,BUY,5,False,0,1,0.0,0.48226999999999975
105532,100,100.02,BUY,10,False,0,0,0.0,0.0
105533,500,99.99,BUY,2,False,0,0,0.0,0.0
105534,100,99.95,SELL,8,False,0,0,0.0,0.0
105535,200,99.98,SELL,2,False,0,0,0.0,0.0
105536,300,99.99,SELL,3,False,0,0,0.0,0.0
105537,100,100.0,SELL,10,False,0,0,0.0,0.0
105538,1000,100.04,SELL,3,False,0,0,0.0,0.0
105539,300,99.97,BUY,8,False,0,0,0.0,0.0
105540,300,100.02,SELL,8,False,0,0,0.0,0.0
105541,100,100.03,SELL,9,False,0,0,0.0,0.0
105542,500,100.02,SELL,9,False,0,0,0.0,0.0
105543,300,99.95,SELL,10,False,0,0,0.0,0.0
105544,100,100.05,BUY,10,False,0,0,0.0,0.0
105545,200,99.96,SELL,10,False,0,0,0.0,0.0
105546,100,100.03,SELL,3,False,0,0,0.0,0.0
105547,300,100.02,SELL,1,False,0,1,0.0,0.2661389999999999
105548,15000,100.0,BUY,11,True,0,0,0.0,0.0
105549,300,100.01,BUY,3,False,0,0,0.0,0.0
105550,100,100.01,SELL,9,False,0,0,0.0,0.0
105551,100,99.99,BUY,10,False,0,0,0.0,0.0
105552,1000,99.95,SELL,2,False,0,0,0.0,0.0
105553,1000,99.99,SELL,2,False,0,0,0.0,0.0
105554,300,99.98,SELL,5,False,0,0,0.0,0.0
105555,1000,100.0,SELL,9,False,0,0,0.0,0.0
105556,200,99.95,BUY,8,False,0,0,0.0,0.0
105557,100,99.96,BUY,8,False,0,0,0.0,0.0
105558,100,99.97,SELL,5,False,0,0,0.0,0.0
105559,100,100.05,SELL,4,False,0,0,0.0,0.0
105560,100,100.05,SELL,3,False,0,0,0.0,0.0
105561,100,100.04,BUY,7,False,0,0,0.0,0.0
105562,100,100.04,SELL,9,False,0,0,0.0,0.0
105563,300,100.02,BUY,9,False,0,0,0.0,0.0
105564,200,100.0,BUY,5,False,0,0,0.0,0.0
105565,300,99.98,BUY,3,False,0,0,0.0,0.0
105566,100,100.04,BUY,5,False,0,0,0.0,0.0
105567,300,100.04,BUY,10,False,0,0,0.0,0.0
105568,500,100.05,SELL,6,False,0,1,0.0,0.9800550000000001
105569,100,100.02,SELL,6,False,0,0,0.0,0.0
105570,10000,100.0,BUY,11,True,0,0,0.0,0.0
105571,200,99.97,BUY,2,False,0,1,0.0,0.027420000000000222
105572,10000,100.01,BUY,11,True,0,1,0.0,0.911778
105573,200,99.97,BUY,7,False,0,1,0.0,0.07269799999999993
105574,1000,99.98,BUY,6,False,0,0,0.0,0.0
105575,100,99.97,BUY,7,False,0,0,0.0,0.0
105576,300,100.03,SELL,6,False,0,0,0.0,0.0
105577,200,100.02,SELL,8,False,0,1,0.0,0.5133650000000003
105578,500,99.97,BUY,4,False,0,0,0.0,0.0
105579,300,100.03,BUY,10,False,0,0,0.0,0.0
105580,100,99.98,SELL,7,False,0,0,0.0,0.0
105581,200,100.0,BUY,7,False,0,0,0.0,0.0
105582,20000,100.0,SELL,11,True,0,0,0.0,0.0
105583,300,100.03,BUY,1,False,0,0,0.0,0.0
105584,5000,100.0,SELL,11,True,0,0,0.0,0.0
105585,200,99.97,BUY,1,False,0,0,0.0,0.0
105586,100,100.03,SELL,6,False,0,0,0.0,0.0
105587,200,99.99,SELL,2,False,0,0,0.0,0.0
105588,100,100.01,SELL,8,False,0,0,0.0,0.0
105589,100,99.98,SELL,3,False,0,0,0.0,0.0
105590,100,99.96,SELL,6,False,0,0,0.0,0.0
105591,20000,99.99,SELL,11,True,0,0,0.0,0.0
105592,300,100.03,BUY,4,False,0,0,0.0,0.0
105593,500,100.01,BUY,9,False,0,0,0.0,0.0
105594,100,99.99,BUY,10,False,0,0,0.0,0.0
105595,100,100.03,SELL,2,False,0,0,0.0,0.0
105596,300,100.01,SELL,6,False,0,0,0.0,0.0
105597,300,99.96,BUY,2,False,0,0,0.0,0.0
105598,15000,100.0,BUY,11,True,0,0,0.0,0.0
105599,300,100.02,BUY,6,False,0,0,0.0,0.0
105600,5000,100.0,SELL,11,True,0,0,0.0,0.0
105601,100,99.96,BUY,1,False,0,0,0.0,0.0
105602,10000,99.99,BUY,11,True,0,0,0.0,0.0
105603,500,100.01,BUY,10,False,0,0,0.0,0.0
105604,300,99.98,BUY,2,False,0,0,0.0,0.0
105605,100,100.02,BUY,6,False,0,0,0.0,0.0
105606,200,99.96,BUY,10,False,0,0,0.0,0.0
105607,300,100.01,SELL,3,False,0,1,0.0,0.18801700000000032
105608,200,100.03,BUY,4,False,0,1,0.0,0.8744740000000002
105609,200,100.01,BUY,8,False,0,0,0.0,0.0
105610,100,100.04,BUY,3,False,0,0,0.0,0.0
105611,300,100.0,SELL,10,False,0,0,0.0,0.0
105612,10000,100.01,BUY,11,True,0,0,0.0,0.0
105613,200,100.0,BUY,4,False,0,0,0.0,0.0
105614,100,100.04,BUY,8,False,0,0,0.0,0.0
105615,500,100.02,SELL,10,False,0,0,0.0,0.0
105616,200,99.97,BUY,9,False,0,0,0.0,0.0
105617,100,100.03,SELL,5,False,0,1,0.0,0.7946180000000007
105618,200,100.0,SELL,1,False,0,0,0.0,0.0
105619,200,100.02,SELL,1,False,0,0,0.0,0.0
105620,200,100.0,BUY,8,False,0,0,0.0,0.0
105621,5000,100.0,BUY,11,True,0,0,0.0,0.0
105622,100,99.97,SELL,3,False,0,0,0.0,0.0
105623,5000,99.99,BUY,11,True,1,0,1.0,0.44769900000000007
105624,100,100.03,BUY,10,False,0,0,0.0,0.0
105625,100,100.03,BUY,6,False,0,1,0.0,0.11920999999999982
105626,200,100.01,BUY,5,False,0,0,0.0,0.0
105627,200,100.04,BUY,8,False,0,0,0.0,0.0
105628,300,100.0,BUY,9,False,0,0,0.0,0.0
105629,10000,99.99,SELL,11,True,0,0,0.0,0.0
105630,10000,100.0,SELL,11,True,0,0,0.0,0.0
105631,200,99.98,SELL,3,False,0,0,0.0,0.0
105632,300,99.96,SELL,4,False,0,0,0.0,0.0
105633,500,100.03,BUY,4,False,0,0,0.0,0.0
105634,10000,100.0,BUY,11,True,0,0,0.0,0.0
105635,200,100.01,SELL,8,False,0,0,0.0,0.0
105636,100,99.98,BUY,8,False,0,0,0.0,0.0
105637,200,100.04,SELL,3,False,0,0,0.0,0.0
105638,200,100.04,BUY,9,False,0,0,0.0,0.0
105639,100,100.0,SELL,1,False,0,0,0.0,0.0
105640,200,100.01,SELL,4,False,0,0,0.0,0.0
105641,200,100.01,BUY,7,False,0,0,0.0,0.0
105642,200,99.95,BUY,7,False,0,0,0.0,0.0
105643,500,100.03,SELL,2,False,0,0,0.0,0.0
105644,100,99.96,SELL,8,False,0,0,0.0,0.0
105645,15000,100.0,BUY,11,True,0,0,0.0,0.0
105646,200,99.96,BUY,1,False,0,0,0.0,0.0
105647,200,100.0,SELL,10,False,0,0,0.0,0.0
105648,300,100.04,SELL,9,False,1,0,1.0,0.46948100000000004
105649,200,100.03,BUY,8,False,0,0,0.0,0.0
105650,100,100.04,BUY,4,False,0,0,0.0,0.0
105651,100,100.0,BUY,1,False,0,0,0.0,0.0
105652,15000,99.99,SELL,11,True,0,0,0.0,0.0
105653,100,100.01,SELL,6,False,0,0,0.0,0.0
105654,200,99.98,SELL,3,False,0,1,0.0,0.10352500000000031
105655,1000,100.03,SELL,5,False,0,0,0.0,0.0
105656,100,100.04,BUY,8,False,0,0,0.0,0.0
105657,100,100.04,SELL,6,False,0,0,0.0,0.0
105658,300,99.96,BUY,5,False,0,0,0.0,0.0
105659,200,99.95,SELL,4,False,0,1,0.0,0.5119830000000007
105660,200,100.03,SELL,6,False,0,0,0.0,0.0
105661,100,100.03,SELL,4,False,0,0,0.0,0.0
105662,100,100.01,BUY,8,False,0,0,0.0,0.0
105663,100,99.96,SELL,6,False,0,0,0.0,0.0
105664,500,100.0,SELL,10,False,0,1,0.0,0.04748600000000014
105665,1000,100.04,SELL,4,False,0,0,0.0,0.0
105666,300,99.96,BUY,4,False,0,0,0.0,0.0
105667,300,99.97,SELL,9,False,0,0,0.0,0.0
105668,15000,100.01,BUY,11,True,0,0,0.0,0.0
105669,300,100.0,SELL,10,False,0,0,0.0,0.0
105670,20000,100.01,SELL,11,True,0,0,0.0,0.0
105671,200,100.03,SELL,6,False,0,0,0.0,0.0
105672,100,99.97,BUY,9,False,0,0,0.0,0.0
105673,300,100.02,BUY,4,False,0,0,0.0,0.0
105674,15000,100.01,BUY,11,True,0,0,0.0,0.0
105675,300,100.02,SELL,5,False,0,0,0.0,0.0
105676,500,100.03,SELL,3,False,0,0,0.0,0.0
105677,200,99.97,BUY,1,False,0,0,0.0,0.0
105678,100,100.04,SELL,1,False,0,0,0.0,0.0
105679,100,99.96,SELL,10,False,0,0,0.0,0.0
105680,100,100.04,BUY,6,False,0,0,0.0,0.0
105681,100,100.02,SELL,9,False,0,1,0.0,0.06280799999999953
105682,100,100.01,SELL,10,False,0,0,0.0,0.0
105683,200,100.02,SELL,9,False,0,0,0.0,0.0
105684,200,99.95,BUY,3,False,0,0,0.0,0.0
105685,100,99.98,BUY,2,False,0,0,0.0,0.0
105686,300,100.03,BUY,5,False,0,0,0.0,0.0
105687,200,99.96,BUY,5,False,0,0,0.0,0.0
105688,300,100.03,BUY,4,False,0,0,0.0,0.0
105689,5000,100.0,SELL,11,True,0,0,0.0,0.0
105690,10000,99.99,SELL,11,True,0,0,0.0,0.0
105691,100,100.01,SELL,10,False,0,0,0.0,0.0
105692,200,100.05,SELL,1,False,0,1,0.0,1.0357770000000004
105693,500,100.04,BUY,2,False,0,0,0.0,0.0
105694,100,99.96,BUY,3,False,0,0,0.0,0.0
105695,100,100.02,SELL,10,False,0,0,0.0,0.0
105696,1000,100.01,SELL,5,False,0,1,0.0,0.6414429999999998
105697,100,99.96,BUY,4,False,0,0,0.0,0.0
105698,200,100.04,BUY,3,False,0,0,0.0,0.0
105699,300,100.03,BUY,6,False,0,0,0.0,0.0
105700,1000,99.98,BUY,7,False,0,1,0.0,0.11621199999999998
105701,200,100.0,SELL,4,False,1,0,1.0,0.34852300000000014
105702,300,100.01,SELL,7,False,0,0,0.0,0.0
105703,100,99.97,BUY,5,False,0,1,0.0,0.4437849999999992
105704,300,100.05,SELL,8,False,0,0,0.0,0.0
105705,200,99.99,SELL,8,False,0,0,0.0,0.0
105706,200,100.05,SELL,8,False,0,0,0.0,0.0
105707,100,100.0,BUY,1,False,0,0,0.0,0.0
105708,200,100.03,BUY,2,False,0,0,0.0,0.0
105709,500,100.02,SELL,5,False,1,0,1.0,0.39000000000000057
105710,200,100.01,BUY,7,False,0,0,0.0,0.0
105711,100,100.0,SELL,9,False,0,0,0.0,0.0
105712,500,100.05,BUY,7,False,0,0,0.0,0.0
105713,300,100.0,SELL,7,False,0,0,0.0,0.0
105714,200,100.0,BUY,1,False,0,0,0.0,0.0
105715,200,100.04,BUY,7,False,0,0,0.0,0.0
105716,10000,100.01,SELL,11,True,0,1,0.0,1.0145990000000005
105717,200,99.97,SELL,1,False,0,0,0.0,0.0
105718,100,100.02,SELL,4,False,0,0,0.0,0.0
105719,15000,99.99,SELL,11,True,0,0,0.0,0.0
105720,300,99.97,SELL,7,False,0,0,0.0,0.0
105721,200,100.02,BUY,3,False,0,0,0.0,0.0
105722,200,99.95,SELL,5,False,0,0,0.0,0.0
105723,100,100.02,BUY,7,False,1,0,1.0,0.8071020000000004
105724,100,100.03,BUY,1,False,0,0,0.0,0.0
105725,200,99.97,SELL,5,False,0,0,0.0,0.0
105726,200,100.01,SELL,9,False,0,0,0.0,0.0
105727,1000,99.97,SELL,9,False,0,0,0.0,0.0
105728,300,100.02,SELL,5,False,0,0,0.0,0.0
105729,15000,99.99,BUY,11,True,0,0,0.0,0.0
105730,300,99.95,BUY,8,False,0,1,0.0,0.7208259999999997
105731,200,99.97,BUY,5,False,0,0,0.0,0.0
105732,1000,99.97,SELL,3,False,1,0,1.0,0.3646390000000004
105733,10000,100.0,BUY,11,True,0,0,0.0,0.0
105734,100,99.98,BUY,2,False,0,1,0.0,0.282902
105735,100,99.96,BUY,6,False,0,0,0.0,0.0
105736,15000,100.0,BUY,11,True,0,0,0.0,0.0
105737,300,99.95,BUY,3,False,0,0,0.0,0.0
105738,100,100.0,SELL,5,False,0,0,0.0,0.0
105739,500,100.0,SELL,9,False,0,0,0.0,0.0
105740,100,100.03,SELL,7,False,0,0,0.0,0.0
105741,500,100.03,SELL,6,False,0,0,0.0,0.0
105742,500,100.02,SELL,1,False,0,0,0.0,0.0
105743,200,99.97,SELL,4,False,0,0,0.0,0.0
105744,300,99.96,SELL,1,False,0,0,0.0,0.0
105745,100,99.97,SELL,4,False,0,0,0.0,0.0
105746,100,99.98,SELL,4,False,0,0,0.0,0.0
105747,300,100.03,BUY,10,False,0,0,0.0,0.0
105748,200,99.99,BUY,2,False,0,0,0.0,0.0
105749,200,100.04,SELL,3,False,0,1,0.0,0.8798439999999994
105750,500,100.01,SELL,3,False,0,0,0.0,0.0
105751,100,100.01,SELL,1,False,0,0,0.0,0.0
105752,1000,99.98,BUY,9,False,0,1,0.0,0.07422600000000035
105753,100,99.99,SELL,10,False,0,1,0.0,0.11214100000000027
105754,1000,100.03,BUY,8,False,0,0,0.0,0.0
105755,500,99.98,SELL,9,False,0,0,0.0,0.0
105756,500,100.01,SELL,7,False,0,0,0.0,0.0
105757,500,100.03,BUY,3,False,0,0,0.0,0.0
105758,10000,100.01,BUY,11,True,0,0,0.0,0.0
105759,100,100.01,BUY,6,False,0,0,0.0,0.0
105760,500,99.98,SELL,7,False,0,0,0.0,0.0
105761,100,100.05,SELL,8,False,0,0,0.0,0.0
105762,200,100.04,BUY,7,False,0,0,0.0,0.0
105763,100,100.01,SELL,8,False,0,0,0.0,0.0
105764,200,99.98,BUY,6,False,0,0,0.0,0.0
105765,300,99.98,BUY,8,False,0,0,0.0,0.0
105766,500,100.02,SELL,4,False,0,0,0.0,0.0
105767,100,100.01,SELL,4,False,0,0,0.0,0.0
105768,100,99.95,SELL,1,False,0,0,0.0,0.0
105769,200,100.03,BUY,2,False,0,0,0.0,0.0
105770,100,99.98,BUY,7,False,0,0,0.0,0.0
105771,100,99.98,BUY,6,False,0,1,0.0,0.4922979999999999
105772,200,99.97,SELL,5,False,0,0,0.0,0.0
105773,200,100.01,SELL,10,False,0,1,0.0,0.6575660000000001
105774,300,99.96,BUY,8,False,0,0,0.0,0.0
105775,200,100.03,SELL,7,False,0,0,0.0,0.0
105776,300,99.99,SELL,7,False,0,0,0.0,0.0
105777,15000,100.0,SELL,11,True,1,0,1.0,0.9449959999999997
105778,100,99.99,SELL,4,False,0,0,0.0,0.0
105779,100,100.01,SELL,9,False,0,0,0.0,0.0
105780,500,100.03,SELL,6,False,0,0,0.0,0.0
105781,300,99.99,BUY,6,False,0,0,0.0,0.0
105782,100,99.99,SELL,8,False,1,0,1.0,0.5769440000000001
105783,500,99.95,SELL,8,False,0,1,0.0,0.06594999999999995
105784,200,100.04,SELL,5,False,0,0,0.0,0.0
105785,200,99.98,BUY,4,False,0,0,0.0,0.0
105786,200,99.98,BUY,6,False,0,0,0.0,0.0
105787,15000,100.0,SELL,11,True,0,0,0.0,0.0
105788,100,100.01,BUY,4,False,0,0,0.0,0.0
105789,200,100.0,BUY,6,False,0,0,0.0,0.0
105790,200,100.03,SELL,9,False,0,0,0.0,0.0
105791,1000,100.04,BUY,5,False,0,0,0.0,0.0
105792,300,99.96,BUY,2,False,0,0,0.0,0.0
105793,100,100.0,SELL,8,False,0,0,0.0,0.0
105794,200,100.04,SELL,4,False,0,0,0.0,0.0
105795,100,100.04,BUY,1,False,0,0,0.0,0.0
105796,100,99.98,SELL,8,False,0,0,0.0,0.0
105797,300,100.02,BUY,10,False,0,0,0.0,0.0
105798,200,99.98,BUY,1,False,1,0,1.0,0.7937760000000003
105799,100,99.96,SELL,9,False,0,0,0.0,0.0
105800,100,100.04,SELL,1,False,0,0,0.0,0.0
105801,100,100.04,SELL,7,False,0,0,0.0,0.0
105802,200,99.98,SELL,10,False,0,1,0.0,0.33547300000000035
105803,100,99.98,BUY,1,False,0,0,0.0,0.0
105804,5000,100.01,BUY,11,True,0,0,0.0,0.0
105805,10000,100.0,BUY,11,True,0,0,0.0,0.0
105806,200,100.02,SELL,7,False,0,0,0.0,0.0
105807,5000,99.99,BUY,11,True,0,0,0.0,0.0
105808,200,100.05,SELL,10,False,0,0,0.0,0.0
105809,100,99.97,SELL,5,False,0,0,0.0,0.0
105810,100,99.97,BUY,8,False,0,1,0.0,0.8331020000000002
105811,500,100.04,SELL,10,False,0,0,0.0,0.0
105812,200,99.99,BUY,1,False,0,0,0.0,0.0
105813,200,99.96,SELL,6,False,0,1,0.0,0.41490399999999994
105814,1000,99.99,SELL,8,False,0,0,0.0,0.0
105815,300,100.02,BUY,10,False,0,0,0.0,0.0
105816,200,100.02,SELL,4,False,0,0,0.0,0.0
105817,300,99.98,SELL,1,False,0,1,0.0,0.9041989999999993
105818,200,100.01,SELL,10,False,0,0,0.0,0.0
105819,500,99.98,SELL,5,False,0,1,0.0,0.6781500000000005
105820,100,100.05,SELL,3,False,0,0,0.0,0.0
105821,200,99.97,SELL,1,False,0,1,0.0,0.18523099999999992
105822,1000,99.97,BUY,9,False,0,0,0.0,0.0
105823,300,100.01,BUY,4,False,0,0,0.0,0.0
105824,100,100.01,BUY,9,False,0,0,0.0,0.0
105825,100,100.03,BUY,7,False,0,0,0.0,0.0
105826,100,100.01,BUY,3,False,0,0,0.0,0.0
105827,100,100.02,SELL,1,False,0,0,0.0,0.0
105828,100,99.97,SELL,6,False,0,0,0.0,0.0
105829,200,99.99,BUY,5,False,0,0,0.0,0.0
105830,200,99.96,SELL,9,False,0,0,0.0,0.0
105831,300,100.01,SELL,10,False,0,0,0.0,0.0
105832,500,100.03,SELL,8,False,0,0,0.0,0.0
105833,200,99.98,BUY,6,False,0,0,0.0,0.0
105834,300,100.0,BUY,4,False,0,0,0.0,0.0
105835,200,99.98,SELL,2,False,0,0,0.0,0.0
105836,200,100.03,SELL,9,False,0,0,0.0,0.0
105837,100,99.96,SELL,7,False,0,0,0.0,0.0
105838,100,100.04,BUY,5,False,0,0,0.0,0.0
105839,500,100.01,BUY,3,False,0,0,0.0,0.0
105840,300,99.96,SELL,7,False,0,0,0.0,0.0
105841,200,100.0,SELL,4,False,0,0,0.0,0.0
105842,300,99.98,SELL,3,False,0,0,0.0,0.0
105843,100,100.0,SELL,1,False,0,0,0.0,0.0
105844,300,100.01,SELL,9,False,0,1,0.0,0.37753499999999995
105845,500,100.02,BUY,3,False,1,0,1.0,0.18609899999999957
105846,1000,99.96,SELL,2,False,0,0,0.0,0.0
105847,100,99.99,SELL,2,False,0,0,0.0,0.0
105848,300,99.96,BUY,9,False,0,0,0.0,0.0
105849,200,99.96,SELL,4,False,0,0,0.0,0.0
105850,300,100.0,SELL,6,False,1,0,1.0,0.5180930000000004
105851,300,100.03,SELL,7,False,0,0,0.0,0.0
105852,500,99.98,BUY,5,False,0,0,0.0,0.0
105853,200,99.96,BUY,9,False,0,0,0.0,0.0
105854,10000,99.99,SELL,11,True,0,0,0.0,0.0
105855,200,99.99,SELL,5,False,0,0,0.0,0.0
105856,200,99.97,SELL,6,False,0,0,0.0,0.0
105857,100,100.04,SELL,1,False,0,0,0.0,0.0
105858,300,100.02,SELL,3,False,0,0,0.0,0.0
105859,500,100.05,BUY,5,False,0,0,0.0,0.0
105860,100,100.02,BUY,8,False,0,0,0.0,0.0
105861,100,99.97,SELL,2,False,0,0,0.0,0.0
105862,200,100.03,BUY,2,False,0,0,0.0,0.0
105863,20000,100.0,BUY,11,True,0,0,0.0,0.0
105864,300,100.0,SELL,5,False,0,0,0.0,0.0
105865,100,100.01,BUY,3,False,0,0,0.0,0.0
105866,10000,100.0,BUY,11,True,0,0,0.0,0.0
105867,100,100.02,BUY,10,False,0,0,0.0,0.0
105868,100,100.02,SELL,4,False,0,0,0.0,0.0
105869,100,100.0,SELL,3,False,0,0,0.0,0.0
105870,100,100.0,BUY,5,False,0,0,0.0,0.0
105871,300,100.04,SELL,10,False,0,0,0.0,0.0
105872,100,99.97,BUY,1,False,0,0,0.0,0.0
105873,100,100.04,SELL,9,False,0,0,0.0,0.0
105874,200,100.02,BUY,4,False,0,0,0.0,0.0
105875,100,100.02,SELL,7,False,0,0,0.0,0.0
105876,300,100.05,SELL,4,False,0,0,0.0,0.0
105877,100,100.03,SELL,2,False,0,0,0.0,0.0
105878,10000,99.99,BUY,11,True,0,0,0.0,0.0
105879,100,99.96,BUY,1,False,0,0,0.0,0.0
105880,1000,99.98,BUY,3,False,0,0,0.0,0.0
105881,300,99.97,SELL,9,False,0,0,0.0,0.0
105882,100,100.03,SELL,8,False,0,0,0.0,0.0
105883,100,99.98,SELL,6,False,0,1,0.0,0.5883590000000005
105884,200,100.04,BUY,6,False,0,0,0.0,0.0
105885,100,99.98,BUY,7,False,0,0,0.0,0.0
105886,200,99.95,BUY,1,False,0,0,0.0,0.0
105887,500,100.02,SELL,10,False,0,0,0.0,0.0
105888,200,99.99,SELL,7,False,0,0,0.0,0.0
105889,300,99.95,BUY,9,False,0,0,0.0,0.0
105890,300,100.04,BUY,10,False,0,0,0.0,0.0
105891,500,100.03,SELL,1,False,0,1,0.0,0.16182300000000005
105892,200,99.98,BUY,8,False,0,0,0.0,0.0
105893,300,99.97,SELL,4,False,0,0,0.0,0.0
105894,100,99.95,BUY,1,False,0,1,0.0,0.4101239999999997
105895,500,100.03,BUY,4,False,0,0,0.0,0.0
105896,200,100.05,BUY,7,False,0,0,0.0,0.0
105897,200,99.99,SELL,3,False,0,0,0.0,0.0
105898,200,99.98,SELL,6,False,0,0,0.0,0.0
105899,5000,100.0,BUY,11,True,0,0,0.0,0.0
105900,100,99.99,SELL,2,False,0,0,0.0,0.0
105901,100,99.96,BUY,5,False,0,0,0.0,0.0
105902,500,100.02,BUY,4,False,0,0,0.0,0.0
105903,500,99.98,BUY,1,False,1,0,1.0,0.500813
105904,200,100.01,SELL,9,False,0,0,0.0,0.0
105905,1000,99.98,BUY,1,False,0,0,0.0,0.0
105906,200,100.01,BUY,6,False,0,0,0.0,0.0
105907,100,99.98,BUY,2,False,0,0,0.0,0.0
105908,100,99.95,SELL,6,False,0,0,0.0,0.0
105909,300,99.98,BUY,7,False,0,0,0.0,0.0
105910,200,99.98,SELL,7,False,0,0,0.0,0.0
105911,200,99.97,SELL,6,False,0,0,0.0,0.0
105912,1000,100.03,SELL,5,False,0,0,0.0,0.0
105913,200,100.04,BUY,8,False,0,0,0.0,0.0
105914,100,100.01,SELL,3,False,0,0,0.0,0.0
105915,100,100.01,SELL,6,False,0,0,0.0,0.0
105916,100,99.97,BUY,6,False,0,0,0.0,0.0
105917,100,99.96,SELL,1,False,0,0,0.0,0.0
105918,500,99.96,BUY,3,False,0,0,0.0,0.0
105919,100,100.0,BUY,3,False,0,0,0.0,0.0
105920,100,100.0,BUY,5,False,0,0,0.0,0.0
105921,100,100.04,BUY,1,False,0,0,0.0,0.0
105922,100,100.04,SELL,5,False,0,0,0.0,0.0
105923,100,100.0,BUY,7,False,0,0,0.0,0.0
105924,200,100.01,BUY,3,False,0,0,0.0,0.0
105925,1000,100.0,SELL,4,False,0,0,0.0,0.0
105926,1000,100.03,BUY,10,False,0,1,0.0,0.3329430000000002
105927,300,99.99,BUY,9,False,1,0,1.0,0.22790200000000027
105928,200,100.05,BUY,4,False,0,0,0.0,0.0
105929,200,99.95,SELL,2,False,0,1,0.0,0.6232290000000003
105930,10000,99.99,BUY,11,True,0,0,0.0,0.0
105931,10000,100.01,SELL,11,True,0,0,0.0,0.0
105932,1000,100.02,SELL,1,False,0,0,0.0,0.0
105933,200,99.97,SELL,6,False,0,0,0.0,0.0
105934,200,100.02,BUY,3,False,0,0,0.0,0.0
105935,500,100.04,BUY,4,False,0,0,0.0,0.0
105936,300,99.99,SELL,9,False,0,1,0.0,0.8247960000000001
105937,500,100.04,SELL,1,False,0,0,0.0,0.0
105938,300,100.03,BUY,3,False,0,0,0.0,0.0
105939,200,100.03,SELL,6,False,0,0,0.0,0.0
105940,100,100.01,SELL,10,False,0,0,0.0,0.0
105941,200,100.04,SELL,3,False,0,0,0.0,0.0
105942,100,100.05,SELL,10,False,0,0,0.0,0.0
105943,1000,100.02,SELL,7,False,0,1,0.0,0.5184800000000003
105944,300,99.97,BUY,3,False,0,0,0.0,0.0
105945,300,99.95,SELL,10,False,0,1,0.0,0.5852029999999999
105946,200,100.02,BUY,9,False,0,0,0.0,0.0
105947,200,100.0,SELL,5,False,0,0,0.0,0.0
105948,20000,100.0,BUY,11,True,0,0,0.0,0.0
105949,100,100.03,BUY,7,False,0,0,0.0,0.0
105950,1000,100.01,BUY,3,False,0,0,0.0,0.0
105951,300,100.0,BUY,6,False,0,0,0.0,0.0
105952,100,99.96,SELL,5,False,0,0,0.0,0.0
105953,100,100.04,SELL,7,False,0,0,0.0,0.0
105954,100,99.99,BUY,1,False,0,0,0.0,0.0
105955,200,99.99,BUY,3,False,0,0,0.0,0.0
105956,200,100.02,SELL,9,False,0,0,0.0,0.0
105957,100,99.96,BUY,10,False,0,0,0.0,0.0
105958,100,99.99,SELL,7,False,0,0,0.0,0.0
105959,1000,100.05,SELL,2,False,0,0,0.0,0.0
105960,100,100.02,SELL,9,False,0,0,0.0,0.0
105961,500,99.95,SELL,7,False,0,0,0.0,0.0
105962,100,99.97,SELL,4,False,0,1,0.0,0.48066799999999965
105963,5000,100.01,SELL,11,True,0,0,0.0,0.0
105964,100,99.95,SELL,6,False,0,0,0.0,0.0
105965,100,100.0,SELL,9,False,0,0,0.0,0.0
105966,200,100.02,BUY,5,False,0,0,0.0,0.0
105967,500,100.02,SELL,5,False,0,0,0.0,0.0
105968,200,99.96,BUY,5,False,0,0,0.0,0.0
105969,10000,99.99,SELL,11,True,0,0,0.0,0.0
105970,100,99.98,BUY,4,False,0,1,0.0,0.7964630000000001
105971,200,100.01,BUY,7,False,0,0,0.0,0.0
105972,10000,100.0,BUY,11,True,1,0,1.0,0.1563340000000002
105973,1000,100.04,BUY,7,False,0,0,0.0,0.0
105974,10000,100.0,BUY,11,True,0,0,0.0,0.0
105975,500,100.02,SELL,3,False,0,0,0.0,0.0
105976,100,99.96,BUY,3,False,0,0,0.0,0.0
105977,200,100.02,SELL,6,False,0,0,0.0,0.0
105978,200,99.97,BUY,8,False,0,0,0.0,0.0
105979,100,100.05,BUY,7,False,0,0,0.0,0.0
105980,100,100.02,SELL,4,False,0,0,0.0,0.0
105981,100,100.0,BUY,5,False,0,0,0.0,0.0
105982,300,99.95,BUY,10,False,0,0,0.0,0.0
105983,200,100.0,BUY,3,False,0,0,0.0,0.0
105984,200,99.95,SELL,8,False,0,0,0.0,0.0
105985,5000,100.0,SELL,11,True,0,0,0.0,0.0
105986,100,99.99,BUY,9,False,0,0,0.0,0.0
105987,100,100.04,SELL,10,False,0,0,0.0,0.0
105988,500,100.03,SELL,5,False,0,0,0.0,0.0
105989,300,99.97,BUY,10,False,0,0,0.0,0.0
105990,500,100.03,SELL,3,False,0,0,0.0,0.0
105991,500,99.98,BUY,2,False,0,0,0.0,0.0
105992,200,99.99,BUY,9,False,0,1,0.0,0.6738049999999998
105993,100,100.02,SELL,10,False,0,0,0.0,0.0
105994,100,100.04,BUY,4,False,0,0,0.0,0.0
105995,200,100.03,BUY,2,False,0,0,0.0,0.0
105996,100,99.97,BUY,6,False,0,0,0.0,0.0
105997,200,100.03,BUY,9,False,0,0,0.0,0.0
105998,100,100.02,BUY,2,False,0,0,0.0,0.0
105999,100,99.95,BUY,2,False,0,0,0.0,0.0
106000,10000,99.99,BUY,11,True,1,0,1.0,0.07003800000000027
106001,300,99.96,BUY,6,False,0,0,0.0,0.0
106002,200,100.01,BUY,8,False,0,0,0.0,0.0
106003,15000,99.99,BUY,11,True,0,0,0.0,0.0
106004,300,100.01,BUY,1,False,0,1,0.0,0.108854
106005,500,100.0,BUY,8,False,0,0,0.0,0.0
106006,500,99.98,BUY,9,False,0,0,0.0,0.0
106007,300,100.0,SELL,8,False,0,0,0.0,0.0
106008,500,99.96,BUY,3,False,0,0,0.0,0.0
106009,200,100.0,SELL,7,False,0,0,0.0,0.0
106010,200,99.95,BUY,10,False,1,0,1.0,0.7810579999999998
106011,100,99.96,BUY,10,False,0,0,0.0,0.0
106012,100,100.01,SELL,2,False,0,0,0.0,0.0
106013,300,100.02,SELL,3,False,0,0,0.0,0.0
106014,100,99.97,BUY,10,False,0,0,0.0,0.0
106015,10000,100.0,BUY,11,True,0,0,0.0,0.0
106016,500,99.95,SELL,3,False,0,0,0.0,0.0
106017,300,99.99,SELL,3,False,0,0,0.0,0.0
106018,500,100.03,BUY,5,False,0,0,0.0,0.0
106019,100,100.01,SELL,7,False,0,0,0.0,0.0
106020,1000,99.96,BUY,9,False,0,0,0.0,0.0
106021,200,100.0,SELL,3,False,0,1,0.0,0.22792999999999974
106022,200,99.96,BUY,9,False,0,0,0.0,0.0
106023,15000,100.01,SELL,11,True,1,0,1.0,0.5814560000000002
106024,500,100.0,SELL,7,False,0,0,0.0,0.0
106025,10000,100.0,BUY,11,True,0,0,0.0,0.0
106026,100,100.0,BUY,2,False,0,0,0.0,0.0
106027,200,99.96,BUY,2,False,0,0,0.0,0.0
106028,300,100.01,BUY,2,False,0,0,0.0,0.0
106029,10000,100.0,BUY,11,True,0,0,0.0,0.0
106030,500,99.98,BUY,8,False,0,0,0.0,0.0
106031,500,100.05,SELL,2,False,0,0,0.0,0.0
106032,15000,100.0,SELL,11,True,0,0,0.0,0.0
106033,200,99.97,BUY,9,False,0,0,0.0,0.0
106034,500,99.99,BUY,7,False,0,0,0.0,0.0
106035,10000,100.0,SELL,11,True,0,0,0.0,0.0
106036,200,99.99,BUY,6,False,0,0,0.0,0.0
106037,200,100.03,SELL,6,False,0,0,0.0,0.0
106038,100,99.99,SELL,3,False,0,0,0.0,0.0
106039,200,100.03,BUY,6,False,0,0,0.0,0.0
106040,200,99.99,SELL,4,False,0,0,0.0,0.0
106041,200,100.01,BUY,7,False,0,0,0.0,0.0
106042,300,100.02,SELL,9,False,0,0,0.0,0.0
106043,100,100.01,BUY,5,False,0,0,0.0,0.0
106044,200,100.03,BUY,10,False,0,0,0.0,0.0
106045,100,100.01,SELL,4,False,0,0,0.0,0.0
106046,100,100.02,BUY,6,False,0,0,0.0,0.0
106047,500,100.01,BUY,9,False,0,0,0.0,0.0
106048,200,100.04,SELL,9,False,0,0,0.0,0.0
106049,300,99.96,BUY,2,False,0,0,0.0,0.0
106050,300,100.0,BUY,6,False,0,0,0.0,0.0
106051,200,99.97,BUY,4,False,0,0,0.0,0.0
106052,100,100.0,BUY,8,False,0,0,0.0,0.0
106053,100,100.03,SELL,7,False,0,0,0.0,0.0
106054,500,99.95,SELL,9,False,0,0,0.0,0.0
106055,200,99.99,SELL,4,False,0,0,0.0,0.0
106056,300,99.98,SELL,8,False,0,0,0.0,0.0
106057,1000,99.99,BUY,1,False,0,0,0.0,0.0
106058,200,100.0,BUY,1,False,0,0,0.0,0.0
106059,100,99.97,BUY,1,False,0,0,0.0,0.0
106060,300,99.97,BUY,2,False,0,0,0.0,0.0
106061,500,99.96,BUY,1,False,0,0,0.0,0.0
106062,100,100.03,SELL,9,False,1,0,1.0,0.11309300000000011
106063,100,100.01,BUY,1,False,0,0,0.0,0.0
106064,15000,100.01,SELL,11,True,0,0,0.0,0.0
106065,500,100.02,BUY,7,False,0,0,0.0,0.0
106066,100,100.04,SELL,2,False,0,0,0.0,0.0
106067,300,99.95,SELL,9,False,0,0,0.0,0.0
106068,300,100.04,SELL,6,False,0,0,0.0,0.0
106069,200,99.98,SELL,6,False,0,0,0.0,0.0
106070,300,99.99,SELL,9,False,0,0,0.0,0.0
106071,100,100.04,BUY,4,False,0,0,0.0,0.0
106072,1000,100.0,BUY,2,False,0,0,0.0,0.0
106073,100,99.96,SELL,7,False,0,0,0.0,0.0
106074,300,99.98,BUY,3,False,0,0,0.0,0.0
106075,100,99.98,SELL,7,False,0,0,0.0,0.0
106076,1000,99.96,SELL,3,False,0,0,0.0,0.0
106077,200,100.02,BUY,10,False,0,0,0.0,0.0
106078,10000,99.99,BUY,11,True,0,0,0.0,0.0
106079,5000,100.0,SELL,11,True,0,0,0.0,0.0
106080,1000,100.0,SELL,9,False,0,0,0.0,0.0
106081,500,100.0,BUY,10,False,0,0,0.0,0.0
106082,200,100.04,BUY,2,False,0,0,0.0,0.0
106083,10000,100.01,SELL,11,True,0,0,0.0,0.0
106084,100,99.97,SELL,9,False,0,0,0.0,0.0
106085,100,99.99,BUY,9,False,0,0,0.0,0.0
106086,300,100.0,BUY,10,False,0,0,0.0,0.0
106087,200,100.0,BUY,9,False,0,0,0.0,0.0
106088,500,100.01,BUY,4,False,0,0,0.0,0.0
106089,200,100.02,BUY,9,False,0,0,0.0,0.0
106090,300,99.95,SELL,10,False,0,0,0.0,0.0
106091,500,100.05,SELL,10,False,0,0,0.0,0.0
106092,100,99.96,BUY,7,False,0,0,0.0,0.0
106093,15000,99.99,BUY,11,True,0,0,0.0,0.0
106094,300,99.98,SELL,5,False,0,0,0.0,0.0
106095,100,99.95,BUY,7,False,0,0,0.0,0.0
106096,200,100.04,SELL,3,False,0,0,0.0,0.0
106097,20000,100.0,SELL,11,True,0,0,0.0,0.0
106098,200,100.04,SELL,4,False,0,0,0.0,0.0
106099,200,100.0,BUY,4,False,0,0,0.0,0.0
106100,100,100.0,SELL,3,False,0,0,0.0,0.0
106101,500,99.97,BUY,3,False,0,0,0.0,0.0
106102,100,100.04,SELL,4,False,0,0,0.0,0.0
106103,300,99.96,SELL,2,False,0,0,0.0,0.0
106104,300,100.03,BUY,2,False,0,0,0.0,0.0
106105,100,99.96,BUY,9,False,0,1,0.0,0.21679199999999987
106106,300,100.0,BUY,4,False,0,0,0.0,0.0
106107,15000,99.99,SELL,11,True,0,0,0.0,0.0
106108,100,99.97,SELL,4,False,0,0,0.0,0.0
106109,300,100.02,BUY,5,False,0,0,0.0,0.0
106110,200,99.98,BUY,3,False,0,0,0.0,0.0
106111,100,99.99,BUY,1,False,0,0,0.0,0.0
106112,200,100.04,BUY,9,False,0,0,0.0,0.0
106113,300,100.03,BUY,7,False,0,0,0.0,0.0
106114,100,100.03,BUY,8,False,0,0,0.0,0.0
106115,200,99.98,SELL,10,False,0,0,0.0,0.0
106116,300,99.96,SELL,8,False,0,0,0.0,0.0
106117,10000,100.01,SELL,11,True,0,0,0.0,0.0
106118,200,99.99,SELL,2,False,0,0,0.0,0.0
106119,300,100.04,BUY,2,False,0,0,0.0,0.0
106120,100,99.97,SELL,7,False,0,0,0.0,0.0
106121,100,100.0,BUY,7,False,0,0,0.0,0.0
106122,1000,99.99,SELL,3,False,0,0,0.0,0.0
106123,100,100.03,BUY,5,False,0,0,0.0,0.0
106124,300,100.01,BUY,6,False,0,1,0.0,0.2877679999999998
106125,100,100.02,SELL,4,False,0,0,0.0,0.0
106126,300,100.03,SELL,8,False,0,0,0.0,0.0
106127,200,99.99,BUY,3,False,0,0,0.0,0.0
106128,1000,99.99,BUY,5,False,0,0,0.0,0.0
106129,100,99.96,SELL,8,False,0,0,0.0,0.0
106130,500,99.99,BUY,3,False,0,0,0.0,0.0
106131,500,100.03,SELL,4,False,0,0,0.0,0.0
106132,100,100.05,SELL,3,False,0,0,0.0,0.0
106133,100,100.04,BUY,6,False,0,1,0.0,0.054847999999999786
106134,200,99.97,BUY,6,False,0,0,0.0,0.0
106135,300,99.99,BUY,3,False,0,0,0.0,0.0
106136,100,99.97,BUY,7,False,0,0,0.0,0.0
106137,100,100.01,BUY,5,False,0,0,0.0,0.0
106138,100,99.98,BUY,5,False,0,0,0.0,0.0
106139,100,99.99,SELL,6,False,0,0,0.0,0.0
106140,100,100.02,SELL,7,False,0,0,0.0,0.0
106141,100,99.99,SELL,1,False,0,0,0.0,0.0
106142,100,99.96,SELL,2,False,0,0,0.0,0.0
106143,100,100.02,BUY,7,False,0,0,0.0,0.0
106144,100,100.03,SELL,10,False,0,0,0.0,0.0
106145,200,99.98,BUY,3,False,0,0,0.0,0.0
106146,200,100.0,BUY,9,False,0,0,0.0,0.0
106147,100,100.02,BUY,4,False,0,0,0.0,0.0
106148,100,100.0,SELL,4,False,0,0,0.0,0.0
106149,15000,100.0,SELL,11,True,0,0,0.0,0.0
106150,200,99.97,BUY,1,False,0,0,0.0,0.0
106151,300,99.98,BUY,9,False,0,0,0.0,0.0
106152,1000,99.97,SELL,9,False,0,0,0.0,0.0
106153,100,100.04,BUY,6,False,0,0,0.0,0.0
106154,200,100.04,SELL,9,False,0,0,0.0,0.0
106155,500,100.0,BUY,2,False,0,0,0.0,0.0
106156,100,100.05,BUY,4,False,0,0,0.0,0.0
106157,100,100.03,SELL,8,False,0,0,0.0,0.0
106158,300,99.97,BUY,9,False,0,0,0.0,0.0
106159,200,99.99,SELL,10,False,0,0,0.0,0.0
106160,500,100.02,BUY,10,False,0,0,0.0,0.0
106161,300,100.05,SELL,7,False,0,0,0.0,0.0
106162,200,99.95,SELL,1,False,0,0,0.0,0.0
106163,15000,100.01,BUY,11,True,0,0,0.0,0.0
106164,10000,99.99,BUY,11,True,0,0,0.0,0.0
106165,200,100.02,SELL,7,False,0,0,0.0,0.0
106166,200,99.99,BUY,3,False,0,0,0.0,0.0
106167,300,100.04,SELL,5,False,0,0,0.0,0.0
106168,300,100.02,BUY,9,False,0,0,0.0,0.0
106169,1000,99.99,BUY,5,False,0,0,0.0,0.0
106170,200,99.99,SELL,10,False,0,0,0.0,0.0
106171,100,100.02,SELL,2,False,0,0,0.0,0.0
106172,200,99.99,BUY,8,False,0,0,0.0,0.0
106173,300,100.0,SELL,3,False,0,0,0.0,0.0
106174,200,100.01,BUY,4,False,0,0,0.0,0.0
106175,200,100.04,SELL,4,False,0,0,0.0,0.0
106176,200,100.04,SELL,4,False,1,0,1.0,0.1388550000000004
106177,100,99.99,BUY,2,False,0,0,0.0,0.0
106178,200,99.99,BUY,9,False,0,0,0.0,0.0
106179,300,100.03,BUY,10,False,0,0,0.0,0.0
106180,300,100.01,SELL,4,False,0,0,0.0,0.0
106181,15000,100.01,BUY,11,True,0,0,0.0,0.0
106182,200,100.0,BUY,6,False,0,0,0.0,0.0
106183,100,99.99,BUY,7,False,0,0,0.0,0.0
106184,300,100.0,SELL,1,False,0,0,0.0,0.0
106185,100,100.03,BUY,10,False,0,0,0.0,0.0
106186,500,100.0,BUY,7,False,0,1,0.0,0.4275890000000002
106187,1000,100.03,BUY,7,False,0,0,0.0,0.0
106188,500,100.03,SELL,2,False,0,0,0.0,0.0
106189,200,100.04,SELL,8,False,0,0,0.0,0.0
106190,200,100.03,SELL,6,False,0,0,0.0,0.0
106191,200,100.01,SELL,2,False,0,0,0.0,0.0
106192,100,99.99,SELL,5,False,0,0,0.0,0.0
106193,10000,99.99,BUY,11,True,0,0,0.0,0.0
106194,100,99.98,BUY,10,False,1,0,1.0,0.4259870000000001
106195,1000,99.95,BUY,10,False,0,0,0.0,0.0
106196,500,100.04,SELL,1,False,0,0,0.0,0.0
106197,100,100.0,SELL,6,False,0,0,0.0,0.0
106198,10000,100.01,SELL,11,True,0,0,0.0,0.0
106199,200,99.98,BUY,4,False,0,0,0.0,0.0
106200,200,100.0,BUY,8,False,0,0,0.0,0.0
106201,15000,100.0,SELL,11,True,0,0,0.0,0.0
106202,100,99.98,BUY,2,False,0,0,0.0,0.0
106203,200,100.02,BUY,3,False,0,0,0.0,0.0
106204,200,100.01,BUY,5,False,0,0,0.0,0.0
106205,100,100.05,SELL,4,False,0,1,0.0,0.19011200000000006
106206,300,99.96,SELL,2,False,0,0,0.0,0.0
106207,200,100.02,BUY,9,False,0,0,0.0,0.0
106208,1000,100.05,BUY,6,False,0,0,0.0,0.0
106209,100,99.97,BUY,9,False,0,0,0.0,0.0
106210,300,99.96,SELL,8,False,0,0,0.0,0.0
106211,300,100.0,BUY,2,False,0,0,0.0,0.0
106212,200,99.97,SELL,7,False,0,0,0.0,0.0
106213,1000,100.02,BUY,5,False,0,0,0.0,0.0
106214,300,99.96,SELL,6,False,0,0,0.0,0.0
106215,200,100.04,SELL,2,False,0,0,0.0,0.0
106216,100,99.97,SELL,2,False,0,0,0.0,0.0
106217,200,99.98,SELL,2,False,0,0,0.0,0.0
106218,100,99.98,BUY,5,False,0,0,0.0,0.0
106219,100,99.97,BUY,10,False,0,0,0.0,0.0
106220,1000,99.97,BUY,5,False,0,0,0.0,0.0
106221,200,100.04,SELL,1,False,0,0,0.0,0.0
106222,300,100.01,BUY,10,False,1,0,1.0,0.22824899999999992
106223,300,100.0,BUY,2,False,0,0,0.0,0.0
106224,100,100.0,SELL,8,False,1,0,1.0,0.5017839999999998
106225,500,100.03,SELL,9,False,0,0,0.0,0.0
106226,300,99.99,BUY,8,False,0,0,0.0,0.0
106227,300,99.97,SELL,4,False,0,0,0.0,0.0
106228,100,99.96,BUY,7,False,0,0,0.0,0.0
106229,200,100.04,SELL,1,False,0,0,0.0,0.0
106230,100,100.0,BUY,2,False,0,0,0.0,0.0
106231,100,99.97,BUY,3,False,0,0,0.0,0.0
106232,500,100.02,SELL,3,False,0,0,0.0,0.0
106233,300,99.99,SELL,4,False,0,0,0.0,0.0
106234,100,99.97,SELL,4,False,0,0,0.0,0.0
106235,500,100.03,SELL,2,False,0,0,0.0,0.0
106236,200,100.05,SELL,5,False,0,0,0.0,0.0
106237,100,100.0,SELL,7,False,0,1,0.0,0.30274599999999996
106238,100,99.99,SELL,5,False,0,0,0.0,0.0
106239,300,100.02,BUY,9,False,0,0,0.0,0.0
106240,200,99.96,SELL,10,False,0,0,0.0,0.0
106241,500,100.04,SELL,8,False,0,0,0.0,0.0
106242,100,100.02,BUY,4,False,0,0,0.0,0.0
106243,200,99.96,BUY,10,False,0,0,0.0,0.0
106244,100,99.99,SELL,7,False,0,0,0.0,0.0
106245,300,100.0,SELL,10,False,0,0,0.0,0.0
106246,200,100.05,BUY,5,False,0,0,0.0,0.0
106247,5000,100.0,BUY,11,True,0,0,0.0,0.0
106248,100,100.05,SELL,10,False,0,0,0.0,0.0
106249,200,99.98,SELL,9,False,0,0,0.0,0.0
106250,200,100.03,BUY,4,False,0,1,0.0,0.029307999999999446
106251,200,100.04,SELL,7,False,0,0,0.0,0.0
106252,100,99.99,SELL,6,False,0,0,0.0,0.0
106253,300,100.03,SELL,4,False,0,0,0.0,0.0
106254,200,100.01,SELL,4,False,0,0,0.0,0.0
106255,200,100.02,SELL,1,False,0,0,0.0,0.0
106256,200,100.04,SELL,1,False,0,0,0.0,0.0
106257,100,100.0,BUY,10,False,0,0,0.0,0.0
106258,300,99.98,SELL,8,False,0,0,0.0,0.0
106259,500,100.04,BUY,5,False,0,1,0.0,0.5720179999999999
106260,200,100.02,SELL,10,False,0,0,0.0,0.0
106261,200,100.05,SELL,2,False,0,0,0.0,0.0
106262,200,99.96,SELL,6,False,0,0,0.0,0.0
106263,10000,100.01,BUY,11,True,0,0,0.0,0.0
106264,100,99.95,BUY,10,False,0,0,0.0,0.0
106265,200,100.0,BUY,5,False,0,1,0.0,0.11852499999999999
106266,100,100.04,BUY,10,False,0,0,0.0,0.0
106267,100,99.99,BUY,8,False,1,0,1.0,0.3223750000000001
106268,200,100.03,BUY,5,False,0,0,0.0,0.0
106269,200,100.04,SELL,5,False,0,1,0.0,0.12809699999999946
106270,100,100.03,SELL,2,False,0,0,0.0,0.0
106271,10000,99.99,SELL,11,True,0,0,0.0,0.0
106272,200,100.02,SELL,9,False,0,0,0.0,0.0
106273,500,100.02,BUY,8,False,0,0,0.0,0.0
106274,200,99.98,BUY,5,False,0,0,0.0,0.0
106275,500,99.98,BUY,10,False,0,0,0.0,0.0
106276,100,100.04,BUY,4,False,0,0,0.0,0.0
106277,500,100.05,SELL,5,False,0,0,0.0,0.0
106278,300,100.02,BUY,3,False,0,0,0.0,0.0
106279,100,100.04,BUY,8,False,0,0,0.0,0.0
106280,100,100.01,BUY,9,False,0,0,0.0,0.0
106281,300,100.04,BUY,1,False,0,0,0.0,0.0
106282,100,100.04,SELL,4,False,0,1,0.0,0.5305210000000002
106283,200,100.04,BUY,7,False,0,0,0.0,0.0
106284,100,99.95,SELL,9,False,0,0,0.0,0.0
106285,500,99.95,BUY,4,False,0,0,0.0,0.0
106286,300,100.0,SELL,1,False,0,0,0.0,0.0
106287,500,99.95,SELL,9,False,0,0,0.0,0.0
106288,200,99.98,BUY,6,False,0,0,0.0,0.0
106289,500,100.04,SELL,4,False,0,0,0.0,0.0
106290,200,100.04,BUY,8,False,0,0,0.0,0.0
106291,100,99.97,SELL,1,False,0,0,0.0,0.0
106292,100,100.04,SELL,10,False,0,0,0.0,0.0
106293,15000,100.01,BUY,11,True,0,0,0.0,0.0
106294,100,99.99,SELL,6,False,0,0,0.0,0.0
106295,200,99.95,SELL,7,False,0,0,0.0,0.0
106296,200,100.04,BUY,10,False,0,0,0.0,0.0
106297,100,99.99,BUY,10,False,0,0,0.0,0.0
106298,500,100.02,BUY,10,False,0,0,0.0,0.0
106299,1000,99.96,BUY,1,False,0,0,0.0,0.0
106300,100,100.01,SELL,9,False,0,0,0.0,0.0
106301,300,100.03,BUY,8,False,0,0,0.0,0.0
106302,200,99.99,BUY,1,False,0,0,0.0,0.0
106303,100,100.05,BUY,8,False,0,0,0.0,0.0
106304,100,99.98,SELL,5,False,0,0,0.0,0.0
106305,200,100.05,BUY,5,False,0,0,0.0,0.0
106306,200,100.02,SELL,9,False,0,0,0.0,0.0
106307,300,100.05,BUY,8,False,0,0,0.0,0.0
106308,500,100.02,BUY,8,False,0,0,0.0,0.0
106309,500,100.04,SELL,3,False,0,0,0.0,0.0
106310,200,100.0,SELL,5,False,0,0,0.0,0.0
106311,1000,100.02,SELL,9,False,0,0,0.0,0.0
106312,100,100.01,SELL,4,False,0,0,0.0,0.0
106313,100,99.99,BUY,2,False,0,0,0.0,0.0
106314,200,99.97,SELL,3,False,0,0,0.0,0.0
106315,100,100.03,BUY,1,False,0,0,0.0,0.0
106316,100,99.99,BUY,5,False,0,0,0.0,0.0
106317,200,99.98,SELL,6,False,0,0,0.0,0.0
106318,200,99.96,BUY,1,False,0,0,0.0,0.0
106319,200,100.02,SELL,3,False,0,0,0.0,0.0
106320,100,99.97,SELL,9,False,0,1,0.0,0.42867299999999986
106321,200,99.99,SELL,8,False,0,0,0.0,0.0
106322,200,100.02,SELL,8,False,0,0,0.0,0.0
106323,300,99.99,SELL,3,False,0,0,0.0,0.0
106324,200,100.0,SELL,7,False,0,0,0.0,0.0
106325,10000,100.0,SELL,11,True,0,0,0.0,0.0
106326,100,99.99,BUY,1,False,0,0,0.0,0.0
106327,300,100.05,BUY,7,False,0,0,0.0,0.0
106328,1000,99.99,SELL,3,False,0,0,0.0,0.0
106329,100,99.99,SELL,7,False,0,0,0.0,0.0
106330,100,99.99,SELL,6,False,0,0,0.0,0.0
106331,500,100.0,SELL,5,False,0,0,0.0,0.0
106332,100,99.96,BUY,9,False,0,0,0.0,0.0
106333,300,100.03,SELL,1,False,0,0,0.0,0.0
106334,300,99.97,BUY,5,False,0,0,0.0,0.0
106335,200,99.96,BUY,7,False,0,0,0.0,0.0
106336,100,99.99,SELL,10,False,0,0,0.0,0.0
106337,100,99.96,BUY,6,False,1,0,1.0,0.024396000000000306
106338,200,100.05,SELL,9,False,1,0,1.0,0.3914869999999997
106339,100,100.04,BUY,4,False,0,0,0.0,0.0
106340,100,99.99,BUY,3,False,0,1,0.0,0.025265000000000093
106341,200,100.01,BUY,8,False,0,0,0.0,0.0
106342,200,100.0,BUY,8,False,1,0,1.0,0.12266099999999991
106343,100,100.03,SELL,3,False,0,0,0.0,0.0
106344,300,99.99,SELL,10,False,0,0,0.0,0.0
106345,200,99.97,BUY,6,False,0,0,0.0,0.0
106346,200,99.95,BUY,9,False,0,0,0.0,0.0
106347,500,100.02,SELL,8,False,0,0,0.0,0.0
106348,200,100.03,BUY,8,False,0,0,0.0,0.0
106349,200,100.0,SELL,3,False,0,0,0.0,0.0
106350,100,99.96,SELL,5,False,0,0,0.0,0.0
106351,300,100.04,BUY,10,False,0,0,0.0,0.0
106352,300,100.02,BUY,1,False,0,0,0.0,0.0
106353,500,100.04,BUY,6,False,0,1,0.0,0.069191
106354,200,100.04,BUY,6,False,0,0,0.0,0.0
106355,100,100.01,SELL,6,False,0,0,0.0,0.0
106356,500,99.96,SELL,1,False,0,0,0.0,0.0
106357,100,100.0,SELL,4,False,0,0,0.0,0.0
106358,300,100.02,SELL,7,False,0,0,0.0,0.0
106359,200,99.97,BUY,4,False,0,0,0.0,0.0
106360,200,99.97,BUY,1,False,0,0,0.0,0.0
106361,100,99.98,SELL,4,False,0,0,0.0,0.0
106362,1000,100.02,SELL,6,False,0,0,0.0,0.0
106363,500,99.98,BUY,3,False,0,0,0.0,0.0
106364,100,100.03,SELL,6,False,0,0,0.0,0.0
106365,200,100.05,SELL,2,False,0,0,0.0,0.0
106366,200,99.97,BUY,1,False,0,0,0.0,0.0
106367,200,100.05,BUY,4,False,0,0,0.0,0.0
106368,200,100.03,BUY,9,False,0,0,0.0,0.0
106369,200,99.97,SELL,10,False,0,0,0.0,0.0
106370,100,99.97,SELL,8,False,0,0,0.0,0.0
106371,200,99.96,SELL,7,False,0,0,0.0,0.0
106372,100,100.02,SELL,2,False,0,0,0.0,0.0
106373,300,100.02,SELL,3,False,0,0,0.0,0.0
106374,300,100.01,BUY,5,False,0,0,0.0,0.0
106375,100,100.02,BUY,4,False,0,0,0.0,0.0
106376,200,99.98,BUY,2,False,0,0,0.0,0.0
106377,15000,99.99,BUY,11,True,0,0,0.0,0.0
106378,100,100.02,SELL,4,False,0,0,0.0,0.0
106379,300,100.02,SELL,4,False,0,1,0.0,0.10872999999999955
106380,200,99.97,BUY,7,False,0,0,0.0,0.0
106381,100,99.99,BUY,6,False,0,1,0.0,0.1645960000000004
106382,10000,100.01,SELL,11,True,0,0,0.0,0.0
106383,1000,100.0,BUY,6,False,0,0,0.0,0.0
106384,100,100.01,BUY,6,False,0,0,0.0,0.0
106385,500,100.02,BUY,8,False,0,0,0.0,0.0
106386,300,99.95,BUY,1,False,0,0,0.0,0.0
106387,500,99.97,BUY,4,False,0,0,0.0,0.0
106388,200,99.96,BUY,2,False,0,0,0.0,0.0
106389,300,100.03,SELL,10,False,0,0,0.0,0.0
106390,1000,99.96,BUY,7,False,0,0,0.0,0.0
106391,300,99.99,BUY,6,False,0,0,0.0,0.0
106392,1000,100.02,BUY,9,False,0,0,0.0,0.0
106393,500,100.04,BUY,9,False,0,0,0.0,0.0
106394,500,99.96,BUY,5,False,0,0,0.0,0.0
106395,200,100.05,SELL,10,False,0,0,0.0,0.0
106396,200,99.99,BUY,7,False,0,0,0.0,0.0
106397,200,99.96,BUY,8,False,0,0,0.0,0.0
106398,100,100.02,SELL,10,False,0,0,0.0,0.0
106399,300,100.04,SELL,2,False,0,0,0.0,0.0
106400,10000,100.0,BUY,11,True,0,0,0.0,0.0
106401,1000,99.96,SELL,5,False,0,0,0.0,0.0
106402,300,100.02,SELL,3,False,0,0,0.0,0.0
106403,500,100.02,BUY,5,False,0,0,0.0,0.0
106404,300,100.02,SELL,5,False,1,0,1.0,0.43895199999999956
106405,100,99.99,SELL,7,False,0,0,0.0,0.0
106406,200,100.04,BUY,6,False,0,0,0.0,0.0
106407,200,99.97,SELL,4,False,0,0,0.0,0.0
106408,100,99.97,SELL,7,False,0,0,0.0,0.0
106409,15000,100.01,BUY,11,True,1,0,1.0,0.05153400000000019
106410,300,99.99,BUY,8,False,0,0,0.0,0.0
106411,1000,100.02,BUY,3,False,0,0,0.0,0.0
106412,300,100.02,SELL,8,False,0,0,0.0,0.0
106413,300,99.95,SELL,5,False,0,0,0.0,0.0
106414,300,99.98,SELL,4,False,0,0,0.0,0.0
106415,100,99.96,BUY,1,False,0,0,0.0,0.0
106416,100,99.95,BUY,3,False,0,0,0.0,0.0
106417,100,99.96,SELL,5,False,0,0,0.0,0.0
106418,1000,99.98,BUY,3,False,0,1,0.0,0.3055539999999999
106419,100,99.96,SELL,4,False,0,0,0.0,0.0
106420,100,100.04,SELL,10,False,0,0,0.0,0.0
106421,300,100.0,BUY,6,False,0,0,0.0,0.0
106422,100,99.96,BUY,10,False,0,1,0.0,0.22114999999999974
106423,500,100.0,SELL,8,False,0,0,0.0,0.0
106424,300,100.05,BUY,6,False,0,0,0.0,0.0
106425,200,99.96,SELL,8,False,0,1,0.0,0.09352800000000006
106426,5000,100.0,BUY,11,True,0,0,0.0,0.0
106427,300,100.01,BUY,5,False,0,0,0.0,0.0
106428,200,99.98,BUY,4,False,0,0,0.0,0.0
106429,1000,100.05,BUY,7,False,0,0,0.0,0.0
106430,100,100.04,BUY,9,False,0,0,0.0,0.0
106431,300,100.04,BUY,5,False,0,0,0.0,0.0
106432,200,99.98,SELL,3,False,0,0,0.0,0.0
106433,200,100.04,BUY,9,False,0,0,0.0,0.0
106434,300,100.02,SELL,4,False,0,0,0.0,0.0
106435,15000,100.0,BUY,11,True,0,0,0.0,0.0
106436,200,99.96,SELL,5,False,0,0,0.0,0.0
106437,200,100.02,BUY,4,False,0,0,0.0,0.0
106438,500,100.03,BUY,3,False,0,0,0.0,0.0
106439,300,99.97,SELL,7,False,0,0,0.0,0.0
106440,300,99.98,BUY,6,False,0,0,0.0,0.0
106441,300,100.0,BUY,9,False,0,0,0.0,0.0
106442,100,100.02,BUY,2,False,0,0,0.0,0.0
106443,200,99.97,BUY,6,False,0,0,0.0,0.0
106444,300,99.96,SELL,9,False,0,0,0.0,0.0
106445,500,99.98,BUY,2,False,0,0,0.0,0.0
106446,300,100.03,BUY,1,False,0,0,0.0,0.0
106447,200,100.03,SELL,5,False,0,0,0.0,0.0
106448,300,99.95,SELL,10,False,0,0,0.0,0.0
106449,200,99.96,BUY,3,False,0,0,0.0,0.0
106450,100,100.0,SELL,6,False,0,0,0.0,0.0
106451,300,99.99,SELL,7,False,0,0,0.0,0.0
106452,15000,100.0,BUY,11,True,0,0,0.0,0.0
106453,300,100.01,SELL,1,False,0,0,0.0,0.0
106454,300,100.0,BUY,3,False,0,0,0.0,0.0
106455,300,100.01,BUY,7,False,0,0,0.0,0.0
106456,100,99.98,SELL,4,False,1,0,1.0,0.25112000000000023
106457,100,99.99,BUY,8,False,0,0,0.0,0.0
106458,100,99.96,SELL,9,False,0,0,0.0,0.0
106459,300,100.03,BUY,9,False,0,0,0.0,0.0
106460,300,100.05,BUY,5,False,0,0,0.0,0.0
106461,1000,100.03,SELL,7,False,0,0,0.0,0.0
106462,15000,99.99,BUY,11,True,0,0,0.0,0.0
106463,100,99.96,BUY,9,False,0,0,0.0,0.0
106464,200,100.04,SELL,8,False,0,0,0.0,0.0
106465,200,99.97,SELL,10,False,0,0,0.0,0.0
106466,100,100.01,SELL,5,False,0,0,0.0,0.0
106467,100,99.95,BUY,2,False,0,0,0.0,0.0
106468,100,99.98,BUY,8,False,0,0,0.0,0.0
106469,300,100.01,BUY,6,False,0,0,0.0,0.0
106470,200,99.97,SELL,10,False,0,0,0.0,0.0
106471,5000,100.01,SELL,11,True,0,0,0.0,0.0
106472,500,99.95,BUY,4,False,0,0,0.0,0.0
106473,100,100.01,SELL,10,False,0,0,0.0,0.0
106474,500,100.02,BUY,4,False,0,0,0.0,0.0
106475,200,99.98,BUY,6,False,0,0,0.0,0.0
106476,200,99.98,BUY,7,False,0,0,0.0,0.0
106477,500,100.04,SELL,4,False,0,0,0.0,0.0
106478,300,99.95,SELL,3,False,0,0,0.0,0.0
106479,200,100.01,SELL,1,False,0,0,0.0,0.0
106480,200,100.0,SELL,10,False,0,0,0.0,0.0
106481,5000,99.99,SELL,11,True,0,0,0.0,0.0
106482,100,99.98,SELL,10,False,0,0,0.0,0.0
106483,500,100.02,SELL,5,False,0,0,0.0,0.0
106484,200,99.99,BUY,7,False,0,0,0.0,0.0
106485,100,100.02,BUY,3,False,0,0,0.0,0.0
106486,200,99.99,SELL,4,False,0,0,0.0,0.0
106487,300,100.05,BUY,7,False,0,0,0.0,0.0
106488,1000,99.96,BUY,3,False,0,0,0.0,0.0
106489,500,100.0,SELL,4,False,0,0,0.0,0.0
106490,200,100.01,SELL,3,False,0,0,0.0,0.0
106491,200,100.03,BUY,5,False,0,0,0.0,0.0
106492,300,100.0,BUY,5,False,0,0,0.0,0.0
106493,300,99.96,SELL,2,False,0,0,0.0,0.0
106494,100,100.03,BUY,3,False,0,0,0.0,0.0
106495,100,99.99,SELL,2,False,0,0,0.0,0.0
106496,300,100.02,BUY,3,False,0,0,0.0,0.0
106497,200,99.99,SELL,3,False,0,0,0.0,0.0
106498,200,99.99,BUY,7,False,0,0,0.0,0.0
106499,100,99.97,SELL,6,False,0,0,0.0,0.0
106500,5000,100.0,BUY,11,True,0,0,0.0,0.0
106501,100,99.96,SELL,7,False,0,0,0.0,0.0
106502,300,99.96,SELL,3,False,0,0,0.0,0.0
106503,15000,100.0,BUY,11,True,0,0,0.0,0.0
106504,500,100.02,BUY,7,False,0,0,0.0,0.0
106505,1000,100.04,SELL,9,False,0,0,0.0,0.0
106506,100,99.98,SELL,7,False,0,0,0.0,0.0
106507,100,100.01,SELL,4,False,0,0,0.0,0.0
106508,1000,100.03,SELL,5,False,0,0,0.0,0.0
106509,200,100.0,BUY,10,False,0,0,0.0,0.0
106510,200,99.96,SELL,2,False,0,0,0.0,0.0
106511,200,99.96,BUY,6,False,0,0,0.0,0.0
106512,100,99.96,SELL,4,False,0,0,0.0,0.0
106513,300,99.99,BUY,2,False,0,0,0.0,0.0
106514,15000,100.01,SELL,11,True,0,0,0.0,0.0
106515,200,100.05,SELL,1,False,0,0,0.0,0.0
106516,100,100.01,SELL,5,False,0,0,0.0,0.0
106517,500,100.03,SELL,9,False,0,0,0.0,0.0
106518,100,100.0,BUY,8,False,0,0,0.0,0.0
106519,1000,100.0,BUY,5,False,0,0,0.0,0.0
106520,200,100.01,BUY,8,False,0,0,0.0,0.0
106521,300,100.0,SELL,3,False,0,0,0.0,0.0
106522,100,100.01,BUY,2,False,0,0,0.0,0.0
106523,100,99.98,SELL,4,False,0,0,0.0,0.0
106524,1000,100.03,BUY,7,False,0,0,0.0,0.0
106525,300,99.95,SELL,2,False,0,0,0.0,0.0
106526,300,99.95,SELL,10,False,0,0,0.0,0.0
106527,300,100.01,SELL,7,False,0,0,0.0,0.0
106528,200,99.95,BUY,7,False,0,0,0.0,0.0
106529,200,99.97,SELL,3,False,0,0,0.0,0.0
106530,300,99.95,BUY,4,False,0,0,0.0,0.0
106531,100,100.03,SELL,7,False,0,0,0.0,0.0
106532,100,100.01,BUY,3,False,0,0,0.0,0.0
106533,100,99.99,SELL,10,False,0,0,0.0,0.0
106534,200,99.97,SELL,4,False,0,0,0.0,0.0
106535,15000,100.01,BUY,11,True,0,0,0.0,0.0
106536,500,99.97,BUY,3,False,0,0,0.0,0.0
106537,100,100.02,SELL,10,False,0,0,0.0,0.0
106538,300,100.02,BUY,1,False,0,0,0.0,0.0
106539,100,100.05,SELL,10,False,0,0,0.0,0.0
106540,300,99.95,SELL,10,False,0,0,0.0,0.0
106541,200,100.02,SELL,10,False,0,0,0.0,0.0
106542,300,100.0,SELL,6,False,0,1,0.0,0.29201299999999986
106543,500,100.05,BUY,3,False,0,0,0.0,0.0
106544,100,100.02,BUY,3,False,0,0,0.0,0.0
106545,15000,100.0,BUY,11,True,0,0,0.0,0.0
106546,1000,100.03,BUY,7,False,0,0,0.0,0.0
106547,300,99.98,BUY,10,False,0,0,0.0,0.0
106548,100,99.96,BUY,2,False,0,0,0.0,0.0
106549,15000,100.01,BUY,11,True,0,0,0.0,0.0
106550,200,99.99,BUY,5,False,0,0,0.0,0.0
106551,200,100.03,SELL,9,False,0,0,0.0,0.0
106552,200,99.96,BUY,4,False,0,0,0.0,0.0
106553,1000,99.97,BUY,3,False,0,0,0.0,0.0
106554,300,100.01,SELL,9,False,0,0,0.0,0.0
106555,100,100.0,SELL,9,False,0,0,0.0,0.0
106556,100,100.02,BUY,2,False,0,0,0.0,0.0
106557,100,99.98,BUY,5,False,0,0,0.0,0.0
106558,100,99.96,SELL,7,False,0,0,0.0,0.0
106559,200,100.03,BUY,2,False,0,0,0.0,0.0
106560,500,100.0,SELL,2,False,0,1,0.0,0.015462000000000309
106561,300,100.04,BUY,8,False,0,0,0.0,0.0
106562,200,100.01,BUY,6,False,0,0,0.0,0.0
106563,200,100.03,SELL,7,False,0,0,0.0,0.0
106564,300,100.04,BUY,10,False,0,0,0.0,0.0
106565,100,99.97,BUY,8,False,0,0,0.0,0.0
106566,15000,99.99,BUY,11,True,0,0,0.0,0.0
106567,10000,100.01,BUY,11,True,0,0,0.0,0.0
106568,500,100.05,SELL,8,False,0,0,0.0,0.0
106569,200,100.03,BUY,9,False,0,0,0.0,0.0
106570,100,100.03,BUY,9,False,0,0,0.0,0.0
106571,100,100.0,BUY,10,False,0,0,0.0,0.0
106572,500,100.03,BUY,4,False,0,0,0.0,0.0
106573,200,99.99,BUY,2,False,0,0,0.0,0.0
106574,300,100.04,BUY,9,False,0,0,0.0,0.0
106575,1000,99.96,BUY,3,False,0,0,0.0,0.0
106576,200,99.96,SELL,10,False,0,0,0.0,0.0
106577,200,100.03,SELL,2,False,0,0,0.0,0.0
106578,100,100.03,SELL,9,False,0,0,0.0,0.0
106579,10000,100.01,SELL,11,True,0,0,0.0,0.0
106580,100,100.05,SELL,7,False,0,0,0.0,0.0
106581,200,99.98,SELL,9,False,0,0,0.0,0.0
106582,100,99.97,BUY,3,False,0,0,0.0,0.0
106583,200,100.03,BUY,5,False,0,0,0.0,0.0
106584,100,100.03,SELL,10,False,0,0,0.0,0.0
106585,100,100.04,SELL,2,False,0,0,0.0,0.0
106586,100,99.95,BUY,2,False,0,0,0.0,0.0
106587,100,100.0,BUY,1,False,0,0,0.0,0.0
106588,1000,99.97,BUY,8,False,0,0,0.0,0.0
106589,100,100.04,BUY,9,False,0,0,0.0,0.0
106590,100,99.99,SELL,2,False,0,0,0.0,0.0
106591,200,100.04,SELL,3,False,0,0,0.0,0.0
106592,10000,99.99,SELL,11,True,0,0,0.0,0.0
106593,200,99.98,SELL,2,False,0,0,0.0,0.0
106594,100,99.98,BUY,10,False,0,0,0.0,0.0
106595,100,99.97,SELL,5,False,0,0,0.0,0.0
106596,100,100.04,BUY,3,False,0,0,0.0,0.0
106597,300,100.03,BUY,6,False,0,0,0.0,0.0
106598,15000,100.0,SELL,11,True,0,0,0.0,0.0
106599,100,100.04,BUY,7,False,0,0,0.0,0.0
106600,100,100.02,BUY,4,False,0,0,0.0,0.0
106601,1000,99.97,SELL,1,False,0,0,0.0,0.0
106602,200,99.98,BUY,2,False,0,0,0.0,0.0
106603,100,100.01,BUY,5,False,0,0,0.0,0.0
106604,100,99.96,SELL,5,False,0,0,0.0,0.0
106605,200,100.03,BUY,10,False,0,0,0.0,0.0
106606,5000,100.01,BUY,11,True,0,0,0.0,0.0
106607,300,100.03,SELL,4,False,0,0,0.0,0.0
106608,100,100.05,BUY,3,False,0,0,0.0,0.0
106609,100,99.97,SELL,9,False,0,0,0.0,0.0
106610,100,100.03,BUY,7,False,0,0,0.0,0.0
106611,200,99.97,SELL,5,False,0,0,0.0,0.0
106612,500,100.04,SELL,6,False,0,0,0.0,0.0
106613,300,100.04,SELL,7,False,0,0,0.0,0.0
106614,10000,99.99,BUY,11,True,0,0,0.0,0.0
106615,200,100.03,SELL,2,False,0,0,0.0,0.0
106616,100,100.04,BUY,3,False,0,0,0.0,0.0
106617,200,99.97,SELL,2,False,0,0,0.0,0.0
106618,1000,100.0,SELL,3,False,0,0,0.0,0.0
106619,5000,99.99,BUY,11,True,0,0,0.0,0.0
106620,200,100.02,SELL,6,False,0,0,0.0,0.0
106621,100,99.96,SELL,4,False,0,0,0.0,0.0
106622,100,100.02,SELL,1,False,0,0,0.0,0.0
106623,300,100.03,BUY,4,False,0,0,0.0,0.0
106624,300,99.97,SELL,4,False,0,0,0.0,0.0
106625,100,100.0,SELL,2,False,0,0,0.0,0.0
106626,200,99.97,BUY,8,False,0,0,0.0,0.0
106627,300,99.95,BUY,7,False,0,0,0.0,0.0
106628,1000,99.96,SELL,6,False,0,0,0.0,0.0
106629,100,100.03,BUY,4,False,0,0,0.0,0.0
106630,15000,99.99,BUY,11,True,0,0,0.0,0.0
106631,300,99.99,SELL,6,False,0,0,0.0,0.0
106632,100,99.98,BUY,6,False,0,0,0.0,0.0
106633,100,99.96,BUY,1,False,1,0,1.0,0.047552999999999734
106634,200,100.02,SELL,5,False,0,1,0.0,0.06782900000000058
106635,1000,99.99,SELL,8,False,0,0,0.0,0.0
106636,100,99.98,BUY,10,False,0,0,0.0,0.0
106637,10000,99.99,SELL,11,True,0,0,0.0,0.0
106638,300,99.97,BUY,9,False,0,0,0.0,0.0
106639,300,100.04,BUY,7,False,0,0,0.0,0.0
106640,100,99.99,SELL,10,False,0,0,0.0,0.0
106641,100,99.99,BUY,6,False,0,0,0.0,0.0
106642,100,100.02,BUY,1,False,0,0,0.0,0.0
106643,200,100.02,SELL,1,False,0,0,0.0,0.0
106644,200,100.02,SELL,3,False,0,0,0.0,0.0
106645,300,99.96,SELL,4,False,0,0,0.0,0.0
106646,200,99.98,SELL,2,False,0,0,0.0,0.0
106647,300,100.0,SELL,2,False,0,0,0.0,0.0
106648,100,99.96,BUY,4,False,0,0,0.0,0.0
106649,300,100.02,SELL,1,False,0,0,0.0,0.0
106650,100,99.96,BUY,5,False,0,0,0.0,0.0
106651,300,100.03,SELL,9,False,0,0,0.0,0.0
106652,300,100.04,BUY,8,False,0,0,0.0,0.0
106653,200,100.0,BUY,8,False,0,0,0.0,0.0
106654,300,100.02,BUY,2,False,0,0,0.0,0.0
106655,200,99.95,BUY,7,False,0,0,0.0,0.0
106656,100,100.04,BUY,3,False,0,0,0.0,0.0
106657,100,99.97,BUY,8,False,0,0,0.0,0.0
106658,200,100.04,SELL,7,False,0,1,0.0,0.13434999999999953
106659,1000,99.98,BUY,7,False,0,0,0.0,0.0
106660,100,100.0,SELL,7,False,0,1,0.0,0.12709100000000007
106661,100,99.97,SELL,10,False,0,0,0.0,0.0
106662,15000,99.99,BUY,11,True,0,0,0.0,0.0
106663,100,99.96,SELL,9,False,0,0,0.0,0.0
106664,300,99.99,BUY,2,False,0,0,0.0,0.0
106665,200,99.99,SELL,5,False,0,0,0.0,0.0
106666,200,99.95,SELL,5,False,0,0,0.0,0.0
106667,200,99.98,SELL,9,False,0,0,0.0,0.0
106668,300,99.99,BUY,1,False,0,0,0.0,0.0
106669,500,100.0,BUY,1,False,0,0,0.0,0.0
106670,100,99.97,BUY,3,False,0,0,0.0,0.0
106671,200,100.02,SELL,3,False,0,0,0.0,0.0
106672,1000,99.99,SELL,10,False,0,0,0.0,0.0
106673,200,100.03,BUY,6,False,0,0,0.0,0.0
106674,100,99.98,BUY,1,False,0,0,0.0,0.0
106675,300,99.99,SELL,9,False,0,0,0.0,0.0
106676,10000,100.0,BUY,11,True,0,0,0.0,0.0
106677,200,100.04,BUY,1,False,0,0,0.0,0.0
106678,300,99.99,BUY,10,False,0,0,0.0,0.0
106679,200,100.01,SELL,4,False,0,0,0.0,0.0
106680,200,100.05,BUY,3,False,0,0,0.0,0.0
106681,500,99.97,BUY,4,False,0,0,0.0,0.0
106682,100,100.01,SELL,9,False,0,0,0.0,0.0
106683,100,100.0,BUY,5,False,0,0,0.0,0.0
106684,1000,100.05,SELL,4,False,0,0,0.0,0.0
106685,100,100.03,SELL,5,False,0,0,0.0,0.0
106686,100,100.04,SELL,1,False,0,0,0.0,0.0
106687,100,100.03,SELL,4,False,0,0,0.0,0.0
106688,200,100.0,SELL,9,False,0,0,0.0,0.0
106689,300,99.97,SELL,10,False,0,0,0.0,0.0
106690,300,99.99,BUY,1,False,0,0,0.0,0.0
106691,100,99.97,BUY,3,False,0,0,0.0,0.0
106692,100,99.97,BUY,1,False,0,0,0.0,0.0
106693,200,100.0,BUY,10,False,0,0,0.0,0.0
106694,100,100.03,SELL,5,False,0,0,0.0,0.0
106695,100,100.04,SELL,1,False,0,0,0.0,0.0
106696,5000,100.0,SELL,11,True,0,0,0.0,0.0
106697,15000,100.0,SELL,11,True,0,0,0.0,0.0
106698,100,100.04,BUY,9,False,0,0,0.0,0.0
106699,200,99.97,SELL,10,False,0,0,0.0,0.0
106700,10000,99.99,BUY,11,True,0,0,0.0,0.0
106701,20000,99.99,SELL,11,True,0,0,0.0,0.0
106702,10000,100.0,SELL,11,True,0,0,0.0,0.0
106703,200,99.99,SELL,5,False,0,0,0.0,0.0
106704,200,99.98,SELL,6,False,0,0,0.0,0.0
106705,200,99.96,BUY,7,False,0,0,0.0,0.0
106706,300,99.97,BUY,3,False,0,0,0.0,0.0
106707,200,99.95,SELL,2,False,0,0,0.0,0.0
106708,100,99.98,BUY,7,False,0,0,0.0,0.0
106709,20000,100.0,SELL,11,True,0,0,0.0,0.0
106710,100,100.02,SELL,4,False,0,0,0.0,0.0
106711,100,99.97,SELL,9,False,0,0,0.0,0.0
106712,500,100.01,BUY,7,False,0,0,0.0,0.0
106713,200,99.98,SELL,9,False,0,0,0.0,0.0
106714,5000,100.0,SELL,11,True,0,0,0.0,0.0
106715,100,100.04,BUY,1,False,0,0,0.0,0.0
106716,200,99.99,SELL,10,False,0,0,0.0,0.0
106717,200,100.01,SELL,4,False,0,0,0.0,0.0
106718,100,100.02,SELL,1,False,0,0,0.0,0.0
106719,100,99.96,BUY,4,False,0,0,0.0,0.0
106720,200,100.0,BUY,6,False,0,0,0.0,0.0
106721,500,100.04,SELL,4,False,0,0,0.0,0.0
106722,100,100.04,SELL,4,False,0,0,0.0,0.0
106723,100,99.99,BUY,9,False,0,0,0.0,0.0
106724,100,99.96,BUY,9,False,0,0,0.0,0.0
106725,500,100.02,BUY,8,False,0,0,0.0,0.0
106726,200,99.97,BUY,10,False,0,0,0.0,0.0
106727,100,100.05,BUY,2,False,0,0,0.0,0.0
106728,1000,99.96,SELL,10,False,0,0,0.0,0.0
106729,200,100.05,BUY,10,False,0,1,0.0,0.010422999999999405
106730,200,99.99,BUY,7,False,0,0,0.0,0.0
106731,200,99.97,BUY,3,False,0,0,0.0,0.0
106732,200,100.0,BUY,4,False,0,0,0.0,0.0
106733,200,100.0,BUY,10,False,0,0,0.0,0.0
106734,200,99.95,SELL,7,False,0,0,0.0,0.0
106735,100,99.95,SELL,10,False,0,0,0.0,0.0
106736,15000,100.0,SELL,11,True,0,0,0.0,0.0
106737,300,99.97,SELL,7,False,0,0,0.0,0.0
106738,100,99.99,BUY,3,False,0,0,0.0,0.0
106739,100,100.01,SELL,2,False,0,0,0.0,0.0
106740,300,100.01,SELL,10,False,0,0,0.0,0.0
106741,100,100.0,SELL,5,False,0,0,0.0,0.0
106742,10000,100.0,BUY,11,True,0,0,0.0,0.0
106743,300,99.99,BUY,4,False,0,0,0.0,0.0
106744,200,100.02,SELL,9,False,0,0,0.0,0.0
106745,100,100.0,BUY,10,False,0,0,0.0,0.0
106746,100,99.96,SELL,1,False,0,0,0.0,0.0
106747,200,99.98,SELL,6,False,0,0,0.0,0.0
106748,300,100.05,SELL,7,False,0,0,0.0,0.0
106749,100,99.95,BUY,7,False,0,0,0.0,0.0
106750,300,100.02,BUY,6,False,0,0,0.0,0.0
106751,100,100.03,SELL,4,False,0,0,0.0,0.0
106752,300,99.96,SELL,10,False,0,0,0.0,0.0
106753,200,100.02,SELL,10,False,0,0,0.0,0.0
106754,300,100.0,SELL,5,False,0,0,0.0,0.0
106755,200,99.97,BUY,4,False,0,0,0.0,0.0
106756,300,100.03,BUY,3,False,0,0,0.0,0.0
106757,500,99.99,BUY,10,False,0,0,0.0,0.0
106758,100,99.99,SELL,10,False,0,0,0.0,0.0
106759,200,99.98,SELL,6,False,0,0,0.0,0.0
106760,100,99.97,BUY,7,False,0,0,0.0,0.0
106761,300,99.96,BUY,7,False,0,0,0.0,0.0
106762,300,99.97,SELL,10,False,0,0,0.0,0.0
106763,200,99.98,SELL,9,False,0,0,0.0,0.0
106764,100,100.04,BUY,4,False,0,1,0.0,0.019890000000000185
106765,100,99.96,BUY,2,False,0,0,0.0,0.0
106766,300,100.0,SELL,2,False,0,0,0.0,0.0
106767,500,100.0,BUY,4,False,0,0,0.0,0.0
106768,100,99.99,BUY,7,False,0,0,0.0,0.0
106769,200,99.97,BUY,10,False,0,0,0.0,0.0
106770,1000,99.98,SELL,7,False,0,0,0.0,0.0
106771,500,99.97,SELL,5,False,0,0,0.0,0.0
106772,500,100.0,BUY,6,False,0,0,0.0,0.0
106773,100,99.96,SELL,7,False,0,0,0.0,0.0
106774,300,100.0,BUY,2,False,0,0,0.0,0.0
106775,200,99.95,BUY,4,False,0,0,0.0,0.0
106776,100,100.01,SELL,6,False,0,0,0.0,0.0
106777,200,100.0,BUY,6,False,0,0,0.0,0.0
106778,200,99.96,BUY,2,False,0,0,0.0,0.0
106779,100,100.05,BUY,4,False,0,0,0.0,0.0
106780,300,99.96,BUY,8,False,0,0,0.0,0.0
106781,5000,100.01,BUY,11,True,0,0,0.0,0.0
106782,15000,99.99,BUY,11,True,0,0,0.0,0.0
106783,300,99.99,BUY,3,False,0,0,0.0,0.0
106784,5000,100.0,BUY,11,True,1,0,1.0,0.11370400000000025
106785,20000,99.99,SELL,11,True,0,0,0.0,0.0
106786,100,99.96,SELL,2,False,0,0,0.0,0.0
106787,200,99.98,SELL,5,False,0,0,0.0,0.0
106788,5000,100.01,BUY,11,True,0,0,0.0,0.0
106789,300,99.96,SELL,6,False,0,0,0.0,0.0
106790,100,99.99,BUY,10,False,0,0,0.0,0.0
106791,500,100.03,SELL,3,False,0,0,0.0,0.0
106792,10000,100.0,SELL,11,True,0,0,0.0,0.0
106793,200,100.0,SELL,2,False,0,0,0.0,0.0
106794,200,100.01,SELL,3,False,0,0,0.0,0.0
106795,100,99.99,BUY,10,False,0,0,0.0,0.0
106796,300,99.96,SELL,6,False,0,0,0.0,0.0
106797,1000,99.99,BUY,2,False,0,0,0.0,0.0
106798,100,99.99,BUY,7,False,0,0,0.0,0.0
106799,300,100.03,SELL,9,False,0,0,0.0,0.0
106800,300,100.03,SELL,3,False,0,0,0.0,0.0
106801,200,99.97,BUY,4,False,0,0,0.0,0.0
106802,300,99.97,BUY,2,False,0,0,0.0,0.0
106803,200,99.96,BUY,3,False,0,0,0.0,0.0
106804,1000,100.02,BUY,9,False,0,0,0.0,0.0
106805,200,99.95,SELL,9,False,0,0,0.0,0.0
106806,15000,100.0,SELL,11,True,0,0,0.0,0.0
106807,15000,100.0,SELL,11,True,0,0,0.0,0.0
106808,200,100.03,BUY,8,False,0,0,0.0,0.0
106809,100,99.99,SELL,5,False,0,0,0.0,0.0
106810,100,100.02,BUY,9,False,0,0,0.0,0.0
106811,200,99.97,SELL,5,False,0,0,0.0,0.0
106812,200,100.02,BUY,10,False,0,0,0.0,0.0
106813,200,99.96,SELL,10,False,0,0,0.0,0.0
106814,100,99.97,BUY,3,False,0,0,0.0,0.0
106815,200,99.98,BUY,6,False,0,0,0.0,0.0
106816,500,99.96,SELL,6,False,0,0,0.0,0.0
106817,300,99.97,BUY,3,False,0,0,0.0,0.0
106818,300,99.98,BUY,2,False,0,1,0.0,0.14925199999999972
106819,200,99.97,SELL,5,False,0,0,0.0,0.0
106820,200,100.02,SELL,9,False,0,0,0.0,0.0
106821,300,99.97,SELL,6,False,0,0,0.0,0.0
106822,500,99.98,SELL,2,False,0,0,0.0,0.0
106823,200,99.96,BUY,1,False,0,0,0.0,0.0
106824,200,100.02,SELL,8,False,0,0,0.0,0.0
106825,200,100.0,SELL,5,False,0,0,0.0,0.0
106826,500,99.99,SELL,9,False,0,0,0.0,0.0
106827,10000,100.0,SELL,11,True,0,0,0.0,0.0
106828,200,100.02,BUY,6,False,0,0,0.0,0.0
106829,100,100.05,BUY,1,False,0,0,0.0,0.0
106830,300,100.02,SELL,7,False,0,1,0.0,0.017591999999999608
106831,100,99.95,SELL,6,False,0,0,0.0,0.0
106832,200,99.98,SELL,9,False,0,0,0.0,0.0
106833,100,99.99,SELL,3,False,0,0,0.0,0.0
106834,500,100.01,BUY,6,False,0,0,0.0,0.0
106835,500,100.04,SELL,9,False,0,0,0.0,0.0
106836,200,100.0,SELL,10,False,0,0,0.0,0.0
106837,100,100.0,SELL,6,False,0,0,0.0,0.0
106838,15000,100.0,BUY,11,True,0,0,0.0,0.0
106839,500,100.03,SELL,1,False,0,0,0.0,0.0
106840,15000,100.0,BUY,11,True,0,0,0.0,0.0
106841,100,100.01,BUY,6,False,0,0,0.0,0.0
106842,100,100.04,SELL,1,False,0,0,0.0,0.0
106843,200,99.99,SELL,1,False,0,0,0.0,0.0
106844,300,99.95,BUY,1,False,0,0,0.0,0.0
106845,300,100.0,BUY,4,False,0,0,0.0,0.0
106846,200,100.02,SELL,8,False,0,0,0.0,0.0
106847,100,99.98,SELL,7,False,0,0,0.0,0.0
106848,200,99.96,BUY,7,False,0,0,0.0,0.0
106849,200,100.0,BUY,1,False,0,0,0.0,0.0
106850,300,99.99,BUY,10,False,0,0,0.0,0.0
106851,100,99.95,BUY,8,False,0,0,0.0,0.0
106852,200,99.97,SELL,2,False,0,0,0.0,0.0
106853,300,100.02,SELL,1,False,0,0,0.0,0.0
106854,100,99.96,BUY,2,False,0,0,0.0,0.0
106855,200,100.03,SELL,9,False,0,0,0.0,0.0
106856,300,100.04,SELL,7,False,0,0,0.0,0.0
106857,300,100.03,SELL,8,False,0,0,0.0,0.0
106858,100,99.97,BUY,9,False,0,0,0.0,0.0
106859,100,100.0,SELL,3,False,0,0,0.0,0.0
106860,100,100.03,SELL,6,False,0,0,0.0,0.0
106861,1000,99.98,SELL,9,False,0,0,0.0,0.0
106862,100,100.01,BUY,6,False,0,0,0.0,0.0
106863,200,100.0,SELL,1,False,0,0,0.0,0.0
106864,10000,100.0,SELL,11,True,0,0,0.0,0.0
106865,200,100.04,BUY,1,False,0,0,0.0,0.0
106866,100,100.0,SELL,4,False,0,0,0.0,0.0
106867,5000,100.01,SELL,11,True,0,0,0.0,0.0
106868,200,100.04,SELL,3,False,0,0,0.0,0.0
106869,100,100.02,BUY,2,False,0,0,0.0,0.0
106870,100,100.02,SELL,8,False,0,0,0.0,0.0
106871,1000,100.04,BUY,1,False,0,0,0.0,0.0
106872,200,100.02,BUY,4,False,0,0,0.0,0.0
106873,300,99.97,BUY,2,False,0,0,0.0,0.0
106874,300,100.0,BUY,10,False,0,0,0.0,0.0
106875,200,99.99,BUY,3,False,0,0,0.0,0.0
106876,100,100.03,SELL,6,False,0,0,0.0,0.0
106877,200,99.96,SELL,6,False,0,0,0.0,0.0
106878,200,100.03,BUY,1,False,0,0,0.0,0.0
106879,100,99.97,BUY,2,False,0,0,0.0,0.0
106880,100,99.96,SELL,10,False,0,0,0.0,0.0
106881,300,100.02,SELL,1,False,0,0,0.0,0.0
106882,200,100.02,SELL,7,False,0,0,0.0,0.0
106883,200,100.03,BUY,7,False,0,0,0.0,0.0
106884,200,99.97,SELL,7,False,0,0,0.0,0.0
106885,200,100.0,SELL,5,False,0,0,0.0,0.0
106886,300,100.01,SELL,5,False,0,0,0.0,0.0
106887,300,100.01,SELL,4,False,0,0,0.0,0.0
106888,300,100.01,SELL,5,False,0,0,0.0,0.0
106889,300,100.02,SELL,9,False,0,0,0.0,0.0
106890,100,100.03,SELL,4,False,0,0,0.0,0.0
106891,100,100.01,SELL,10,False,0,0,0.0,0.0
106892,100,100.01,SELL,5,False,0,0,0.0,0.0
106893,100,100.02,BUY,1,False,0,0,0.0,0.0
106894,500,99.97,SELL,5,False,0,0,0.0,0.0
106895,300,100.03,BUY,3,False,0,0,0.0,0.0
106896,300,99.95,SELL,5,False,0,0,0.0,0.0
106897,200,99.96,BUY,10,False,0,0,0.0,0.0
106898,100,99.97,BUY,7,False,0,0,0.0,0.0
106899,100,99.97,SELL,3,False,0,0,0.0,0.0
106900,100,100.01,BUY,6,False,0,0,0.0,0.0
106901,100,100.04,BUY,5,False,0,0,0.0,0.0
106902,200,99.98,SELL,3,False,0,0,0.0,0.0
106903,300,100.01,BUY,6,False,0,0,0.0,0.0
106904,300,99.97,BUY,7,False,0,0,0.0,0.0
106905,200,100.02,BUY,5,False,0,0,0.0,0.0
106906,200,99.95,SELL,4,False,0,0,0.0,0.0
106907,200,99.99,BUY,3,False,0,0,0.0,0.0
106908,100,100.01,SELL,2,False,0,0,0.0,0.0
106909,100,99.96,SELL,4,False,0,0,0.0,0.0
106910,15000,100.0,SELL,11,True,0,0,0.0,0.0
106911,100,100.05,BUY,4,False,0,0,0.0,0.0
106912,200,99.95,SELL,5,False,0,0,0.0,0.0
106913,300,100.03,BUY,9,False,0,0,0.0,0.0
106914,200,99.96,SELL,7,False,0,0,0.0,0.0
106915,100,99.96,SELL,9,False,0,0,0.0,0.0
106916,100,100.0,BUY,5,False,0,0,0.0,0.0
106917,300,99.96,BUY,5,False,0,0,0.0,0.0
106918,100,99.96,BUY,8,False,0,0,0.0,0.0
106919,500,100.05,SELL,6,False,0,0,0.0,0.0
106920,200,99.99,BUY,2,False,0,0,0.0,0.0
106921,500,100.0,SELL,6,False,0,0,0.0,0.0
106922,100,100.03,BUY,7,False,0,0,0.0,0.0
106923,100,99.96,BUY,7,False,0,0,0.0,0.0
106924,300,100.02,BUY,1,False,0,0,0.0,0.0
106925,200,100.05,SELL,6,False,0,0,0.0,0.0
106926,300,100.05,SELL,4,False,0,0,0.0,0.0
106927,15000,99.99,BUY,11,True,0,0,0.0,0.0
106928,1000,100.04,SELL,9,False,0,0,0.0,0.0
106929,200,100.03,SELL,5,False,0,0,0.0,0.0
106930,300,100.0,BUY,4,False,0,0,0.0,0.0
106931,300,100.04,BUY,6,False,0,0,0.0,0.0
106932,500,99.99,SELL,4,False,0,0,0.0,0.0
106933,300,100.02,BUY,3,False,0,0,0.0,0.0
106934,15000,100.0,SELL,11,True,0,0,0.0,0.0
106935,10000,100.0,BUY,11,True,0,0,0.0,0.0
106936,100,100.02,SELL,4,False,0,0,0.0,0.0
106937,200,100.04,SELL,3,False,0,0,0.0,0.0
106938,5000,100.01,BUY,11,True,0,0,0.0,0.0
106939,300,100.01,SELL,7,False,0,0,0.0,0.0
106940,200,99.98,BUY,4,False,0,0,0.0,0.0
106941,200,100.01,BUY,3,False,0,0,0.0,0.0
106942,100,100.0,BUY,1,False,0,0,0.0,0.0
106943,200,99.99,SELL,5,False,0,0,0.0,0.0
106944,200,99.95,SELL,10,False,0,0,0.0,0.0
106945,1000,100.03,SELL,10,False,0,0,0.0,0.0
106946,200,100.02,SELL,5,False,0,0,0.0,0.0
106947,500,100.02,SELL,2,False,0,0,0.0,0.0
106948,200,100.03,SELL,7,False,0,0,0.0,0.0
106949,200,100.04,SELL,3,False,0,0,0.0,0.0
106950,15000,100.0,BUY,11,True,0,0,0.0,0.0
106951,100,100.05,BUY,1,False,0,0,0.0,0.0
106952,15000,99.99,BUY,11,True,0,0,0.0,0.0
106953,200,99.97,BUY,2,False,0,0,0.0,0.0
106954,100,99.99,SELL,3,False,0,0,0.0,0.0
106955,300,100.03,BUY,2,False,0,0,0.0,0.0
106956,200,100.04,BUY,5,False,0,0,0.0,0.0
106957,200,100.03,SELL,6,False,0,0,0.0,0.0
106958,100,100.0,SELL,10,False,0,0,0.0,0.0
106959,500,99.96,SELL,3,False,0,0,0.0,0.0
106960,100,99.99,SELL,5,False,0,0,0.0,0.0
106961,300,99.95,BUY,2,False,0,0,0.0,0.0
106962,500,100.0,BUY,1,False,0,0,0.0,0.0
106963,300,100.03,SELL,5,False,0,0,0.0,0.0
106964,300,100.01,BUY,4,False,0,0,0.0,0.0
106965,5000,99.99,BUY,11,True,0,0,0.0,0.0
106966,100,99.98,SELL,4,False,0,0,0.0,0.0
106967,200,100.02,BUY,9,False,0,0,0.0,0.0
106968,100,99.99,BUY,9,False,0,0,0.0,0.0
106969,100,100.04,BUY,8,False,0,0,0.0,0.0
106970,100,100.01,BUY,3,False,0,0,0.0,0.0
106971,300,99.97,BUY,9,False,0,0,0.0,0.0
106972,300,99.96,SELL,6,False,0,0,0.0,0.0
106973,200,99.97,BUY,1,False,0,0,0.0,0.0
106974,200,100.04,BUY,9,False,0,0,0.0,0.0
106975,5000,100.01,BUY,11,True,1,0,1.0,0.015236000000000693
106976,100,99.99,BUY,7,False,0,0,0.0,0.0
106977,300,100.0,SELL,6,False,0,0,0.0,0.0
106978,10000,100.01,BUY,11,True,0,0,0.0,0.0
106979,100,100.02,BUY,5,False,0,0,0.0,0.0
106980,200,100.01,BUY,9,False,0,0,0.0,0.0
106981,20000,100.01,BUY,11,True,0,0,0.0,0.0
106982,200,99.99,SELL,7,False,0,0,0.0,0.0
106983,300,99.99,BUY,8,False,0,0,0.0,0.0
106984,100,100.03,SELL,3,False,0,0,0.0,0.0
106985,100,100.01,BUY,1,False,0,0,0.0,0.0
106986,100,100.04,SELL,7,False,0,0,0.0,0.0
106987,200,100.05,BUY,2,False,0,0,0.0,0.0
106988,100,100.02,SELL,2,False,0,0,0.0,0.0
106989,100,99.99,BUY,4,False,0,0,0.0,0.0
106990,200,100.01,SELL,8,False,0,0,0.0,0.0
106991,100,100.03,SELL,5,False,0,0,0.0,0.0
106992,100,100.03,BUY,4,False,0,0,0.0,0.0
106993,200,100.04,BUY,4,False,0,0,0.0,0.0
106994,1000,99.98,BUY,5,False,0,0,0.0,0.0
106995,1000,99.98,SELL,5,False,0,0,0.0,0.0
106996,200,100.04,SELL,7,False,1,0,1.0,0.014720999999999762
106997,100,99.98,BUY,10,False,0,0,0.0,0.0
106998,500,100.0,BUY,1,False,0,0,0.0,0.0
106999,300,99.96,BUY,7,False,0,0,0.0,0.0
107000,100,99.99,SELL,10,False,0,0,0.0,0.0
107001,100,100.05,SELL,4,False,0,0,0.0,0.0
107002,100,99.99,BUY,4,False,0,0,0.0,0.0
107003,100,99.96,BUY,8,False,0,0,0.0,0.0
107004,200,99.97,BUY,3,False,0,0,0.0,0.0
107005,200,100.03,BUY,10,False,0,0,0.0,0.0
107006,200,99.99,BUY,2,False,0,0,0.0,0.0
107007,100,99.97,SELL,8,False,0,0,0.0,0.0
107008,100,99.99,BUY,2,False,0,0,0.0,0.0
107009,200,99.99,BUY,2,False,0,0,0.0,0.0
107010,200,99.97,BUY,3,False,0,0,0.0,0.0
107011,200,100.03,BUY,2,False,0,0,0.0,0.0
107012,100,100.03,SELL,6,False,0,0,0.0,0.0
107013,100,99.95,BUY,3,False,0,0,0.0,0.0
107014,100,100.0,SELL,5,False,0,0,0.0,0.0
107015,200,99.96,BUY,4,False,0,0,0.0,0.0
107016,300,100.04,BUY,8,False,0,0,0.0,0.0
107017,300,100.0,BUY,8,False,0,0,0.0,0.0
107018,500,99.98,BUY,4,False,0,0,0.0,0.0
107019,300,100.0,BUY,8,False,0,0,0.0,0.0
107020,15000,99.99,SELL,11,True,0,0,0.0,0.0
107021,100,99.98,SELL,6,False,0,0,0.0,0.0
107022,200,100.03,SELL,8,False,0,0,0.0,0.0
