order_id,timestamp,event_type,side,price,size,trader_id,is_spoof
100001,0.000215,ADD,SELL,100.01,300,9,False
100002,0.000819,ADD,BUY,100.0,100,1,False
100003,0.001213,ADD,BUY,99.96,100,2,False
100002,0.002105,EXECUTE,BUY,100.0,100,1,False
100004,0.002551,ADD,BUY,99.98,200,3,False
100005,0.003278,ADD,BUY,100.0,5000,11,True
100005,0.00426,CANCEL,BUY,100.0,5000,11,True
100006,0.004581,ADD,SELL,100.01,200,7,False
100007,0.004754,ADD,SELL,99.96,200,8,False
100008,0.005,ADD,SELL,99.98,500,6,False
100007,0.005986,EXECUTE,SELL,99.96,200,8,False
100009,0.006502,ADD,BUY,99.99,200,7,False
100010,0.007156,ADD,SELL,100.02,200,1,False
100010,0.008087,EXECUTE,SELL,100.02,200,1,False
100011,0.008502,ADD,SELL,99.97,500,10,False
100012,0.009437,ADD,SELL,99.99,200,5,False
100013,0.009735,ADD,SELL,100.03,300,5,False
100008,0.010311,CANCEL,SELL,99.98,500,6,False
100014,0.010814,ADD,SELL,99.99,10000,11,True
100012,0.011526,CANCEL,SELL,99.99,200,5,False
100015,0.012095,ADD,SELL,100.03,200,3,False
100015,0.012362,CANCEL,SELL,100.03,200,3,False
100016,0.013034,ADD,SELL,99.99,100,5,False
100011,0.013135,CANCEL,SELL,99.97,500,10,False
100017,0.013564,ADD,BUY,99.96,100,3,False
100018,0.014232,ADD,BUY,99.99,200,6,False
100019,0.015116,ADD,BUY,99.99,100,5,False
100020,0.015987,ADD,SELL,100.03,300,9,False
100021,0.016967,ADD,BUY,100.0,100,4,False
100022,0.017882,ADD,SELL,99.97,100,10,False
100023,0.018816,ADD,SELL,99.99,100,10,False
100024,0.019144,ADD,BUY,99.97,200,4,False
100025,0.019506,ADD,SELL,99.98,300,9,False
100026,0.020381,ADD,BUY,100.0,20000,11,True
100027,0.020736,ADD,SELL,100.04,200,8,False
100028,0.021705,ADD,BUY,100.02,100,2,False
100029,0.021996,ADD,BUY,100.0,100,3,False
100030,0.022875,ADD,BUY,99.97,300,4,False
100017,0.023557,EXECUTE,BUY,99.96,100,3,False
100031,0.024128,ADD,SELL,100.0,15000,11,True
100032,0.024326,ADD,SELL,99.98,300,6,False
100033,0.025047,ADD,BUY,100.01,200,7,False
100034,0.025301,ADD,SELL,99.99,200,6,False
100035,0.026,ADD,BUY,100.02,300,10,False
100036,0.026419,ADD,BUY,99.98,500,7,False
100037,0.027418,ADD,SELL,99.95,200,10,False
100038,0.028376,ADD,SELL,100.0,20000,11,True
100039,0.028674,ADD,BUY,99.97,200,7,False
100040,0.029557,ADD,BUY,99.96,200,8,False
100006,0.029883,CANCEL,SELL,100.01,200,7,False
100041,0.030858,ADD,SELL,100.01,1000,3,False
100042,0.031398,ADD,BUY,100.02,100,3,False
100043,0.031964,ADD,BUY,99.96,100,6,False
100003,0.032816,EXECUTE,BUY,99.96,100,2,False
100025,0.033231,EXECUTE,SELL,99.98,300,9,False
100044,0.033598,ADD,BUY,99.99,100,3,False
100033,0.033974,CANCEL,BUY,100.01,200,7,False
100039,0.034618,CANCEL,BUY,99.97,200,7,False
100045,0.035494,ADD,SELL,99.98,100,8,False
100046,0.035749,ADD,SELL,100.0,100,1,False
100047,0.035993,ADD,BUY,99.98,100,5,False
100022,0.036931,CANCEL,SELL,99.97,100,10,False
100048,0.037886,ADD,BUY,99.98,200,7,False
100049,0.038311,ADD,BUY,100.05,200,1,False
100050,0.038957,ADD,SELL,99.99,200,3,False
100051,0.039323,ADD,SELL,99.96,100,4,False
100052,0.040159,ADD,SELL,100.03,200,4,False
100044,0.040954,EXECUTE,BUY,99.99,100,3,False
100053,0.041897,ADD,SELL,99.97,100,2,False
100054,0.042443,ADD,SELL,100.04,100,9,False
100055,0.042782,ADD,SELL,99.98,500,7,False
100056,0.043528,ADD,BUY,100.04,100,3,False
100057,0.044439,ADD,SELL,99.96,100,7,False
100058,0.04469,ADD,BUY,99.95,300,8,False
100059,0.044814,ADD,SELL,99.95,500,1,False
100060,0.045225,ADD,BUY,100.0,200,3,False
100049,0.045418,EXECUTE,BUY,100.05,200,1,False
100061,0.046261,ADD,SELL,99.99,100,8,False
100062,0.046429,ADD,SELL,99.96,500,7,False
100063,0.046806,ADD,BUY,100.0,200,10,False
100064,0.047778,ADD,BUY,100.0,200,9,False
100065,0.048484,ADD,BUY,99.98,200,4,False
100031,0.048718,CANCEL,SELL,100.0,15000,11,True
100054,0.048955,CANCEL,SELL,100.04,100,9,False
100066,0.049217,ADD,BUY,99.95,500,9,False
100067,0.049471,ADD,BUY,99.98,100,5,False
100068,0.04966,ADD,SELL,100.02,200,1,False
100069,0.0505,ADD,SELL,100.0,300,2,False
100030,0.05076,EXECUTE,BUY,99.97,300,4,False
100061,0.051082,EXECUTE,SELL,99.99,100,8,False
100034,0.05204,EXECUTE,SELL,99.99,200,6,False
100070,0.052597,ADD,SELL,99.98,200,2,False
100071,0.052861,ADD,SELL,100.01,300,1,False
100072,0.05378,ADD,SELL,99.97,300,2,False
100050,0.054116,CANCEL,SELL,99.99,200,3,False
100073,0.05431,ADD,SELL,100.04,200,7,False
100074,0.054445,ADD,SELL,100.0,100,4,False
100075,0.054938,ADD,BUY,99.96,200,6,False
100076,0.055699,ADD,BUY,100.05,200,1,False
100077,0.056549,ADD,SELL,100.04,500,4,False
100026,0.057348,CANCEL,BUY,100.0,20000,11,True
100038,0.058187,CANCEL,SELL,100.0,20000,11,True
100078,0.058858,ADD,SELL,99.96,300,10,False
100079,0.0592,ADD,SELL,100.01,100,6,False
100080,0.059901,ADD,SELL,99.98,200,4,False
100080,0.060755,EXECUTE,SELL,99.98,200,4,False
100081,0.061325,ADD,SELL,100.04,300,7,False
100082,0.06202,ADD,SELL,99.98,200,3,False
100077,0.062612,EXECUTE,SELL,100.04,500,4,False
100083,0.062866,ADD,BUY,100.03,300,10,False
100071,0.063838,EXECUTE,SELL,100.01,300,1,False
100084,0.06472,ADD,BUY,100.0,100,6,False
100084,0.065714,EXECUTE,BUY,100.0,100,6,False
100085,0.066297,ADD,SELL,100.02,300,10,False
100086,0.067097,ADD,BUY,100.01,500,5,False
100087,0.067264,ADD,BUY,99.96,100,6,False
100040,0.067659,EXECUTE,BUY,99.96,200,8,False
100088,0.068405,ADD,SELL,100.03,300,5,False
100079,0.069183,EXECUTE,SELL,100.01,100,6,False
100089,0.06986,ADD,BUY,100.03,100,7,False
100090,0.070394,ADD,SELL,99.95,100,1,False
100066,0.071366,EXECUTE,BUY,99.95,500,9,False
100091,0.071998,ADD,BUY,99.96,100,10,False
100018,0.072111,EXECUTE,BUY,99.99,200,6,False
100092,0.072275,ADD,SELL,99.96,200,4,False
100093,0.072566,ADD,BUY,100.01,10000,11,True
100094,0.07306,ADD,SELL,99.97,300,6,False
100095,0.073343,ADD,BUY,99.99,100,10,False
100082,0.073495,EXECUTE,SELL,99.98,200,3,False
100096,0.073761,ADD,BUY,99.97,100,10,False
100097,0.074181,ADD,BUY,99.95,200,1,False
100098,0.074406,ADD,SELL,99.99,100,1,False
100047,0.074758,CANCEL,BUY,99.98,100,5,False
100099,0.074966,ADD,SELL,100.05,200,3,False
100100,0.075914,ADD,BUY,100.03,100,1,False
100032,0.076419,EXECUTE,SELL,99.98,300,6,False
100101,0.077015,ADD,SELL,100.01,200,10,False
100102,0.077181,ADD,SELL,100.03,100,8,False
100103,0.077966,ADD,SELL,100.0,15000,11,True
100104,0.078436,ADD,BUY,99.99,200,3,False
100046,0.079087,EXECUTE,SELL,100.0,100,1,False
100105,0.079402,ADD,SELL,99.96,100,2,False
100106,0.079596,ADD,SELL,99.97,100,3,False
100107,0.080269,ADD,BUY,100.04,100,6,False
100108,0.081114,ADD,BUY,100.0,10000,11,True
100109,0.081757,ADD,BUY,100.03,300,8,False
100035,0.082313,EXECUTE,BUY,100.02,300,10,False
100110,0.083278,ADD,SELL,100.02,200,9,False
100111,0.083604,ADD,BUY,99.99,300,2,False
100112,0.083741,ADD,SELL,99.97,100,7,False
100113,0.084689,ADD,BUY,100.03,100,1,False
100094,0.084934,EXECUTE,SELL,99.97,300,6,False
100114,0.085499,ADD,BUY,100.04,100,6,False
100115,0.086277,ADD,BUY,99.99,300,6,False
100116,0.086801,ADD,SELL,99.96,300,8,False
100117,0.087767,ADD,BUY,100.04,200,5,False
100021,0.088683,EXECUTE,BUY,100.0,100,4,False
100118,0.089268,ADD,BUY,99.98,300,8,False
100119,0.089484,ADD,BUY,100.0,15000,11,True
100016,0.090309,CANCEL,SELL,99.99,100,5,False
100120,0.09045,ADD,SELL,100.03,500,1,False
100121,0.090622,ADD,SELL,100.05,200,4,False
100122,0.090724,ADD,BUY,100.05,200,9,False
100123,0.091327,ADD,BUY,100.04,200,8,False
100124,0.091536,ADD,SELL,100.04,200,3,False
100125,0.092023,ADD,BUY,100.03,300,3,False
100048,0.092899,EXECUTE,BUY,99.98,200,7,False
100126,0.093356,ADD,BUY,99.97,100,3,False
100127,0.093588,ADD,SELL,99.96,200,1,False
100076,0.094461,EXECUTE,BUY,100.05,200,1,False
100089,0.094619,EXECUTE,BUY,100.03,100,7,False
100128,0.095435,ADD,SELL,100.02,200,3,False
100129,0.096225,ADD,SELL,99.99,200,6,False
100115,0.097192,EXECUTE,BUY,99.99,300,6,False
100023,0.098162,CANCEL,SELL,99.99,100,10,False
100130,0.099031,ADD,BUY,100.0,300,7,False
100057,0.099254,EXECUTE,SELL,99.96,100,7,False
100081,0.099686,EXECUTE,SELL,100.04,300,7,False
100131,0.10044,ADD,SELL,99.96,100,2,False
100132,0.101171,ADD,SELL,99.96,200,9,False
100133,0.101524,ADD,BUY,100.03,100,2,False
100110,0.10195,EXECUTE,SELL,100.02,200,9,False
100134,0.102529,ADD,BUY,100.0,300,8,False
100119,0.103484,CANCEL,BUY,100.0,15000,11,True
100135,0.103643,ADD,BUY,99.96,300,4,False
100063,0.104176,CANCEL,BUY,100.0,200,10,False
100136,0.10487,ADD,SELL,99.98,100,9,False
100105,0.105101,EXECUTE,SELL,99.96,100,2,False
100009,0.10535,CANCEL,BUY,99.99,200,7,False
100137,0.105552,ADD,BUY,100.01,100,9,False
100138,0.106369,ADD,SELL,100.01,200,8,False
100104,0.106801,EXECUTE,BUY,99.99,200,3,False
100139,0.107744,ADD,SELL,100.0,100,5,False
100140,0.108005,ADD,SELL,100.05,1000,3,False
100141,0.108736,ADD,SELL,100.01,300,4,False
100142,0.108995,ADD,SELL,99.96,200,4,False
100109,0.109404,EXECUTE,BUY,100.03,300,8,False
100143,0.109812,ADD,BUY,99.98,300,6,False
100062,0.110284,EXECUTE,SELL,99.96,500,7,False
100134,0.110671,EXECUTE,BUY,100.0,300,8,False
100144,0.110967,ADD,BUY,99.96,200,7,False
100145,0.111761,ADD,BUY,100.04,500,5,False
100146,0.112748,ADD,BUY,100.01,5000,11,True
100147,0.112978,ADD,BUY,100.0,200,1,False
100148,0.113564,ADD,SELL,100.04,100,7,False
100149,0.113783,ADD,SELL,99.96,1000,8,False
100140,0.114068,EXECUTE,SELL,100.05,1000,3,False
100150,0.114797,ADD,SELL,99.98,300,6,False
100151,0.115364,ADD,SELL,100.03,500,8,False
100152,0.115717,ADD,SELL,100.0,200,6,False
100153,0.116013,ADD,SELL,99.99,15000,11,True
100154,0.116241,ADD,SELL,100.0,300,3,False
100146,0.116419,CANCEL,BUY,100.01,5000,11,True
100155,0.117316,ADD,SELL,100.02,100,3,False
100156,0.117634,ADD,SELL,99.98,200,6,False
100157,0.118208,ADD,BUY,99.98,300,9,False
100158,0.119154,ADD,BUY,100.02,100,1,False
100159,0.119368,ADD,BUY,100.0,1000,2,False
100160,0.120138,ADD,BUY,100.01,500,6,False
100161,0.121127,ADD,SELL,99.96,100,7,False
100154,0.122053,CANCEL,SELL,100.0,300,3,False
100162,0.122555,ADD,BUY,99.99,100,3,False
100163,0.123194,ADD,BUY,100.0,1000,9,False
100164,0.124079,ADD,BUY,100.03,100,5,False
100165,0.125057,ADD,BUY,100.01,100,10,False
100165,0.125863,EXECUTE,BUY,100.01,100,10,False
100036,0.126284,EXECUTE,BUY,99.98,500,7,False
100127,0.127246,EXECUTE,SELL,99.96,200,1,False
100166,0.127842,ADD,SELL,99.97,100,9,False
100167,0.128746,ADD,BUY,99.99,100,8,False
100168,0.128984,ADD,SELL,100.0,5000,11,True
100169,0.129592,ADD,SELL,100.0,200,4,False
100170,0.130038,ADD,BUY,99.99,500,8,False
100171,0.130561,ADD,BUY,100.02,500,7,False
100099,0.131029,EXECUTE,SELL,100.05,200,3,False
100172,0.13143,ADD,SELL,100.01,15000,11,True
100037,0.132259,EXECUTE,SELL,99.95,200,10,False
100173,0.132508,ADD,BUY,100.04,100,3,False
100174,0.132693,ADD,SELL,99.97,200,8,False
100175,0.133668,ADD,SELL,100.0,10000,11,True
100121,0.134303,EXECUTE,SELL,100.05,200,4,False
100150,0.134836,CANCEL,SELL,99.98,300,6,False
100041,0.135198,EXECUTE,SELL,100.01,1000,3,False
100176,0.13545,ADD,SELL,100.02,100,1,False
100177,0.135913,ADD,BUY,100.01,100,8,False
100178,0.136202,ADD,SELL,99.99,300,1,False
100152,0.137074,CANCEL,SELL,100.0,200,6,False
100179,0.13746,ADD,SELL,99.99,10000,11,True
100180,0.137778,ADD,SELL,99.96,100,7,False
100181,0.138475,ADD,BUY,100.02,100,3,False
100182,0.139358,ADD,SELL,100.05,200,9,False
100183,0.140011,ADD,BUY,99.99,200,3,False
100184,0.140804,ADD,SELL,100.0,200,5,False
100098,0.141614,EXECUTE,SELL,99.99,100,1,False
100185,0.142239,ADD,SELL,100.0,100,1,False
100186,0.143095,ADD,SELL,100.01,100,4,False
100163,0.144044,EXECUTE,BUY,100.0,1000,9,False
100187,0.144185,ADD,BUY,99.95,200,3,False
100188,0.144686,ADD,SELL,99.96,100,10,False
100189,0.145185,ADD,BUY,99.96,100,9,False
100190,0.145772,ADD,SELL,100.03,200,10,False
100191,0.146377,ADD,BUY,99.98,200,8,False
100192,0.147021,ADD,BUY,99.98,200,7,False
100193,0.147826,ADD,SELL,99.95,100,10,False
100194,0.147986,ADD,SELL,99.99,300,9,False
100195,0.148319,ADD,SELL,99.98,300,8,False
100196,0.148651,ADD,SELL,99.96,100,5,False
100197,0.148873,ADD,BUY,100.0,5000,11,True
100172,0.149385,CANCEL,SELL,100.01,15000,11,True
100161,0.1495,CANCEL,SELL,99.96,100,7,False
100198,0.150214,ADD,SELL,100.05,200,6,False
100145,0.150877,EXECUTE,BUY,100.04,500,5,False
100199,0.151705,ADD,BUY,100.05,100,5,False
100200,0.152493,ADD,SELL,100.05,200,7,False
100201,0.153451,ADD,BUY,100.04,100,5,False
100202,0.154192,ADD,BUY,99.98,100,6,False
100203,0.154787,ADD,SELL,99.96,200,1,False
100204,0.155678,ADD,SELL,99.96,100,2,False
100205,0.156159,ADD,SELL,99.96,200,6,False
100124,0.156563,EXECUTE,SELL,100.04,200,3,False
100206,0.156895,ADD,SELL,99.98,300,9,False
100207,0.15759,ADD,BUY,99.96,100,3,False
100208,0.158204,ADD,SELL,100.02,100,7,False
100209,0.158388,ADD,SELL,99.97,100,8,False
100210,0.15921,ADD,SELL,99.97,500,8,False
100074,0.159643,EXECUTE,SELL,100.0,100,4,False
100211,0.159931,ADD,BUY,99.95,1000,8,False
100212,0.16083,ADD,SELL,100.02,300,3,False
100213,0.161543,ADD,BUY,100.0,500,1,False
100214,0.161693,ADD,BUY,100.01,200,7,False
100215,0.162563,ADD,SELL,99.98,200,10,False
100204,0.162937,EXECUTE,SELL,99.96,100,2,False
100216,0.163879,ADD,SELL,100.01,100,5,False
100106,0.16399,EXECUTE,SELL,99.97,100,3,False
100122,0.164815,CANCEL,BUY,100.05,200,9,False
100217,0.165693,ADD,BUY,100.04,200,5,False
100218,0.166397,ADD,BUY,99.96,500,3,False
100219,0.166822,ADD,BUY,100.0,20000,11,True
100220,0.167768,ADD,SELL,100.04,200,9,False
100221,0.168703,ADD,SELL,99.97,200,7,False
100222,0.169457,ADD,SELL,100.02,300,10,False
100108,0.170057,CANCEL,BUY,100.0,10000,11,True
100223,0.170866,ADD,BUY,99.96,100,7,False
100147,0.17159,CANCEL,BUY,100.0,200,1,False
100224,0.172233,ADD,BUY,100.02,100,5,False
100225,0.172519,ADD,BUY,100.04,300,10,False
100226,0.173199,ADD,BUY,100.01,100,6,False
100227,0.173818,ADD,SELL,99.98,100,4,False
100228,0.174131,ADD,BUY,99.98,100,3,False
100229,0.175013,ADD,BUY,99.99,200,9,False
100103,0.175296,CANCEL,SELL,100.0,15000,11,True
100230,0.175997,ADD,BUY,100.02,300,3,False
100148,0.176602,EXECUTE,SELL,100.04,100,7,False
100231,0.176782,ADD,BUY,100.0,200,2,False
100232,0.177216,ADD,BUY,99.96,100,9,False
100233,0.178194,ADD,BUY,100.02,100,4,False
100234,0.17887,ADD,BUY,100.01,300,7,False
100055,0.179698,EXECUTE,SELL,99.98,500,7,False
100235,0.180607,ADD,BUY,100.0,100,1,False
100236,0.180854,ADD,SELL,99.97,200,7,False
100237,0.181166,ADD,BUY,100.04,200,7,False
100238,0.181567,ADD,BUY,99.99,15000,11,True
100239,0.181859,ADD,BUY,99.98,100,7,False
100240,0.182789,ADD,SELL,99.98,100,4,False
100241,0.183474,ADD,SELL,100.01,500,6,False
100242,0.18437,ADD,BUY,99.96,100,1,False
100144,0.184539,EXECUTE,BUY,99.96,200,7,False
100243,0.185379,ADD,SELL,100.04,1000,3,False
100244,0.185762,ADD,SELL,100.0,15000,11,True
100184,0.18653,EXECUTE,SELL,100.0,200,5,False
100245,0.187102,ADD,BUY,99.96,500,10,False
100246,0.188041,ADD,SELL,100.0,200,4,False
100247,0.188161,ADD,SELL,99.98,100,9,False
100137,0.188558,EXECUTE,BUY,100.01,100,9,False
100248,0.189075,ADD,BUY,100.05,300,1,False
100139,0.189288,EXECUTE,SELL,100.0,100,5,False
100249,0.190087,ADD,SELL,99.99,20000,11,True
100250,0.190414,ADD,BUY,99.99,500,5,False
100221,0.191008,EXECUTE,SELL,99.97,200,7,False
100251,0.191445,ADD,BUY,100.0,10000,11,True
100252,0.191624,ADD,BUY,100.02,200,10,False
100253,0.191839,ADD,SELL,100.04,500,6,False
100244,0.191997,CANCEL,SELL,100.0,15000,11,True
100238,0.19287,CANCEL,BUY,99.99,15000,11,True
100254,0.19306,ADD,SELL,99.99,10000,11,True
100255,0.193705,ADD,BUY,100.02,200,4,False
100256,0.194646,ADD,SELL,99.97,300,4,False
100257,0.195288,ADD,BUY,100.0,10000,11,True
100258,0.196286,ADD,SELL,99.98,500,1,False
100259,0.197054,ADD,BUY,100.03,200,9,False
100260,0.197259,ADD,BUY,99.99,200,3,False
100261,0.197585,ADD,BUY,100.03,300,6,False
100262,0.198479,ADD,BUY,100.04,100,10,False
100263,0.199401,ADD,SELL,99.95,1000,8,False
100264,0.19974,ADD,BUY,100.02,100,5,False
100265,0.200245,ADD,BUY,99.99,200,7,False
100222,0.200831,CANCEL,SELL,100.02,300,10,False
100266,0.201291,ADD,SELL,100.04,100,10,False
100267,0.202014,ADD,SELL,100.03,300,4,False
100268,0.202257,ADD,BUY,100.03,100,5,False
100269,0.203117,ADD,SELL,100.04,100,2,False
100270,0.203949,ADD,BUY,100.03,100,7,False
100271,0.204377,ADD,BUY,99.95,200,1,False
100272,0.204928,ADD,SELL,100.03,100,7,False
100273,0.20534,ADD,BUY,100.03,200,2,False
100053,0.205513,EXECUTE,SELL,99.97,100,2,False
100072,0.205735,EXECUTE,SELL,99.97,300,2,False
100271,0.206606,EXECUTE,BUY,99.95,200,1,False
100274,0.207192,ADD,BUY,100.03,200,8,False
100275,0.208078,ADD,SELL,100.0,10000,11,True
100276,0.208882,ADD,BUY,100.02,500,9,False
100277,0.209854,ADD,SELL,100.01,200,5,False
100278,0.209974,ADD,SELL,100.0,200,5,False
100279,0.210321,ADD,SELL,100.0,200,5,False
100280,0.210976,ADD,BUY,100.01,10000,11,True
100281,0.211866,ADD,SELL,100.0,10000,11,True
100282,0.212069,ADD,SELL,100.02,100,4,False
100283,0.21277,ADD,SELL,100.01,200,3,False
100284,0.212878,ADD,SELL,99.99,300,7,False
100285,0.213278,ADD,SELL,99.99,100,7,False
100286,0.214153,ADD,SELL,100.03,200,8,False
100129,0.214416,CANCEL,SELL,99.99,200,6,False
100287,0.215024,ADD,SELL,100.03,200,3,False
100288,0.215262,ADD,SELL,100.04,300,7,False
100289,0.215391,ADD,BUY,100.01,300,10,False
100290,0.215564,ADD,BUY,100.01,300,3,False
100291,0.216458,ADD,BUY,100.0,300,3,False
100292,0.216762,ADD,SELL,100.0,100,8,False
100293,0.217039,ADD,SELL,100.01,10000,11,True
100294,0.217674,ADD,SELL,100.0,15000,11,True
100295,0.218291,ADD,BUY,99.99,100,5,False
100286,0.218985,EXECUTE,SELL,100.03,200,8,False
100296,0.219227,ADD,BUY,99.97,100,9,False
100142,0.219831,EXECUTE,SELL,99.96,200,4,False
100297,0.220261,ADD,SELL,100.04,200,5,False
100042,0.22046,EXECUTE,BUY,100.02,100,3,False
100298,0.221457,ADD,BUY,99.99,100,3,False
100299,0.221961,ADD,SELL,100.0,100,5,False
100300,0.22253,ADD,BUY,99.98,100,7,False
100301,0.223173,ADD,SELL,100.0,200,2,False
100043,0.224131,CANCEL,BUY,99.96,100,6,False
100302,0.224765,ADD,SELL,100.04,300,1,False
100303,0.225367,ADD,SELL,100.01,300,7,False
100304,0.225848,ADD,BUY,100.03,200,10,False
100305,0.22652,ADD,SELL,100.01,500,7,False
100306,0.227484,ADD,SELL,100.02,300,2,False
100307,0.227784,ADD,BUY,99.95,100,1,False
100166,0.228521,EXECUTE,SELL,99.97,100,9,False
100308,0.229495,ADD,SELL,99.97,200,9,False
100309,0.230112,ADD,BUY,99.95,500,10,False
100310,0.231085,ADD,SELL,100.01,300,4,False
100213,0.231902,CANCEL,BUY,100.0,500,1,False
100311,0.23264,ADD,SELL,100.02,100,3,False
100312,0.232928,ADD,SELL,100.01,100,7,False
100069,0.233305,EXECUTE,SELL,100.0,300,2,False
100313,0.234082,ADD,SELL,100.02,200,7,False
100314,0.234953,ADD,BUY,100.01,300,1,False
100315,0.235418,ADD,SELL,99.98,200,8,False
100316,0.235765,ADD,SELL,100.0,20000,11,True
100317,0.235876,ADD,SELL,99.99,20000,11,True
100190,0.236015,EXECUTE,SELL,100.03,200,10,False
100318,0.236452,ADD,SELL,99.96,100,10,False
100319,0.236612,ADD,BUY,99.97,200,8,False
100320,0.237509,ADD,BUY,100.05,200,8,False
100321,0.238027,ADD,BUY,100.01,1000,10,False
100322,0.238775,ADD,SELL,99.98,100,2,False
100323,0.239179,ADD,BUY,100.05,300,10,False
100324,0.239576,ADD,BUY,100.03,100,10,False
100325,0.2402,ADD,SELL,100.02,200,8,False
100168,0.240738,CANCEL,SELL,100.0,5000,11,True
100326,0.241343,ADD,BUY,99.96,500,1,False
100327,0.241494,ADD,BUY,100.02,200,6,False
100328,0.242315,ADD,BUY,100.03,200,7,False
100329,0.24311,ADD,SELL,99.99,1000,3,False
100330,0.24365,ADD,BUY,99.97,100,5,False
100331,0.24384,ADD,SELL,100.0,20000,11,True
100332,0.244288,ADD,BUY,99.98,300,4,False
100237,0.244729,EXECUTE,BUY,100.04,200,7,False
100333,0.244975,ADD,BUY,100.03,200,7,False
100212,0.245125,EXECUTE,SELL,100.02,300,3,False
100334,0.245497,ADD,SELL,100.04,200,6,False
100056,0.245944,EXECUTE,BUY,100.04,100,3,False
100335,0.246259,ADD,SELL,100.03,200,9,False
100114,0.24705,EXECUTE,BUY,100.04,100,6,False
100336,0.247457,ADD,SELL,99.96,100,10,False
100093,0.248291,CANCEL,BUY,100.01,10000,11,True
100337,0.249239,ADD,SELL,100.0,5000,11,True
100338,0.24942,ADD,BUY,100.05,100,7,False
100339,0.250351,ADD,SELL,99.97,300,3,False
100340,0.251243,ADD,BUY,100.01,200,9,False
100341,0.2516,ADD,SELL,100.02,300,9,False
100342,0.252163,ADD,SELL,100.04,100,6,False
100343,0.252328,ADD,SELL,100.02,100,2,False
100344,0.25327,ADD,SELL,100.04,200,4,False
100345,0.253496,ADD,SELL,99.99,5000,11,True
100138,0.253643,EXECUTE,SELL,100.01,200,8,False
100346,0.254168,ADD,BUY,99.98,100,6,False
100157,0.254754,EXECUTE,BUY,99.98,300,9,False
100347,0.255164,ADD,BUY,100.0,200,2,False
100348,0.255264,ADD,SELL,100.0,300,7,False
100349,0.255458,ADD,BUY,99.98,500,9,False
100130,0.256424,EXECUTE,BUY,100.0,300,7,False
100350,0.256535,ADD,SELL,99.96,200,5,False
100351,0.257503,ADD,SELL,99.96,200,5,False
100326,0.258308,EXECUTE,BUY,99.96,500,1,False
100352,0.258477,ADD,SELL,100.04,300,10,False
100353,0.259204,ADD,BUY,99.98,100,1,False
100354,0.259979,ADD,BUY,99.98,100,6,False
100355,0.260088,ADD,BUY,100.04,500,8,False
100052,0.260953,EXECUTE,SELL,100.03,200,4,False
100356,0.261675,ADD,BUY,100.04,300,8,False
100357,0.261999,ADD,SELL,100.04,500,10,False
100358,0.262343,ADD,BUY,99.98,500,4,False
100359,0.262754,ADD,BUY,100.0,200,3,False
100360,0.263498,ADD,SELL,99.95,100,1,False
100361,0.26421,ADD,BUY,99.95,1000,2,False
100362,0.264791,ADD,SELL,100.0,300,6,False
100363,0.265347,ADD,SELL,100.04,200,2,False
100364,0.265758,ADD,BUY,99.95,200,5,False
100365,0.265901,ADD,SELL,99.96,200,3,False
100366,0.266856,ADD,BUY,99.96,1000,5,False
100367,0.267114,ADD,BUY,99.96,200,1,False
100368,0.267829,ADD,SELL,99.97,100,9,False
100369,0.268517,ADD,BUY,99.96,100,2,False
100370,0.268629,ADD,SELL,99.99,100,8,False
100371,0.269321,ADD,SELL,100.01,200,10,False
100372,0.269723,ADD,BUY,100.03,300,10,False
100373,0.270447,ADD,SELL,100.0,100,5,False
100374,0.270654,ADD,BUY,100.01,300,8,False
100375,0.271264,ADD,BUY,100.0,300,9,False
100376,0.27194,ADD,SELL,99.99,100,3,False
100377,0.272364,ADD,BUY,99.96,200,3,False
100378,0.273177,ADD,SELL,100.04,300,4,False
100379,0.273609,ADD,BUY,100.01,15000,11,True
100268,0.274164,EXECUTE,BUY,100.03,100,5,False
100249,0.275087,CANCEL,SELL,99.99,20000,11,True
100245,0.275681,EXECUTE,BUY,99.96,500,10,False
100380,0.276213,ADD,SELL,100.03,1000,7,False
100381,0.277049,ADD,BUY,100.01,100,5,False
100382,0.277735,ADD,BUY,100.05,300,6,False
100383,0.278078,ADD,SELL,100.03,300,2,False
100384,0.278763,ADD,SELL,100.02,200,2,False
100385,0.278949,ADD,BUY,100.0,20000,11,True
100386,0.279712,ADD,BUY,100.04,100,10,False
100387,0.280139,ADD,SELL,100.0,20000,11,True
100388,0.280733,ADD,SELL,99.99,100,9,False
100389,0.281661,ADD,SELL,99.95,100,5,False
100390,0.281794,ADD,BUY,100.05,200,6,False
100293,0.282114,CANCEL,SELL,100.01,10000,11,True
100391,0.283085,ADD,BUY,99.99,200,6,False
100392,0.283935,ADD,BUY,99.98,500,9,False
100393,0.284296,ADD,SELL,100.02,200,1,False
100394,0.285249,ADD,BUY,100.01,1000,9,False
100376,0.285801,EXECUTE,SELL,99.99,100,3,False
100135,0.286236,EXECUTE,BUY,99.96,300,4,False
100395,0.286623,ADD,BUY,100.01,5000,11,True
100396,0.286816,ADD,BUY,99.96,100,8,False
100397,0.287142,ADD,SELL,100.04,1000,6,False
100398,0.287776,ADD,SELL,100.04,1000,3,False
100399,0.288425,ADD,SELL,100.02,300,4,False
100400,0.288941,ADD,SELL,100.02,200,10,False
100198,0.289322,EXECUTE,SELL,100.05,200,6,False
100401,0.289881,ADD,SELL,100.02,100,1,False
100402,0.290334,ADD,SELL,99.96,500,4,False
100323,0.290942,EXECUTE,BUY,100.05,300,10,False
100403,0.291804,ADD,BUY,100.01,200,1,False
100404,0.292333,ADD,SELL,99.98,300,5,False
100405,0.292565,ADD,SELL,100.01,500,10,False
100362,0.293424,EXECUTE,SELL,100.0,300,6,False
100406,0.293846,ADD,BUY,100.02,200,9,False
100310,0.294004,EXECUTE,SELL,100.01,300,4,False
100407,0.294718,ADD,SELL,100.0,10000,11,True
100408,0.295061,ADD,SELL,99.99,100,7,False
100409,0.295464,ADD,SELL,99.96,100,5,False
100410,0.296189,ADD,SELL,99.96,100,10,False
100411,0.296363,ADD,SELL,100.05,200,1,False
100004,0.296499,EXECUTE,BUY,99.98,200,3,False
100412,0.296908,ADD,BUY,100.05,200,8,False
100194,0.297361,EXECUTE,SELL,99.99,300,9,False
100413,0.297716,ADD,BUY,99.99,200,10,False
100414,0.29793,ADD,BUY,100.05,100,9,False
100415,0.298388,ADD,SELL,100.01,300,4,False
100416,0.298754,ADD,SELL,99.97,300,2,False
100417,0.299168,ADD,BUY,100.0,100,3,False
100418,0.299741,ADD,SELL,100.0,300,9,False
100317,0.300057,CANCEL,SELL,99.99,20000,11,True
100419,0.300323,ADD,SELL,100.0,100,7,False
100420,0.300567,ADD,SELL,99.98,100,10,False
100421,0.300849,ADD,SELL,99.96,200,3,False
100422,0.301671,ADD,SELL,100.01,15000,11,True
100218,0.301838,EXECUTE,BUY,99.96,500,3,False
100423,0.30218,ADD,SELL,100.01,200,3,False
100424,0.303047,ADD,BUY,99.98,200,2,False
100425,0.303771,ADD,BUY,99.96,100,1,False
100426,0.303925,ADD,BUY,100.04,100,5,False
100201,0.304435,EXECUTE,BUY,100.04,100,5,False
100427,0.304574,ADD,BUY,99.99,300,4,False
100428,0.305295,ADD,BUY,100.0,500,6,False
100429,0.305514,ADD,BUY,99.97,200,3,False
100430,0.306018,ADD,SELL,99.95,300,2,False
100216,0.306193,EXECUTE,SELL,100.01,100,5,False
100431,0.306914,ADD,BUY,99.96,1000,2,False
100432,0.307896,ADD,SELL,100.01,500,1,False
100433,0.308076,ADD,SELL,100.0,100,2,False
100434,0.308835,ADD,BUY,100.04,500,4,False
100435,0.309544,ADD,SELL,99.99,15000,11,True
100436,0.309662,ADD,BUY,99.97,200,5,False
100275,0.310426,CANCEL,SELL,100.0,10000,11,True
100437,0.311255,ADD,BUY,99.96,200,5,False
100438,0.311372,ADD,BUY,100.03,300,5,False
100439,0.311767,ADD,SELL,99.97,200,10,False
100440,0.312735,ADD,SELL,99.98,300,4,False
100441,0.313465,ADD,SELL,99.97,300,3,False
100295,0.313813,CANCEL,BUY,99.99,100,5,False
100367,0.314703,EXECUTE,BUY,99.96,200,1,False
100442,0.315441,ADD,SELL,100.0,200,5,False
100443,0.315715,ADD,BUY,99.95,200,2,False
100342,0.315834,EXECUTE,SELL,100.04,100,6,False
100444,0.316217,ADD,SELL,100.01,500,10,False
100027,0.316528,CANCEL,SELL,100.04,200,8,False
100445,0.316882,ADD,BUY,99.99,100,5,False
100446,0.317275,ADD,SELL,99.96,100,6,False
100394,0.317744,EXECUTE,BUY,100.01,1000,9,False
100447,0.317929,ADD,BUY,100.03,200,3,False
100448,0.318045,ADD,BUY,100.02,300,7,False
100418,0.318374,EXECUTE,SELL,100.0,300,9,False
100449,0.319139,ADD,SELL,100.0,100,4,False
100423,0.319307,EXECUTE,SELL,100.01,200,3,False
100343,0.320252,EXECUTE,SELL,100.02,100,2,False
100450,0.320494,ADD,BUY,99.98,200,3,False
100451,0.320685,ADD,BUY,100.0,200,9,False
100452,0.321333,ADD,BUY,100.04,300,2,False
100453,0.321585,ADD,BUY,100.0,300,7,False
100451,0.322347,EXECUTE,BUY,100.0,200,9,False
100454,0.323102,ADD,SELL,100.03,100,4,False
100352,0.324064,EXECUTE,SELL,100.04,300,10,False
100455,0.324691,ADD,SELL,99.99,200,8,False
100456,0.325581,ADD,BUY,99.97,300,5,False
100457,0.326571,ADD,SELL,99.99,200,2,False
100299,0.3272,EXECUTE,SELL,100.0,100,5,False
100306,0.327836,CANCEL,SELL,100.02,300,2,False
100458,0.328316,ADD,BUY,99.97,100,10,False
100459,0.328588,ADD,SELL,100.0,15000,11,True
100460,0.328977,ADD,SELL,100.03,100,1,False
100461,0.32913,ADD,SELL,100.05,100,9,False
100123,0.329917,EXECUTE,BUY,100.04,200,8,False
100231,0.330867,EXECUTE,BUY,100.0,200,2,False
100462,0.331549,ADD,BUY,99.95,300,3,False
100463,0.331688,ADD,SELL,100.03,100,1,False
100464,0.331997,ADD,BUY,99.99,200,3,False
100233,0.332311,EXECUTE,BUY,100.02,100,4,False
100465,0.332951,ADD,SELL,100.01,10000,11,True
100466,0.333877,ADD,SELL,99.99,100,1,False
100467,0.334703,ADD,BUY,99.99,5000,11,True
100468,0.335072,ADD,SELL,99.97,200,1,False
100469,0.336069,ADD,SELL,99.98,100,7,False
100453,0.336589,EXECUTE,BUY,100.0,300,7,False
100470,0.337255,ADD,SELL,100.03,500,10,False
100471,0.337447,ADD,SELL,100.05,200,4,False
100385,0.337585,CANCEL,BUY,100.0,20000,11,True
100472,0.338269,ADD,SELL,99.97,200,3,False
100473,0.338829,ADD,SELL,99.99,300,4,False
100474,0.339516,ADD,SELL,99.97,100,8,False
100241,0.34024,EXECUTE,SELL,100.01,500,6,False
100475,0.340374,ADD,SELL,100.03,200,6,False
100280,0.34063,CANCEL,BUY,100.01,10000,11,True
100476,0.341607,ADD,BUY,100.02,300,1,False
100446,0.342141,EXECUTE,SELL,99.96,100,6,False
100477,0.342646,ADD,BUY,99.96,500,9,False
100478,0.342999,ADD,BUY,99.98,300,4,False
100479,0.343495,ADD,SELL,100.01,300,1,False
100414,0.343642,EXECUTE,BUY,100.05,100,9,False
100480,0.344594,ADD,SELL,99.98,200,5,False
100481,0.344939,ADD,SELL,100.04,500,6,False
100482,0.345856,ADD,BUY,99.96,300,9,False
100483,0.346832,ADD,BUY,99.97,1000,6,False
100484,0.34703,ADD,BUY,100.01,15000,11,True
100159,0.347482,EXECUTE,BUY,100.0,1000,2,False
100485,0.347753,ADD,BUY,100.03,200,1,False
100486,0.348279,ADD,SELL,100.05,200,3,False
100487,0.348677,ADD,SELL,100.03,100,3,False
100488,0.349001,ADD,SELL,100.01,1000,5,False
100489,0.34937,ADD,SELL,100.04,100,8,False
100255,0.349551,CANCEL,BUY,100.02,200,4,False
100490,0.349887,ADD,SELL,99.97,200,8,False
100437,0.350387,CANCEL,BUY,99.96,200,5,False
100491,0.350671,ADD,BUY,100.02,300,5,False
100492,0.35093,ADD,BUY,99.99,300,7,False
100315,0.351382,CANCEL,SELL,99.98,200,8,False
100493,0.352116,ADD,BUY,100.0,200,4,False
100494,0.352829,ADD,SELL,99.96,300,5,False
100333,0.353717,EXECUTE,BUY,100.03,200,7,False
100495,0.354315,ADD,BUY,99.98,100,9,False
100149,0.354869,EXECUTE,SELL,99.96,1000,8,False
100496,0.355267,ADD,BUY,100.04,200,8,False
100497,0.356114,ADD,BUY,99.97,300,9,False
100236,0.356362,EXECUTE,SELL,99.97,200,7,False
100498,0.356733,ADD,BUY,100.03,100,4,False
100499,0.357612,ADD,SELL,100.02,100,8,False
100366,0.358352,CANCEL,BUY,99.96,1000,5,False
100500,0.358933,ADD,SELL,100.0,100,7,False
100501,0.359661,ADD,SELL,100.03,100,9,False
100457,0.359953,EXECUTE,SELL,99.99,200,2,False
100502,0.360284,ADD,SELL,99.98,1000,6,False
100503,0.360986,ADD,BUY,100.01,15000,11,True
100088,0.361463,CANCEL,SELL,100.03,300,5,False
100504,0.362285,ADD,SELL,100.05,300,2,False
100505,0.363178,ADD,SELL,100.0,200,8,False
100339,0.363642,CANCEL,SELL,99.97,300,3,False
100400,0.364079,CANCEL,SELL,100.02,200,10,False
100506,0.364302,ADD,BUY,100.02,100,2,False
100507,0.364617,ADD,BUY,99.96,100,10,False
100466,0.365204,EXECUTE,SELL,99.99,100,1,False
100111,0.365724,EXECUTE,BUY,99.99,300,2,False
100441,0.366008,EXECUTE,SELL,99.97,300,3,False
100508,0.366891,ADD,SELL,99.95,200,3,False
100509,0.367695,ADD,SELL,100.04,500,8,False
100510,0.368253,ADD,BUY,99.98,1000,7,False
100388,0.368561,EXECUTE,SELL,99.99,100,9,False
100408,0.369499,EXECUTE,SELL,99.99,100,7,False
100281,0.369909,EXECUTE,SELL,100.0,10000,11,True
100511,0.370694,ADD,BUY,100.02,200,10,False
100512,0.37138,ADD,SELL,99.99,15000,11,True
100513,0.372039,ADD,BUY,100.05,100,5,False
100514,0.37301,ADD,SELL,99.98,100,7,False
100513,0.373685,EXECUTE,BUY,100.05,100,5,False
100515,0.373907,ADD,SELL,100.03,200,9,False
100516,0.374044,ADD,SELL,99.95,200,4,False
100517,0.375019,ADD,BUY,100.02,300,4,False
100228,0.375645,CANCEL,BUY,99.98,100,3,False
100518,0.375975,ADD,BUY,100.03,200,2,False
100519,0.376852,ADD,BUY,100.03,200,1,False
100520,0.377031,ADD,SELL,99.95,200,7,False
100428,0.377238,EXECUTE,BUY,100.0,500,6,False
100521,0.377831,ADD,BUY,99.99,200,7,False
100522,0.378476,ADD,BUY,100.0,10000,11,True
100523,0.379286,ADD,BUY,100.01,500,2,False
100524,0.380146,ADD,SELL,99.96,200,1,False
100525,0.380483,ADD,SELL,99.97,100,1,False
100526,0.381184,ADD,BUY,99.96,500,5,False
100126,0.38163,EXECUTE,BUY,99.97,100,3,False
100297,0.382577,EXECUTE,SELL,100.04,200,5,False
100527,0.382749,ADD,SELL,100.0,200,8,False
100528,0.383396,ADD,SELL,100.02,200,3,False
100529,0.384009,ADD,BUY,99.99,5000,11,True
100530,0.384541,ADD,BUY,99.95,200,8,False
100531,0.385087,ADD,BUY,100.0,100,5,False
100434,0.38584,EXECUTE,BUY,100.04,500,4,False
100532,0.386362,ADD,BUY,99.99,5000,11,True
100533,0.387125,ADD,SELL,100.05,200,8,False
100534,0.387686,ADD,SELL,100.0,300,9,False
100535,0.387802,ADD,SELL,100.02,300,1,False
100536,0.388429,ADD,BUY,100.02,200,9,False
100170,0.389258,EXECUTE,BUY,99.99,500,8,False
100444,0.390005,EXECUTE,SELL,100.01,500,10,False
100211,0.390332,CANCEL,BUY,99.95,1000,8,False
100537,0.391275,ADD,BUY,99.99,500,8,False
100363,0.391604,EXECUTE,SELL,100.04,200,2,False
100113,0.392232,CANCEL,BUY,100.03,100,1,False
100461,0.392645,EXECUTE,SELL,100.05,100,9,False
100538,0.393371,ADD,SELL,99.97,200,7,False
100517,0.394203,EXECUTE,BUY,100.02,300,4,False
100539,0.394723,ADD,SELL,99.99,100,4,False
100540,0.394991,ADD,SELL,99.97,300,6,False
100421,0.395342,CANCEL,SELL,99.96,200,3,False
100541,0.395983,ADD,BUY,100.03,200,7,False
100542,0.3968,ADD,SELL,99.97,200,6,False
100522,0.397529,CANCEL,BUY,100.0,10000,11,True
100447,0.397845,CANCEL,BUY,100.03,200,3,False
100543,0.398703,ADD,SELL,100.0,200,2,False
100544,0.399276,ADD,BUY,99.96,200,6,False
100545,0.399844,ADD,BUY,100.04,300,9,False
100546,0.40075,ADD,BUY,100.02,300,2,False
100547,0.40124,ADD,BUY,100.0,100,10,False
100548,0.401489,ADD,BUY,100.03,200,2,False
100549,0.402283,ADD,SELL,99.99,100,1,False
100550,0.402471,ADD,BUY,100.04,200,3,False
100551,0.403409,ADD,SELL,100.03,300,7,False
100552,0.40387,ADD,BUY,100.01,300,5,False
100553,0.404041,ADD,SELL,100.02,200,4,False
100276,0.404943,EXECUTE,BUY,100.02,500,9,False
100532,0.405849,CANCEL,BUY,99.99,5000,11,True
100554,0.406518,ADD,SELL,99.95,100,8,False
100555,0.407413,ADD,SELL,100.03,300,10,False
100556,0.407757,ADD,SELL,100.0,300,6,False
100557,0.408494,ADD,SELL,100.03,200,1,False
100558,0.409068,ADD,SELL,100.05,200,7,False
100559,0.40917,ADD,BUY,100.01,100,3,False
100560,0.410096,ADD,BUY,100.03,200,3,False
100561,0.410531,ADD,SELL,99.99,300,1,False
100562,0.4112,ADD,SELL,99.96,200,7,False
100563,0.412099,ADD,BUY,99.99,200,10,False
100564,0.41229,ADD,BUY,100.05,500,9,False
100565,0.412516,ADD,SELL,99.98,100,6,False
100566,0.412922,ADD,SELL,99.99,300,10,False
100567,0.413168,ADD,BUY,100.05,300,8,False
100486,0.413834,EXECUTE,SELL,100.05,200,3,False
100568,0.414249,ADD,SELL,100.03,100,9,False
100569,0.415081,ADD,SELL,99.96,500,6,False
100478,0.415839,EXECUTE,BUY,99.98,300,4,False
100537,0.416011,EXECUTE,BUY,99.99,500,8,False
100395,0.416989,CANCEL,BUY,100.01,5000,11,True
100570,0.417581,ADD,BUY,99.96,200,1,False
100427,0.417748,EXECUTE,BUY,99.99,300,4,False
100551,0.418536,EXECUTE,SELL,100.03,300,7,False
100571,0.419141,ADD,BUY,100.04,100,9,False
100572,0.419293,ADD,BUY,100.03,300,4,False
100573,0.420215,ADD,SELL,99.98,500,10,False
100574,0.42046,ADD,SELL,100.05,100,3,False
100575,0.421383,ADD,BUY,99.96,300,2,False
100438,0.421787,CANCEL,BUY,100.03,300,5,False
100576,0.422237,ADD,BUY,99.95,300,6,False
100577,0.422968,ADD,BUY,99.99,100,6,False
100578,0.423636,ADD,BUY,99.99,200,1,False
100579,0.423971,ADD,BUY,100.04,500,5,False
100580,0.42454,ADD,BUY,99.97,200,2,False
100581,0.425329,ADD,SELL,100.05,300,8,False
100582,0.425647,ADD,BUY,99.97,100,5,False
100583,0.426532,ADD,SELL,100.0,500,3,False
100584,0.427501,ADD,BUY,99.95,100,6,False
100585,0.428371,ADD,SELL,100.01,300,5,False
100586,0.429179,ADD,SELL,100.03,500,1,False
100587,0.430072,ADD,BUY,100.01,300,4,False
100588,0.430612,ADD,SELL,100.04,100,7,False
100589,0.431176,ADD,BUY,100.04,300,5,False
100590,0.432043,ADD,BUY,100.0,500,4,False
100591,0.432934,ADD,SELL,100.03,100,7,False
100592,0.433341,ADD,BUY,99.99,500,8,False
100298,0.434103,EXECUTE,BUY,99.99,100,3,False
100593,0.434238,ADD,BUY,99.98,1000,2,False
100594,0.434969,ADD,BUY,100.01,100,1,False
100595,0.435565,ADD,BUY,100.02,200,7,False
100329,0.435865,CANCEL,SELL,99.99,1000,3,False
100596,0.43663,ADD,SELL,100.0,15000,11,True
100262,0.437218,EXECUTE,BUY,100.04,100,10,False
100597,0.437644,ADD,BUY,100.02,200,2,False
100584,0.438547,EXECUTE,BUY,99.95,100,6,False
100598,0.439039,ADD,BUY,100.0,20000,11,True
100599,0.439868,ADD,BUY,100.01,100,7,False
100600,0.440053,ADD,SELL,100.03,200,6,False
100601,0.440276,ADD,BUY,100.0,1000,8,False
100602,0.440962,ADD,SELL,99.99,500,4,False
100193,0.441621,EXECUTE,SELL,99.95,100,10,False
100603,0.442486,ADD,BUY,99.96,100,8,False
100604,0.443052,ADD,SELL,100.03,100,8,False
100587,0.443204,EXECUTE,BUY,100.01,300,4,False
100480,0.443906,EXECUTE,SELL,99.98,200,5,False
100605,0.44459,ADD,SELL,99.95,100,9,False
100606,0.445387,ADD,SELL,100.0,200,10,False
100607,0.44553,ADD,BUY,99.96,300,7,False
100608,0.44635,ADD,BUY,100.03,100,8,False
100419,0.447293,EXECUTE,SELL,100.0,100,7,False
100609,0.447597,ADD,BUY,99.99,100,6,False
100610,0.448159,ADD,SELL,99.96,200,9,False
100287,0.448759,EXECUTE,SELL,100.03,200,3,False
100611,0.44907,ADD,SELL,99.99,200,3,False
100612,0.449467,ADD,BUY,100.02,100,1,False
100613,0.450009,ADD,BUY,100.0,300,9,False
100614,0.450857,ADD,SELL,99.97,200,8,False
100470,0.451447,EXECUTE,SELL,100.03,500,10,False
100615,0.452253,ADD,SELL,100.01,200,9,False
100616,0.452912,ADD,SELL,99.97,200,6,False
100617,0.453407,ADD,SELL,100.02,100,5,False
100618,0.454219,ADD,BUY,99.99,100,9,False
100619,0.454577,ADD,SELL,100.04,300,3,False
100620,0.455336,ADD,BUY,100.05,500,4,False
100621,0.455865,ADD,BUY,100.01,1000,4,False
100622,0.456237,ADD,SELL,99.98,100,2,False
100623,0.456624,ADD,BUY,100.01,20000,11,True
100624,0.45752,ADD,SELL,99.96,300,4,False
100623,0.457747,CANCEL,BUY,100.01,20000,11,True
100625,0.4586,ADD,SELL,99.97,300,2,False
100398,0.459401,EXECUTE,SELL,100.04,1000,3,False
100626,0.460105,ADD,BUY,100.02,300,1,False
100627,0.460282,ADD,SELL,99.96,200,8,False
100405,0.460994,CANCEL,SELL,100.01,500,10,False
100628,0.461303,ADD,BUY,99.99,200,6,False
100629,0.4616,ADD,BUY,99.98,200,5,False
100630,0.46239,ADD,SELL,100.04,200,7,False
100101,0.462826,EXECUTE,SELL,100.01,200,10,False
100631,0.463132,ADD,BUY,100.0,20000,11,True
100263,0.463505,EXECUTE,SELL,99.95,1000,8,False
100632,0.464155,ADD,SELL,99.97,500,2,False
100633,0.465149,ADD,BUY,99.96,100,3,False
100634,0.465341,ADD,BUY,100.04,100,4,False
100635,0.466298,ADD,SELL,99.99,15000,11,True
100636,0.466809,ADD,SELL,100.03,300,10,False
100637,0.467358,ADD,SELL,100.02,200,7,False
100638,0.467971,ADD,BUY,100.04,200,10,False
100639,0.46877,ADD,SELL,100.01,100,6,False
100640,0.469372,ADD,SELL,100.04,100,8,False
100324,0.4696,EXECUTE,BUY,100.03,100,10,False
100641,0.470024,ADD,BUY,99.97,100,9,False
100642,0.470666,ADD,BUY,100.02,100,7,False
100436,0.47166,EXECUTE,BUY,99.97,200,5,False
100593,0.471831,EXECUTE,BUY,99.98,1000,2,False
100643,0.472065,ADD,SELL,100.02,200,10,False
100644,0.472367,ADD,SELL,100.04,100,7,False
100318,0.472638,CANCEL,SELL,99.96,100,10,False
100214,0.472985,CANCEL,BUY,100.01,200,7,False
100645,0.473151,ADD,BUY,99.99,300,10,False
100646,0.473414,ADD,SELL,99.99,15000,11,True
100647,0.473751,ADD,BUY,100.01,15000,11,True
100648,0.474489,ADD,BUY,100.03,200,6,False
100649,0.475144,ADD,SELL,99.98,100,4,False
100650,0.475388,ADD,BUY,100.03,100,7,False
100651,0.476081,ADD,BUY,99.97,100,1,False
100652,0.476654,ADD,BUY,100.0,300,8,False
100653,0.476826,ADD,BUY,99.97,500,3,False
100654,0.4773,ADD,SELL,100.03,100,8,False
100481,0.478086,EXECUTE,SELL,100.04,500,6,False
100655,0.478453,ADD,SELL,99.97,500,5,False
100656,0.478646,ADD,BUY,100.03,200,5,False
100657,0.479257,ADD,SELL,100.03,100,6,False
100658,0.480149,ADD,SELL,99.99,100,8,False
100659,0.480493,ADD,BUY,100.03,200,6,False
100660,0.480615,ADD,SELL,99.99,100,10,False
100661,0.480936,ADD,SELL,99.97,200,9,False
100321,0.481891,EXECUTE,BUY,100.01,1000,10,False
100662,0.48204,ADD,BUY,100.02,200,10,False
100663,0.482808,ADD,BUY,100.0,200,8,False
100607,0.483446,CANCEL,BUY,99.96,300,7,False
100202,0.48429,EXECUTE,BUY,99.98,100,6,False
100509,0.485219,CANCEL,SELL,100.04,500,8,False
100403,0.486011,EXECUTE,BUY,100.01,200,1,False
100664,0.486713,ADD,BUY,99.98,100,1,False
100665,0.486964,ADD,BUY,100.0,300,6,False
100666,0.487696,ADD,SELL,100.03,100,5,False
100667,0.488094,ADD,SELL,100.01,100,7,False
100440,0.488251,CANCEL,SELL,99.98,300,4,False
100167,0.488515,EXECUTE,BUY,99.99,100,8,False
100668,0.489318,ADD,SELL,100.03,200,10,False
100669,0.489566,ADD,SELL,99.96,100,6,False
100670,0.489739,ADD,BUY,100.01,300,10,False
100671,0.49065,ADD,BUY,100.0,300,4,False
100397,0.491504,EXECUTE,SELL,100.04,1000,6,False
100672,0.492311,ADD,SELL,100.03,300,6,False
100673,0.492725,ADD,SELL,99.99,500,5,False
100674,0.49283,ADD,BUY,99.99,300,9,False
100675,0.493269,ADD,SELL,99.99,100,1,False
100583,0.493557,EXECUTE,SELL,100.0,500,3,False
100676,0.494425,ADD,SELL,100.04,300,3,False
100677,0.49467,ADD,SELL,100.0,500,6,False
100468,0.49495,CANCEL,SELL,99.97,200,1,False
100678,0.495093,ADD,BUY,100.03,300,4,False
100679,0.49553,ADD,BUY,100.01,100,4,False
100203,0.496076,EXECUTE,SELL,99.96,200,1,False
100680,0.496884,ADD,SELL,100.0,100,5,False
100681,0.497413,ADD,SELL,99.99,200,10,False
100682,0.497929,ADD,BUY,99.98,300,2,False
100683,0.498679,ADD,SELL,100.04,100,4,False
100684,0.499164,ADD,BUY,100.02,100,3,False
100685,0.500072,ADD,SELL,99.95,100,5,False
100686,0.50052,ADD,SELL,99.99,500,5,False
100029,0.500726,CANCEL,BUY,100.0,100,3,False
100687,0.501007,ADD,BUY,99.95,100,4,False
100688,0.501132,ADD,SELL,99.97,300,8,False
100689,0.501438,ADD,BUY,99.95,200,2,False
100690,0.501905,ADD,BUY,99.97,100,10,False
100691,0.50278,ADD,BUY,99.97,100,9,False
100692,0.50325,ADD,BUY,100.04,300,8,False
100693,0.503819,ADD,BUY,99.98,300,2,False
100694,0.503923,ADD,SELL,99.99,100,5,False
100695,0.504747,ADD,SELL,100.04,100,8,False
100696,0.505542,ADD,BUY,99.99,100,10,False
100199,0.506376,EXECUTE,BUY,100.05,100,5,False
100697,0.507034,ADD,BUY,100.01,300,5,False
100698,0.507485,ADD,SELL,100.03,200,9,False
100699,0.507997,ADD,BUY,100.04,200,9,False
100700,0.508278,ADD,SELL,100.01,100,10,False
100701,0.508382,ADD,SELL,100.03,200,10,False
100599,0.509036,EXECUTE,BUY,100.01,100,7,False
100702,0.509688,ADD,BUY,100.04,500,6,False
100703,0.510469,ADD,BUY,100.0,15000,11,True
100704,0.510601,ADD,SELL,100.0,100,3,False
100609,0.511384,EXECUTE,BUY,99.99,100,6,False
100705,0.512007,ADD,BUY,100.01,200,2,False
100102,0.512259,CANCEL,SELL,100.03,100,8,False
100706,0.512548,ADD,BUY,100.01,300,8,False
100691,0.513269,EXECUTE,BUY,99.97,100,9,False
100635,0.514252,CANCEL,SELL,99.99,15000,11,True
100632,0.514684,EXECUTE,SELL,99.97,500,2,False
100707,0.515271,ADD,SELL,99.97,100,10,False
100708,0.515676,ADD,SELL,100.03,300,8,False
100701,0.51644,EXECUTE,SELL,100.03,200,10,False
100558,0.516774,CANCEL,SELL,100.05,200,7,False
100525,0.517354,EXECUTE,SELL,99.97,100,1,False
100709,0.51833,ADD,BUY,100.02,500,1,False
100555,0.518507,EXECUTE,SELL,100.03,300,10,False
100710,0.518961,ADD,SELL,100.05,1000,7,False
100711,0.519374,ADD,SELL,99.98,300,9,False
100155,0.519703,EXECUTE,SELL,100.02,100,3,False
100712,0.520547,ADD,BUY,100.01,100,4,False
100713,0.521121,ADD,SELL,100.02,200,4,False
100714,0.522025,ADD,SELL,100.01,100,6,False
100547,0.522999,EXECUTE,BUY,100.0,100,10,False
100715,0.523642,ADD,BUY,100.03,100,2,False
100699,0.524595,EXECUTE,BUY,100.04,200,9,False
100716,0.525499,ADD,BUY,100.02,300,7,False
100679,0.526066,EXECUTE,BUY,100.01,100,4,False
100717,0.526257,ADD,BUY,100.01,200,1,False
100718,0.526674,ADD,SELL,100.01,100,7,False
100060,0.526994,CANCEL,BUY,100.0,200,3,False
100719,0.527421,ADD,BUY,100.0,10000,11,True
100720,0.527875,ADD,SELL,99.95,100,1,False
100721,0.528173,ADD,SELL,100.02,500,8,False
100722,0.528402,ADD,BUY,100.03,200,1,False
100723,0.528881,ADD,BUY,99.96,300,5,False
100724,0.529138,ADD,SELL,99.95,300,1,False
100725,0.529748,ADD,SELL,99.95,200,5,False
100726,0.530298,ADD,BUY,99.96,100,10,False
100112,0.531249,CANCEL,SELL,99.97,100,7,False
100727,0.531752,ADD,SELL,99.98,300,3,False
100728,0.532287,ADD,BUY,100.0,20000,11,True
100729,0.533136,ADD,BUY,100.02,500,9,False
100504,0.533477,EXECUTE,SELL,100.05,300,2,False
100730,0.533661,ADD,BUY,99.97,300,2,False
100374,0.53454,EXECUTE,BUY,100.01,300,8,False
100731,0.535497,ADD,BUY,100.02,200,2,False
100732,0.535972,ADD,SELL,100.0,300,8,False
100733,0.536086,ADD,SELL,99.99,1000,6,False
100734,0.536375,ADD,BUY,100.0,300,7,False
100735,0.536619,ADD,SELL,100.04,100,1,False
100736,0.537531,ADD,BUY,100.01,300,6,False
100737,0.538013,ADD,BUY,99.95,1000,4,False
100738,0.538794,ADD,SELL,99.96,1000,9,False
100739,0.53902,ADD,BUY,100.03,100,3,False
100740,0.539543,ADD,SELL,100.04,100,9,False
100741,0.539834,ADD,BUY,99.97,100,1,False
100546,0.53996,EXECUTE,BUY,100.02,300,2,False
100742,0.540616,ADD,BUY,100.04,1000,10,False
100743,0.541224,ADD,SELL,99.95,500,8,False
100543,0.5422,EXECUTE,SELL,100.0,200,2,False
100744,0.542772,ADD,BUY,99.97,300,9,False
100476,0.54348,EXECUTE,BUY,100.02,300,1,False
100745,0.543945,ADD,SELL,100.01,1000,8,False
100746,0.544807,ADD,SELL,99.97,100,5,False
100747,0.545692,ADD,BUY,99.99,300,7,False
100748,0.546315,ADD,SELL,100.05,100,7,False
100749,0.546548,ADD,BUY,100.03,200,1,False
100529,0.547357,CANCEL,BUY,99.99,5000,11,True
100750,0.548319,ADD,SELL,99.96,100,3,False
100751,0.548769,ADD,BUY,100.02,100,2,False
100752,0.549494,ADD,BUY,100.01,200,5,False
100449,0.549648,EXECUTE,SELL,100.0,100,4,False
100687,0.550552,EXECUTE,BUY,99.95,100,4,False
100753,0.550893,ADD,BUY,100.04,300,9,False
100754,0.551249,ADD,BUY,100.04,100,2,False
100755,0.551469,ADD,BUY,99.97,100,5,False
100756,0.551944,ADD,SELL,100.01,200,6,False
100757,0.552183,ADD,BUY,99.98,200,6,False
100758,0.552946,ADD,BUY,99.98,500,4,False
100759,0.553781,ADD,BUY,99.98,300,5,False
100615,0.554709,EXECUTE,SELL,100.01,200,9,False
100760,0.555603,ADD,BUY,100.02,200,9,False
100761,0.556061,ADD,BUY,100.05,1000,5,False
100762,0.556421,ADD,SELL,100.03,1000,7,False
100616,0.556771,EXECUTE,SELL,99.97,200,6,False
100380,0.557138,EXECUTE,SELL,100.03,1000,7,False
100128,0.557307,EXECUTE,SELL,100.02,200,3,False
100763,0.557787,ADD,BUY,100.01,200,1,False
100764,0.558652,ADD,SELL,99.97,100,2,False
100656,0.559244,EXECUTE,BUY,100.03,200,5,False
100765,0.559632,ADD,SELL,99.98,200,8,False
100766,0.560324,ADD,SELL,99.98,100,2,False
100767,0.561239,ADD,SELL,99.97,1000,9,False
100768,0.562051,ADD,SELL,100.04,100,5,False
100769,0.562782,ADD,SELL,99.97,200,5,False
100755,0.563655,EXECUTE,BUY,99.97,100,5,False
100770,0.564606,ADD,BUY,99.99,300,6,False
100771,0.565027,ADD,BUY,99.95,500,3,False
100772,0.565563,ADD,SELL,100.0,300,10,False
100773,0.566412,ADD,BUY,99.97,200,10,False
100774,0.567275,ADD,SELL,99.99,5000,11,True
100775,0.567629,ADD,BUY,99.96,500,8,False
100776,0.568242,ADD,SELL,99.99,200,8,False
100777,0.568914,ADD,BUY,100.02,300,1,False
100778,0.569696,ADD,BUY,100.02,100,10,False
100779,0.570577,ADD,SELL,99.96,300,2,False
100657,0.570994,EXECUTE,SELL,100.03,100,6,False
100780,0.571386,ADD,SELL,100.03,300,6,False
100698,0.571878,CANCEL,SELL,100.03,200,9,False
100348,0.572294,CANCEL,SELL,100.0,300,7,False
100781,0.572991,ADD,SELL,100.02,500,8,False
100782,0.573583,ADD,SELL,100.02,100,1,False
100783,0.574289,ADD,BUY,100.0,10000,11,True
100568,0.574801,EXECUTE,SELL,100.03,100,9,False
100784,0.57564,ADD,SELL,99.97,500,4,False
100785,0.576246,ADD,BUY,100.01,300,3,False
100577,0.576496,CANCEL,BUY,99.99,100,6,False
100786,0.577423,ADD,SELL,100.04,200,7,False
100787,0.578206,ADD,BUY,99.98,1000,1,False
100788,0.578881,ADD,BUY,100.05,300,2,False
100559,0.579831,EXECUTE,BUY,100.01,100,3,False
100789,0.580127,ADD,SELL,100.0,200,9,False
100790,0.580849,ADD,SELL,100.04,300,6,False
100791,0.581526,ADD,BUY,99.96,100,9,False
100512,0.581772,CANCEL,SELL,99.99,15000,11,True
100792,0.582096,ADD,SELL,100.05,100,9,False
100793,0.582322,ADD,BUY,100.04,100,2,False
100794,0.5828,ADD,BUY,99.98,100,7,False
100795,0.5832,ADD,SELL,99.96,500,3,False
100796,0.584034,ADD,BUY,100.02,200,3,False
100092,0.58419,CANCEL,SELL,99.96,200,4,False
100797,0.584394,ADD,BUY,100.01,1000,1,False
100798,0.584669,ADD,SELL,99.96,300,3,False
100799,0.585511,ADD,BUY,99.99,10000,11,True
100800,0.58616,ADD,BUY,100.01,200,10,False
100801,0.586653,ADD,SELL,99.97,300,5,False
100802,0.587231,ADD,SELL,100.03,100,3,False
100803,0.588118,ADD,BUY,100.04,200,8,False
100804,0.5889,ADD,BUY,100.05,200,2,False
100243,0.589521,EXECUTE,SELL,100.04,1000,3,False
100393,0.589975,CANCEL,SELL,100.02,200,1,False
100356,0.590718,EXECUTE,BUY,100.04,300,8,False
100805,0.591631,ADD,SELL,99.99,300,10,False
100806,0.592481,ADD,BUY,100.01,10000,11,True
100807,0.593341,ADD,SELL,99.96,100,6,False
100808,0.593485,ADD,SELL,100.03,100,3,False
100794,0.593879,EXECUTE,BUY,99.98,100,7,False
100259,0.594445,CANCEL,BUY,100.03,200,9,False
100809,0.594958,ADD,SELL,100.03,100,9,False
100810,0.595951,ADD,SELL,100.04,200,6,False
100612,0.596282,EXECUTE,BUY,100.02,100,1,False
100811,0.596732,ADD,SELL,100.01,20000,11,True
100812,0.596987,ADD,SELL,99.98,200,9,False
100592,0.597668,CANCEL,BUY,99.99,500,8,False
100813,0.598096,ADD,SELL,99.97,500,3,False
100814,0.598786,ADD,SELL,100.01,15000,11,True
100815,0.599077,ADD,BUY,99.99,100,4,False
100816,0.599947,ADD,BUY,100.01,100,4,False
100817,0.600672,ADD,BUY,99.95,200,9,False
100818,0.60087,ADD,BUY,99.95,300,10,False
100819,0.601574,ADD,SELL,99.99,300,6,False
100820,0.602217,ADD,SELL,100.03,300,7,False
100197,0.603141,CANCEL,BUY,100.0,5000,11,True
100821,0.603337,ADD,BUY,99.95,300,2,False
100541,0.604317,EXECUTE,BUY,100.03,200,7,False
100822,0.604554,ADD,BUY,100.03,100,9,False
100823,0.604697,ADD,BUY,100.04,100,10,False
100304,0.60506,EXECUTE,BUY,100.03,200,10,False
100824,0.605868,ADD,BUY,100.04,200,3,False
100125,0.606451,EXECUTE,BUY,100.03,300,3,False
100825,0.607137,ADD,SELL,100.0,15000,11,True
100826,0.607393,ADD,BUY,100.05,300,8,False
100827,0.608389,ADD,SELL,99.96,200,8,False
100828,0.609089,ADD,SELL,100.01,100,5,False
100019,0.609944,CANCEL,BUY,99.99,100,5,False
100829,0.610428,ADD,BUY,100.05,100,1,False
100830,0.611011,ADD,BUY,100.03,200,2,False
100831,0.611191,ADD,BUY,99.97,100,4,False
100785,0.611732,EXECUTE,BUY,100.01,300,3,False
100832,0.611884,ADD,BUY,100.02,100,3,False
100700,0.612876,CANCEL,SELL,100.01,100,10,False
100833,0.613432,ADD,SELL,99.99,300,4,False
100834,0.614291,ADD,BUY,100.0,100,9,False
100353,0.615002,CANCEL,BUY,99.98,100,1,False
100835,0.61519,ADD,SELL,100.0,10000,11,True
100117,0.615781,EXECUTE,BUY,100.04,200,5,False
100068,0.616653,EXECUTE,SELL,100.02,200,1,False
100628,0.617168,EXECUTE,BUY,99.99,200,6,False
100836,0.617433,ADD,BUY,100.02,500,3,False
100837,0.61825,ADD,SELL,100.0,500,9,False
100838,0.61886,ADD,SELL,99.99,15000,11,True
100839,0.619371,ADD,SELL,100.02,200,4,False
100840,0.620255,ADD,BUY,100.01,300,2,False
100841,0.620386,ADD,SELL,100.01,100,5,False
100842,0.620536,ADD,SELL,99.99,10000,11,True
100843,0.621531,ADD,SELL,100.01,300,3,False
100844,0.622499,ADD,BUY,100.0,100,8,False
100372,0.623078,CANCEL,BUY,100.03,300,10,False
100845,0.623575,ADD,SELL,99.98,100,3,False
100846,0.624534,ADD,SELL,100.03,300,2,False
100666,0.62483,EXECUTE,SELL,100.03,100,5,False
100847,0.624947,ADD,BUY,99.98,200,6,False
100179,0.625378,CANCEL,SELL,99.99,10000,11,True
100848,0.625534,ADD,BUY,99.98,200,10,False
100831,0.625873,EXECUTE,BUY,99.97,100,4,False
100849,0.626362,ADD,SELL,99.99,300,1,False
100850,0.62669,ADD,BUY,100.04,500,7,False
100851,0.627119,ADD,SELL,100.04,200,4,False
100852,0.627414,ADD,BUY,100.01,200,5,False
100853,0.627698,ADD,SELL,99.97,200,10,False
100426,0.628162,EXECUTE,BUY,100.04,100,5,False
100854,0.628554,ADD,SELL,99.98,100,9,False
100848,0.629174,CANCEL,BUY,99.98,200,10,False
100855,0.630049,ADD,SELL,99.97,100,1,False
100856,0.630406,ADD,BUY,100.01,10000,11,True
100663,0.630896,EXECUTE,BUY,100.0,200,8,False
100754,0.63112,EXECUTE,BUY,100.04,100,2,False
100857,0.631279,ADD,BUY,100.05,200,6,False
100858,0.631684,ADD,SELL,99.97,100,5,False
100382,0.632377,EXECUTE,BUY,100.05,300,6,False
100859,0.633043,ADD,SELL,99.97,200,4,False
100477,0.633785,EXECUTE,BUY,99.96,500,9,False
100340,0.634399,EXECUTE,BUY,100.01,200,9,False
100860,0.635172,ADD,SELL,99.99,500,3,False
100861,0.635458,ADD,BUY,99.97,300,2,False
100862,0.636101,ADD,BUY,100.03,100,4,False
100863,0.636957,ADD,BUY,100.0,10000,11,True
100864,0.637091,ADD,SELL,100.02,200,4,False
100865,0.637198,ADD,SELL,100.02,300,10,False
100866,0.637859,ADD,SELL,99.95,200,8,False
100867,0.637971,ADD,BUY,100.01,200,8,False
100604,0.638661,EXECUTE,SELL,100.03,100,8,False
100868,0.639192,ADD,SELL,100.04,200,9,False
100869,0.639739,ADD,BUY,100.03,200,2,False
100789,0.640719,EXECUTE,SELL,100.0,200,9,False
100849,0.640961,EXECUTE,SELL,99.99,300,1,False
100795,0.641223,EXECUTE,SELL,99.96,500,3,False
100118,0.641984,CANCEL,BUY,99.98,300,8,False
100870,0.642129,ADD,BUY,99.97,300,2,False
100847,0.642424,EXECUTE,BUY,99.98,200,6,False
100871,0.643398,ADD,SELL,100.03,100,9,False
100475,0.64423,EXECUTE,SELL,100.03,200,6,False
100872,0.644912,ADD,SELL,100.02,100,3,False
100873,0.645069,ADD,SELL,99.99,200,7,False
100874,0.645828,ADD,SELL,100.02,300,3,False
100875,0.646487,ADD,SELL,99.96,100,4,False
100876,0.646687,ADD,SELL,100.04,500,8,False
100877,0.647427,ADD,SELL,99.95,100,1,False
100810,0.648106,EXECUTE,SELL,100.04,200,6,False
100878,0.648951,ADD,BUY,100.0,200,7,False
100879,0.649379,ADD,SELL,99.98,200,2,False
100880,0.649852,ADD,SELL,100.02,300,5,False
100827,0.650467,EXECUTE,SELL,99.96,200,8,False
100556,0.650661,EXECUTE,SELL,100.0,300,6,False
100881,0.651619,ADD,BUY,100.0,200,7,False
100505,0.65227,EXECUTE,SELL,100.0,200,8,False
100520,0.653073,EXECUTE,SELL,99.95,200,7,False
100882,0.653694,ADD,SELL,99.98,300,8,False
100883,0.65423,ADD,BUY,99.97,1000,10,False
100668,0.654385,EXECUTE,SELL,100.03,200,10,False
100884,0.655285,ADD,SELL,100.01,100,10,False
100885,0.655529,ADD,SELL,100.05,100,10,False
100886,0.656357,ADD,BUY,100.0,100,4,False
100887,0.657173,ADD,BUY,100.04,500,10,False
100888,0.658126,ADD,SELL,100.03,100,6,False
100889,0.658346,ADD,BUY,100.04,100,3,False
100350,0.659087,EXECUTE,SELL,99.96,200,5,False
100824,0.659844,EXECUTE,BUY,100.04,200,3,False
100890,0.660529,ADD,SELL,100.05,500,1,False
100891,0.661253,ADD,BUY,99.96,300,8,False
100542,0.662215,CANCEL,SELL,99.97,200,6,False
100892,0.66286,ADD,BUY,100.0,200,1,False
100893,0.663678,ADD,BUY,100.04,300,3,False
100894,0.664108,ADD,BUY,100.04,300,10,False
100895,0.664405,ADD,SELL,100.04,200,4,False
100896,0.664942,ADD,SELL,100.0,500,4,False
100897,0.665618,ADD,SELL,99.98,300,2,False
100898,0.666416,ADD,BUY,100.03,300,5,False
100899,0.667107,ADD,BUY,100.01,10000,11,True
100313,0.667625,EXECUTE,SELL,100.02,200,7,False
100900,0.668546,ADD,SELL,99.99,300,6,False
100901,0.669484,ADD,SELL,99.98,200,8,False
100748,0.670185,EXECUTE,SELL,100.05,100,7,False
100902,0.670959,ADD,SELL,100.01,15000,11,True
100903,0.671489,ADD,SELL,99.99,300,1,False
100904,0.671913,ADD,BUY,100.02,200,7,False
100905,0.672071,ADD,SELL,100.04,300,9,False
100906,0.672349,ADD,BUY,100.04,500,7,False
100907,0.673073,ADD,SELL,100.01,100,10,False
100908,0.673819,ADD,BUY,100.02,200,6,False
100909,0.674068,ADD,BUY,99.96,200,5,False
100910,0.674627,ADD,SELL,99.98,100,4,False
100911,0.674766,ADD,BUY,99.97,100,1,False
100912,0.675605,ADD,SELL,100.02,200,1,False
100913,0.676123,ADD,SELL,100.01,300,5,False
100914,0.676762,ADD,BUY,99.98,300,1,False
100915,0.677664,ADD,BUY,100.0,10000,11,True
100916,0.677909,ADD,BUY,99.99,100,2,False
100917,0.678408,ADD,BUY,99.99,100,7,False
100918,0.678585,ADD,SELL,100.02,100,6,False
100919,0.679524,ADD,BUY,99.98,300,1,False
100920,0.679674,ADD,SELL,99.95,100,4,False
100921,0.680525,ADD,SELL,100.02,1000,10,False
100922,0.681333,ADD,SELL,99.98,100,9,False
100923,0.682036,ADD,SELL,100.0,200,2,False
100924,0.682326,ADD,SELL,100.0,200,5,False
100925,0.682612,ADD,BUY,99.96,200,6,False
100926,0.683583,ADD,BUY,100.02,300,7,False
100927,0.683786,ADD,SELL,100.03,100,2,False
100854,0.684346,EXECUTE,SELL,99.98,100,9,False
100345,0.685286,CANCEL,SELL,99.99,5000,11,True
100928,0.685742,ADD,SELL,99.96,500,1,False
100257,0.686703,CANCEL,BUY,100.0,10000,11,True
100929,0.687208,ADD,SELL,100.01,20000,11,True
100930,0.687589,ADD,SELL,100.0,10000,11,True
100931,0.68804,ADD,SELL,99.99,100,9,False
100932,0.688644,ADD,BUY,100.0,200,1,False
100933,0.689635,ADD,BUY,99.95,200,9,False
100667,0.690208,CANCEL,SELL,100.01,100,7,False
100934,0.690323,ADD,BUY,100.01,200,3,False
100935,0.691288,ADD,BUY,100.02,100,10,False
100936,0.692273,ADD,BUY,99.98,1000,8,False
100937,0.693224,ADD,BUY,99.97,300,8,False
100626,0.693613,EXECUTE,BUY,100.02,300,1,False
100938,0.693787,ADD,BUY,100.0,200,6,False
100939,0.694696,ADD,SELL,99.97,200,4,False
100940,0.695654,ADD,SELL,99.98,200,2,False
100761,0.696168,CANCEL,BUY,100.05,1000,5,False
100941,0.696337,ADD,SELL,100.01,100,9,False
100942,0.697032,ADD,SELL,99.98,200,8,False
100943,0.697999,ADD,SELL,99.97,300,2,False
100944,0.69817,ADD,BUY,100.0,100,1,False
100781,0.698321,EXECUTE,SELL,100.02,500,8,False
100945,0.698526,ADD,SELL,100.0,100,6,False
100946,0.69887,ADD,BUY,100.0,20000,11,True
100597,0.699589,EXECUTE,BUY,100.02,200,2,False
100947,0.700158,ADD,SELL,100.03,200,2,False
100948,0.700282,ADD,SELL,99.99,200,2,False
100949,0.701089,ADD,SELL,100.0,10000,11,True
100950,0.701817,ADD,BUY,100.02,200,5,False
100247,0.702416,EXECUTE,SELL,99.98,100,9,False
100951,0.702747,ADD,SELL,100.01,1000,6,False
100952,0.703374,ADD,BUY,100.01,100,7,False
100953,0.703584,ADD,SELL,100.01,10000,11,True
100954,0.703799,ADD,SELL,100.03,300,9,False
100955,0.704116,ADD,SELL,99.97,300,6,False
100578,0.704565,CANCEL,BUY,99.99,200,1,False
100956,0.705126,ADD,SELL,100.03,1000,7,False
100957,0.705239,ADD,SELL,100.01,100,6,False
100787,0.706009,EXECUTE,BUY,99.98,1000,1,False
100958,0.706911,ADD,SELL,99.96,100,6,False
100531,0.707099,EXECUTE,BUY,100.0,100,5,False
100959,0.70727,ADD,SELL,100.01,100,6,False
100960,0.707482,ADD,BUY,100.03,200,5,False
100961,0.708387,ADD,SELL,100.04,200,9,False
100962,0.708688,ADD,BUY,99.97,500,10,False
100963,0.709404,ADD,SELL,100.04,500,1,False
100964,0.71013,ADD,BUY,100.02,200,9,False
100965,0.710362,ADD,BUY,99.98,100,9,False
100966,0.710839,ADD,BUY,100.01,500,5,False
100967,0.711527,ADD,SELL,100.04,200,4,False
100968,0.712285,ADD,SELL,100.02,100,8,False
100132,0.712423,EXECUTE,SELL,99.96,200,9,False
100969,0.713255,ADD,SELL,99.96,200,5,False
100842,0.71364,CANCEL,SELL,99.99,10000,11,True
100970,0.713992,ADD,SELL,99.95,100,2,False
100246,0.714244,EXECUTE,SELL,100.0,200,4,False
100971,0.714455,ADD,SELL,99.98,200,9,False
100972,0.714623,ADD,BUY,100.04,200,5,False
100973,0.715428,ADD,BUY,100.05,1000,7,False
100974,0.716398,ADD,SELL,100.0,500,6,False
100320,0.717373,EXECUTE,BUY,100.05,200,8,False
100915,0.718147,CANCEL,BUY,100.0,10000,11,True
100975,0.718766,ADD,BUY,100.02,100,7,False
100976,0.719473,ADD,SELL,100.05,200,4,False
100977,0.719632,ADD,BUY,99.96,200,1,False
100978,0.720269,ADD,BUY,100.05,100,4,False
100979,0.720676,ADD,SELL,99.97,500,5,False
100980,0.72141,ADD,SELL,99.96,100,7,False
100981,0.721701,ADD,BUY,99.99,10000,11,True
100982,0.722685,ADD,BUY,100.0,200,10,False
100983,0.7228,ADD,BUY,100.0,100,5,False
100756,0.723591,EXECUTE,SELL,100.01,200,6,False
100984,0.723977,ADD,SELL,99.95,200,5,False
100985,0.724577,ADD,SELL,100.0,20000,11,True
100986,0.724835,ADD,BUY,99.95,300,9,False
100925,0.725674,EXECUTE,BUY,99.96,200,6,False
100987,0.726618,ADD,SELL,100.0,200,6,False
100988,0.726801,ADD,SELL,99.97,200,8,False
100989,0.72778,ADD,BUY,99.96,300,7,False
100565,0.727943,EXECUTE,SELL,99.98,100,6,False
100990,0.728575,ADD,BUY,100.01,5000,11,True
100991,0.728772,ADD,SELL,100.05,100,10,False
100992,0.728923,ADD,BUY,99.97,200,5,False
100993,0.729127,ADD,SELL,100.01,15000,11,True
100325,0.729624,EXECUTE,SELL,100.02,200,8,False
100994,0.730052,ADD,BUY,99.99,200,1,False
100386,0.730718,EXECUTE,BUY,100.04,100,10,False
100995,0.730956,ADD,SELL,100.04,500,4,False
100996,0.731073,ADD,SELL,100.02,100,7,False
100997,0.732004,ADD,BUY,100.02,200,7,False
100998,0.732167,ADD,BUY,100.0,300,2,False
100999,0.732544,ADD,SELL,99.99,300,8,False
100442,0.733221,EXECUTE,SELL,100.0,200,5,False
101000,0.734138,ADD,BUY,100.01,200,2,False
101001,0.734401,ADD,BUY,99.98,200,3,False
101002,0.734621,ADD,BUY,99.99,100,8,False
101003,0.735452,ADD,BUY,99.99,300,3,False
101004,0.736288,ADD,BUY,99.98,300,6,False
101005,0.736962,ADD,SELL,99.95,200,6,False
101006,0.737486,ADD,SELL,100.03,300,4,False
101007,0.738433,ADD,BUY,100.05,100,2,False
100605,0.738725,EXECUTE,SELL,99.95,100,9,False
100735,0.73937,EXECUTE,SELL,100.04,100,1,False
101008,0.73977,ADD,BUY,99.96,300,6,False
101009,0.740766,ADD,BUY,100.03,200,6,False
100059,0.741661,CANCEL,SELL,99.95,500,1,False
101010,0.741988,ADD,BUY,99.99,100,6,False
101011,0.742929,ADD,SELL,99.95,500,5,False
100821,0.743165,EXECUTE,BUY,99.95,300,2,False
100723,0.744059,EXECUTE,BUY,99.96,300,5,False
100769,0.745019,EXECUTE,SELL,99.97,200,5,False
101012,0.745434,ADD,SELL,100.03,100,5,False
101013,0.746037,ADD,BUY,100.0,20000,11,True
101014,0.746433,ADD,BUY,100.04,300,9,False
100256,0.747282,EXECUTE,SELL,99.97,300,4,False
101015,0.747896,ADD,SELL,100.01,200,7,False
101016,0.748028,ADD,SELL,100.01,500,5,False
101017,0.748412,ADD,BUY,99.98,500,2,False
100764,0.74885,EXECUTE,SELL,99.97,100,2,False
101018,0.749006,ADD,SELL,100.02,100,8,False
100949,0.749293,CANCEL,SELL,100.0,10000,11,True
101019,0.749583,ADD,SELL,99.97,200,1,False
101020,0.750302,ADD,SELL,100.04,300,6,False
101021,0.75126,ADD,SELL,99.98,100,10,False
101022,0.751591,ADD,SELL,100.01,200,6,False
100771,0.752451,CANCEL,BUY,99.95,500,3,False
100588,0.75343,EXECUTE,SELL,100.04,100,7,False
101023,0.753713,ADD,SELL,100.01,300,10,False
101024,0.754124,ADD,SELL,99.98,200,4,False
100335,0.754325,EXECUTE,SELL,100.03,200,9,False
101025,0.754988,ADD,SELL,100.0,100,5,False
100988,0.755594,EXECUTE,SELL,99.97,200,8,False
101026,0.756048,ADD,SELL,99.98,300,5,False
101027,0.756336,ADD,SELL,99.99,100,9,False
101028,0.756544,ADD,SELL,100.01,200,5,False
101029,0.7567,ADD,BUY,100.04,200,10,False
101030,0.757338,ADD,BUY,99.97,200,2,False
101031,0.757749,ADD,SELL,100.05,300,4,False
100209,0.758225,CANCEL,SELL,99.97,100,8,False
101032,0.758877,ADD,SELL,100.04,500,7,False
101033,0.759246,ADD,SELL,100.03,200,6,False
101034,0.760168,ADD,SELL,99.98,100,6,False
101035,0.760507,ADD,BUY,100.04,300,8,False
101036,0.761185,ADD,SELL,100.02,100,10,False
101037,0.761724,ADD,BUY,99.97,100,6,False
101038,0.762479,ADD,BUY,100.0,15000,11,True
101039,0.763381,ADD,SELL,99.98,100,9,False
100649,0.763985,CANCEL,SELL,99.98,100,4,False
100790,0.764601,EXECUTE,SELL,100.04,300,6,False
100360,0.765061,EXECUTE,SELL,99.95,100,1,False
100171,0.765696,EXECUTE,BUY,100.02,500,7,False
101040,0.766486,ADD,BUY,99.96,100,6,False
101041,0.767342,ADD,BUY,99.97,200,1,False
101042,0.767911,ADD,BUY,99.95,300,5,False
101043,0.768228,ADD,BUY,100.02,200,6,False
100829,0.768768,EXECUTE,BUY,100.05,100,1,False
100661,0.769253,EXECUTE,SELL,99.97,200,9,False
100308,0.770232,CANCEL,SELL,99.97,200,9,False
101044,0.770587,ADD,BUY,100.0,100,10,False
101045,0.77135,ADD,BUY,99.96,300,7,False
100351,0.771844,EXECUTE,SELL,99.96,200,5,False
101046,0.772456,ADD,BUY,100.03,100,3,False
101047,0.773185,ADD,BUY,99.98,300,8,False
101048,0.773339,ADD,SELL,100.04,100,4,False
101049,0.774038,ADD,SELL,100.02,100,8,False
101050,0.774738,ADD,SELL,100.05,200,7,False
101051,0.775467,ADD,SELL,100.02,300,8,False
101052,0.775889,ADD,BUY,100.03,300,6,False
101053,0.776513,ADD,BUY,99.98,200,8,False
101054,0.777242,ADD,BUY,100.02,300,1,False
101055,0.777826,ADD,BUY,99.97,100,10,False
101056,0.778051,ADD,SELL,100.03,200,4,False
100590,0.778874,EXECUTE,BUY,100.0,500,4,False
101057,0.779672,ADD,SELL,99.98,500,2,False
101058,0.779931,ADD,BUY,100.04,300,3,False
101059,0.780124,ADD,BUY,100.0,15000,11,True
101060,0.780626,ADD,BUY,99.99,300,1,False
101061,0.781077,ADD,SELL,100.03,200,10,False
100638,0.782055,EXECUTE,BUY,100.04,200,10,False
101062,0.782984,ADD,BUY,99.97,200,3,False
101063,0.783312,ADD,SELL,99.96,100,10,False
101064,0.783965,ADD,BUY,100.0,100,9,False
100536,0.784674,EXECUTE,BUY,100.02,200,9,False
101051,0.784995,EXECUTE,SELL,100.02,300,8,False
100250,0.785192,EXECUTE,BUY,99.99,500,5,False
101065,0.785969,ADD,SELL,100.0,100,5,False
101066,0.786839,ADD,SELL,99.98,200,2,False
101067,0.787233,ADD,SELL,100.05,100,9,False
101068,0.7874,ADD,SELL,99.99,20000,11,True
101069,0.787877,ADD,BUY,100.0,10000,11,True
101070,0.788424,ADD,SELL,100.01,10000,11,True
101071,0.788694,ADD,BUY,100.05,200,10,False
101072,0.78917,ADD,BUY,99.97,300,3,False
101073,0.789381,ADD,BUY,99.96,500,10,False
101074,0.790189,ADD,SELL,100.03,100,2,False
101075,0.791097,ADD,BUY,99.99,300,2,False
101076,0.792001,ADD,BUY,99.98,100,8,False
101077,0.792729,ADD,BUY,99.95,200,2,False
101078,0.792994,ADD,SELL,99.95,300,4,False
101079,0.793375,ADD,SELL,100.04,100,2,False
101080,0.793646,ADD,SELL,100.03,300,4,False
101081,0.79447,ADD,BUY,100.0,5000,11,True
100919,0.794936,EXECUTE,BUY,99.98,300,1,False
101082,0.795296,ADD,SELL,99.97,300,6,False
101083,0.796293,ADD,SELL,99.98,200,2,False
101084,0.79692,ADD,SELL,99.98,200,5,False
101085,0.797918,ADD,BUY,100.04,100,8,False
101086,0.798575,ADD,BUY,99.97,100,5,False
101087,0.79908,ADD,SELL,100.05,1000,6,False
101088,0.799624,ADD,SELL,99.98,200,3,False
100873,0.800291,EXECUTE,SELL,99.99,200,7,False
101089,0.801274,ADD,BUY,99.95,100,6,False
101090,0.802076,ADD,SELL,100.02,300,4,False
101091,0.802933,ADD,SELL,100.02,100,5,False
101092,0.803792,ADD,BUY,99.97,200,3,False
101093,0.804217,ADD,SELL,99.98,300,8,False
101094,0.804463,ADD,SELL,100.04,300,9,False
101095,0.804757,ADD,SELL,100.05,200,3,False
101096,0.805614,ADD,SELL,99.96,500,7,False
101097,0.80593,ADD,SELL,100.04,100,1,False
101098,0.806316,ADD,SELL,100.01,100,3,False
101099,0.8066,ADD,BUY,100.02,200,9,False
101100,0.80689,ADD,BUY,100.01,100,8,False
101101,0.807267,ADD,BUY,100.0,100,8,False
101102,0.807608,ADD,BUY,99.96,1000,2,False
100490,0.80834,EXECUTE,SELL,99.97,200,8,False
101103,0.809026,ADD,BUY,99.99,10000,11,True
101104,0.809719,ADD,BUY,99.96,200,4,False
101105,0.810369,ADD,SELL,100.05,300,6,False
101014,0.810894,EXECUTE,BUY,100.04,300,9,False
101106,0.811143,ADD,BUY,99.98,500,2,False
101107,0.811643,ADD,SELL,99.98,200,4,False
100585,0.81224,CANCEL,SELL,100.01,300,5,False
101108,0.81285,ADD,SELL,99.97,200,7,False
101109,0.81342,ADD,SELL,99.96,200,3,False
101110,0.813855,ADD,SELL,99.96,100,3,False
101111,0.814791,ADD,BUY,100.05,100,4,False
101112,0.815399,ADD,BUY,99.99,100,1,False
101113,0.816293,ADD,BUY,99.99,15000,11,True
101114,0.816509,ADD,SELL,99.96,500,2,False
101021,0.816919,EXECUTE,SELL,99.98,100,10,False
101115,0.817503,ADD,BUY,100.01,200,1,False
101116,0.818349,ADD,SELL,100.0,200,5,False
101117,0.818863,ADD,BUY,100.03,200,4,False
100763,0.819158,EXECUTE,BUY,100.01,200,1,False
101118,0.819339,ADD,BUY,99.99,500,1,False
100217,0.820304,EXECUTE,BUY,100.04,200,5,False
101119,0.821008,ADD,BUY,99.99,300,4,False
101120,0.821277,ADD,BUY,99.95,100,10,False
101121,0.822004,ADD,SELL,99.98,100,8,False
100431,0.822483,EXECUTE,BUY,99.96,1000,2,False
100305,0.823296,EXECUTE,SELL,100.01,500,7,False
100844,0.823693,CANCEL,BUY,100.0,100,8,False
101001,0.82452,EXECUTE,BUY,99.98,200,3,False
101122,0.824625,ADD,SELL,100.04,200,7,False
101123,0.824855,ADD,BUY,100.01,100,9,False
101124,0.825681,ADD,SELL,99.97,200,6,False
101125,0.826239,ADD,BUY,99.95,1000,3,False
101126,0.826555,ADD,SELL,100.03,300,3,False
101127,0.827419,ADD,BUY,100.05,200,4,False
101128,0.827875,ADD,BUY,100.0,100,7,False
101129,0.828848,ADD,SELL,100.04,300,7,False
100511,0.829095,EXECUTE,BUY,100.02,200,10,False
100097,0.829516,EXECUTE,BUY,99.95,200,1,False
101130,0.830493,ADD,BUY,100.02,1000,8,False
101131,0.830669,ADD,SELL,100.0,15000,11,True
101132,0.830957,ADD,SELL,99.99,200,10,False
101133,0.831087,ADD,BUY,100.01,200,2,False
101134,0.831224,ADD,BUY,100.04,300,8,False
101050,0.831547,CANCEL,SELL,100.05,200,7,False
101135,0.832351,ADD,SELL,99.98,200,1,False
100869,0.833298,CANCEL,BUY,100.03,200,2,False
101136,0.833581,ADD,BUY,100.03,100,1,False
100953,0.83385,CANCEL,SELL,100.01,10000,11,True
101137,0.834606,ADD,BUY,99.98,100,3,False
101138,0.834922,ADD,SELL,99.96,200,3,False
101139,0.835354,ADD,SELL,100.05,100,1,False
100622,0.836145,EXECUTE,SELL,99.98,100,2,False
100614,0.836411,EXECUTE,SELL,99.97,200,8,False
101140,0.836619,ADD,SELL,100.01,100,9,False
101141,0.837335,ADD,SELL,99.96,100,1,False
101142,0.837729,ADD,SELL,100.0,10000,11,True
101143,0.838712,ADD,BUY,99.97,1000,4,False
101144,0.839259,ADD,SELL,99.99,100,2,False
100278,0.839838,EXECUTE,SELL,100.0,200,5,False
101025,0.840681,EXECUTE,SELL,100.0,100,5,False
101145,0.841448,ADD,SELL,100.0,200,3,False
101146,0.84172,ADD,SELL,99.98,1000,2,False
101147,0.842353,ADD,BUY,99.99,20000,11,True
101148,0.842642,ADD,BUY,100.01,500,9,False
100186,0.8429,EXECUTE,SELL,100.01,100,4,False
101149,0.843597,ADD,SELL,99.95,200,2,False
101150,0.843833,ADD,SELL,99.99,300,5,False
100866,0.84403,EXECUTE,SELL,99.95,200,8,False
101151,0.844433,ADD,BUY,100.0,300,7,False
101152,0.844897,ADD,BUY,100.0,300,6,False
100961,0.845883,EXECUTE,SELL,100.04,200,9,False
101153,0.846722,ADD,SELL,100.05,300,4,False
101154,0.847417,ADD,BUY,100.0,100,8,False
100806,0.848339,CANCEL,BUY,100.01,10000,11,True
101155,0.849204,ADD,SELL,100.0,10000,11,True
100500,0.84994,CANCEL,SELL,100.0,100,7,False
101156,0.850558,ADD,BUY,100.04,200,8,False
101157,0.8511,ADD,SELL,100.04,300,9,False
101158,0.851516,ADD,BUY,100.03,100,3,False
101159,0.851655,ADD,BUY,100.0,300,10,False
101160,0.852622,ADD,BUY,100.02,500,1,False
101161,0.852945,ADD,SELL,100.01,500,2,False
100839,0.853088,EXECUTE,SELL,100.02,200,4,False
101162,0.85353,ADD,BUY,100.04,200,8,False
101163,0.853646,ADD,SELL,99.97,100,7,False
101164,0.854058,ADD,BUY,99.97,100,6,False
101165,0.854746,ADD,BUY,100.03,200,6,False
100705,0.855582,EXECUTE,BUY,100.01,200,2,False
100188,0.856208,CANCEL,SELL,99.96,100,10,False
101166,0.856835,ADD,SELL,99.95,200,6,False
100502,0.857132,EXECUTE,SELL,99.98,1000,6,False
101167,0.857596,ADD,BUY,100.03,300,10,False
100488,0.857771,EXECUTE,SELL,100.01,1000,5,False
100608,0.858092,EXECUTE,BUY,100.03,100,8,False
101168,0.859029,ADD,BUY,100.0,300,5,False
101169,0.859674,ADD,BUY,99.96,100,5,False
100432,0.860352,EXECUTE,SELL,100.01,500,1,False
100993,0.861293,CANCEL,SELL,100.01,15000,11,True
101170,0.861429,ADD,SELL,99.96,200,10,False
101171,0.861702,ADD,BUY,99.99,200,8,False
100516,0.862151,EXECUTE,SELL,99.95,200,4,False
101172,0.862614,ADD,SELL,99.95,100,8,False
100796,0.863111,EXECUTE,BUY,100.02,200,3,False
101086,0.863606,EXECUTE,BUY,99.97,100,5,False
101173,0.863857,ADD,BUY,99.99,5000,11,True
101174,0.864577,ADD,SELL,100.04,100,9,False
100553,0.864708,EXECUTE,SELL,100.02,200,4,False
101175,0.865146,ADD,SELL,100.04,200,5,False
101176,0.865673,ADD,SELL,99.99,500,8,False
100282,0.866052,EXECUTE,SELL,100.02,100,4,False
100494,0.866281,EXECUTE,SELL,99.96,300,5,False
101177,0.866872,ADD,SELL,100.01,500,3,False
101178,0.867119,ADD,BUY,100.03,500,9,False
100384,0.86808,EXECUTE,SELL,100.02,200,2,False
101179,0.86825,ADD,BUY,100.04,100,7,False
101180,0.869049,ADD,SELL,100.04,100,3,False
100156,0.869262,EXECUTE,SELL,99.98,200,6,False
100639,0.869858,EXECUTE,SELL,100.01,100,6,False
101181,0.870423,ADD,SELL,100.04,200,3,False
101182,0.871028,ADD,BUY,99.98,300,3,False
100469,0.87127,EXECUTE,SELL,99.98,100,7,False
101183,0.871546,ADD,BUY,99.97,100,4,False
101095,0.872188,CANCEL,SELL,100.05,200,3,False
101184,0.873113,ADD,BUY,99.98,200,8,False
101185,0.873364,ADD,SELL,100.03,100,2,False
101186,0.873587,ADD,BUY,100.04,200,6,False
101187,0.874432,ADD,SELL,100.04,200,1,False
101030,0.875019,EXECUTE,BUY,99.97,200,2,False
101188,0.875119,ADD,SELL,99.96,100,7,False
101189,0.875694,ADD,SELL,100.0,300,8,False
101190,0.876453,ADD,BUY,100.0,15000,11,True
101191,0.877147,ADD,SELL,100.01,1000,1,False
100462,0.878068,EXECUTE,BUY,99.95,300,3,False
100458,0.878619,CANCEL,BUY,99.97,100,10,False
101192,0.879095,ADD,BUY,100.02,100,6,False
101193,0.879424,ADD,BUY,100.03,100,10,False
101194,0.88018,ADD,BUY,99.96,200,3,False
101195,0.880585,ADD,SELL,99.99,10000,11,True
101196,0.881082,ADD,SELL,100.0,100,5,False
101197,0.881843,ADD,BUY,99.98,100,10,False
101198,0.882169,ADD,BUY,99.99,100,9,False
101087,0.882676,CANCEL,SELL,100.05,1000,6,False
101199,0.882836,ADD,SELL,100.04,300,10,False
101200,0.883649,ADD,SELL,100.02,200,8,False
100875,0.884168,EXECUTE,SELL,99.96,100,4,False
100738,0.884741,CANCEL,SELL,99.96,1000,9,False
101201,0.884854,ADD,SELL,99.98,100,7,False
101202,0.88575,ADD,BUY,99.98,1000,7,False
101203,0.886088,ADD,SELL,100.04,100,6,False
101204,0.886879,ADD,SELL,100.0,500,10,False
100251,0.887317,CANCEL,BUY,100.0,10000,11,True
101205,0.888182,ADD,BUY,99.97,300,5,False
101206,0.889063,ADD,SELL,100.02,200,10,False
101207,0.889724,ADD,SELL,99.96,500,2,False
101208,0.889997,ADD,SELL,100.0,200,1,False
100780,0.890622,EXECUTE,SELL,100.03,300,6,False
101209,0.890867,ADD,BUY,99.95,200,4,False
101210,0.890983,ADD,BUY,99.97,1000,5,False
101211,0.891467,ADD,SELL,99.97,100,6,False
101212,0.891899,ADD,BUY,100.02,100,9,False
101213,0.892357,ADD,BUY,99.96,1000,7,False
101214,0.893168,ADD,SELL,99.99,500,2,False
101185,0.893788,EXECUTE,SELL,100.03,100,2,False
101215,0.894544,ADD,BUY,100.0,500,8,False
101216,0.894682,ADD,BUY,99.99,100,9,False
101217,0.89496,ADD,BUY,100.03,100,8,False
101218,0.895071,ADD,BUY,100.0,200,1,False
101219,0.895754,ADD,BUY,99.95,300,10,False
100220,0.896237,EXECUTE,SELL,100.04,200,9,False
100493,0.896443,EXECUTE,BUY,100.0,200,4,False
101220,0.897083,ADD,BUY,100.0,15000,11,True
101221,0.897292,ADD,SELL,100.02,300,1,False
100944,0.897528,EXECUTE,BUY,100.0,100,1,False
101222,0.898346,ADD,SELL,99.99,300,3,False
101223,0.899232,ADD,SELL,100.0,200,7,False
100814,0.899774,CANCEL,SELL,100.01,15000,11,True
101224,0.900467,ADD,SELL,99.96,100,9,False
100227,0.90137,EXECUTE,SELL,99.98,100,4,False
100524,0.901994,EXECUTE,SELL,99.96,200,1,False
101225,0.902267,ADD,BUY,100.01,15000,11,True
101226,0.902649,ADD,BUY,100.03,100,5,False
100958,0.903432,EXECUTE,SELL,99.96,100,6,False
101227,0.904282,ADD,BUY,100.05,300,10,False
101199,0.904672,CANCEL,SELL,100.04,300,10,False
101228,0.905226,ADD,BUY,100.01,100,2,False
101229,0.905401,ADD,BUY,99.96,100,8,False
101230,0.906373,ADD,SELL,100.02,100,9,False
101231,0.906624,ADD,SELL,100.04,200,6,False
101232,0.907434,ADD,SELL,100.01,100,7,False
100487,0.908149,EXECUTE,SELL,100.03,100,3,False
101037,0.908382,CANCEL,BUY,99.97,100,6,False
101233,0.90909,ADD,BUY,99.99,100,8,False
101234,0.909786,ADD,SELL,100.03,300,9,False
101235,0.910075,ADD,BUY,100.02,300,7,False
101236,0.910661,ADD,SELL,99.98,100,10,False
100731,0.911049,EXECUTE,BUY,100.02,200,2,False
101237,0.9112,ADD,SELL,100.03,200,10,False
101238,0.911547,ADD,BUY,100.02,100,7,False
101239,0.912518,ADD,SELL,99.99,100,10,False
101041,0.913255,EXECUTE,BUY,99.97,200,1,False
100757,0.913555,CANCEL,BUY,99.98,200,6,False
100893,0.913985,EXECUTE,BUY,100.04,300,3,False
101240,0.914856,ADD,SELL,100.01,10000,11,True
101241,0.915154,ADD,SELL,100.04,1000,8,False
101242,0.915733,ADD,BUY,100.0,100,4,False
101243,0.915948,ADD,SELL,100.03,500,3,False
101244,0.91692,ADD,BUY,99.96,300,2,False
101245,0.917678,ADD,SELL,99.97,500,7,False
101151,0.917975,EXECUTE,BUY,100.0,300,7,False
100776,0.918892,CANCEL,SELL,99.99,200,8,False
101246,0.919601,ADD,SELL,100.03,300,1,False
101247,0.919928,ADD,SELL,100.0,5000,11,True
101248,0.920603,ADD,BUY,100.0,200,8,False
101249,0.920939,ADD,SELL,99.99,100,6,False
101250,0.921564,ADD,SELL,100.02,200,6,False
101251,0.921685,ADD,SELL,99.95,500,6,False
100083,0.922409,EXECUTE,BUY,100.03,300,10,False
100472,0.922897,CANCEL,SELL,99.97,200,3,False
101252,0.923284,ADD,SELL,99.97,100,4,False
101253,0.923476,ADD,BUY,99.99,300,10,False
101254,0.9238,ADD,SELL,100.0,200,1,False
101255,0.924389,ADD,BUY,100.05,200,5,False
101256,0.925368,ADD,BUY,100.03,300,8,False
101257,0.925622,ADD,SELL,100.05,1000,8,False
101076,0.926433,EXECUTE,BUY,99.98,100,8,False
101258,0.926648,ADD,SELL,100.04,500,3,False
101259,0.927038,ADD,BUY,100.02,100,6,False
100581,0.927417,EXECUTE,SELL,100.05,300,8,False
101260,0.9279,ADD,SELL,100.02,200,10,False
101261,0.928661,ADD,BUY,100.02,200,10,False
101262,0.929454,ADD,SELL,99.99,300,7,False
101263,0.929674,ADD,SELL,99.96,100,5,False
101264,0.930203,ADD,SELL,99.96,100,3,False
101057,0.931005,EXECUTE,SELL,99.98,500,2,False
101265,0.931204,ADD,SELL,100.0,100,1,False
101266,0.932076,ADD,SELL,99.98,300,8,False
101267,0.932586,ADD,SELL,99.99,20000,11,True
101268,0.932907,ADD,SELL,99.96,500,3,False
101269,0.93309,ADD,SELL,100.01,200,4,False
101270,0.934065,ADD,SELL,99.99,10000,11,True
101271,0.934553,ADD,SELL,100.01,200,1,False
101272,0.93524,ADD,SELL,99.99,100,8,False
101273,0.935473,ADD,SELL,99.98,300,1,False
100932,0.935674,EXECUTE,BUY,100.0,200,1,False
100252,0.936048,CANCEL,BUY,100.02,200,10,False
101060,0.936166,EXECUTE,BUY,99.99,300,1,False
101197,0.937079,EXECUTE,BUY,99.98,100,10,False
101274,0.937321,ADD,SELL,100.01,300,7,False
101275,0.937591,ADD,SELL,99.99,100,8,False
101276,0.938073,ADD,BUY,99.99,100,4,False
101277,0.93839,ADD,BUY,100.05,200,7,False
101278,0.939189,ADD,BUY,100.05,100,1,False
101279,0.939414,ADD,BUY,100.0,10000,11,True
101253,0.939861,CANCEL,BUY,99.99,300,10,False
101145,0.940338,EXECUTE,SELL,100.0,200,3,False
101082,0.940556,EXECUTE,SELL,99.97,300,6,False
100955,0.940883,EXECUTE,SELL,99.97,300,6,False
101280,0.941789,ADD,SELL,100.02,500,4,False
101281,0.942163,ADD,SELL,99.95,500,9,False
101282,0.94296,ADD,SELL,99.98,100,1,False
101283,0.943817,ADD,SELL,100.04,200,1,False
101284,0.94422,ADD,SELL,99.95,1000,6,False
101285,0.944375,ADD,SELL,100.04,1000,9,False
101286,0.94525,ADD,SELL,100.02,200,7,False
101287,0.946013,ADD,SELL,99.95,200,2,False
101288,0.946404,ADD,BUY,99.96,300,10,False
100331,0.947014,CANCEL,SELL,100.0,20000,11,True
101289,0.947134,ADD,BUY,99.97,300,5,False
101290,0.948067,ADD,BUY,100.03,1000,1,False
101291,0.948931,ADD,BUY,100.04,200,4,False
101292,0.949836,ADD,SELL,100.01,200,2,False
101293,0.950092,ADD,SELL,99.99,100,6,False
101294,0.950837,ADD,BUY,99.95,200,3,False
100545,0.951324,EXECUTE,BUY,100.04,300,9,False
101295,0.951512,ADD,BUY,100.02,100,5,False
101296,0.952273,ADD,BUY,99.97,200,4,False
101297,0.952957,ADD,SELL,99.98,300,7,False
101298,0.953865,ADD,BUY,100.0,100,9,False
101299,0.954398,ADD,SELL,100.01,200,8,False
101070,0.954899,CANCEL,SELL,100.01,10000,11,True
101300,0.955424,ADD,SELL,100.0,200,10,False
100473,0.955872,EXECUTE,SELL,99.99,300,4,False
101301,0.956202,ADD,BUY,100.0,200,3,False
101004,0.956735,CANCEL,BUY,99.98,300,6,False
101302,0.957128,ADD,BUY,100.03,100,1,False
101303,0.957758,ADD,SELL,99.99,200,8,False
101304,0.957918,ADD,BUY,99.99,15000,11,True
101305,0.958482,ADD,SELL,100.04,200,4,False
101306,0.959335,ADD,SELL,99.99,300,5,False
101307,0.959721,ADD,SELL,99.96,300,2,False
101308,0.959832,ADD,SELL,99.97,200,5,False
101309,0.96035,ADD,BUY,100.0,200,5,False
101310,0.96111,ADD,SELL,99.97,100,5,False
101311,0.961731,ADD,BUY,99.98,100,8,False
101312,0.962215,ADD,SELL,99.97,1000,2,False
101138,0.962596,EXECUTE,SELL,99.96,200,3,False
101313,0.96353,ADD,SELL,100.0,100,10,False
101314,0.964515,ADD,SELL,100.04,500,2,False
101315,0.964892,ADD,SELL,100.01,100,6,False
100655,0.965091,EXECUTE,SELL,99.97,500,5,False
100485,0.965818,EXECUTE,BUY,100.03,200,1,False
101316,0.966015,ADD,SELL,100.02,1000,3,False
101039,0.966574,EXECUTE,SELL,99.98,100,9,False
101317,0.96711,ADD,SELL,99.97,100,7,False
101318,0.967801,ADD,SELL,99.98,100,5,False
101319,0.9688,ADD,SELL,100.04,100,10,False
101320,0.969158,ADD,SELL,99.98,200,2,False
101321,0.969963,ADD,SELL,100.0,200,8,False
101322,0.970582,ADD,BUY,100.02,200,6,False
101323,0.971219,ADD,BUY,99.95,200,2,False
101324,0.971714,ADD,SELL,99.99,200,1,False
101325,0.972344,ADD,SELL,99.97,200,7,False
101326,0.973269,ADD,SELL,100.03,300,7,False
101327,0.974258,ADD,SELL,100.0,500,2,False
101328,0.97475,ADD,SELL,99.97,300,8,False
101329,0.975405,ADD,SELL,100.04,200,9,False
101330,0.9756,ADD,SELL,100.01,500,9,False
101331,0.976049,ADD,BUY,100.04,200,7,False
101332,0.976313,ADD,BUY,100.04,100,2,False
101333,0.976484,ADD,SELL,100.0,100,2,False
101132,0.976965,EXECUTE,SELL,99.99,200,10,False
101334,0.977461,ADD,BUY,99.96,300,7,False
101335,0.978144,ADD,BUY,100.0,100,4,False
101336,0.978484,ADD,BUY,100.0,10000,11,True
100946,0.978634,CANCEL,BUY,100.0,20000,11,True
100648,0.979177,EXECUTE,BUY,100.03,200,6,False
101233,0.980093,EXECUTE,BUY,99.99,100,8,False
101337,0.980629,ADD,BUY,99.98,300,10,False
101338,0.981001,ADD,SELL,99.99,100,4,False
101339,0.98144,ADD,BUY,100.01,300,3,False
101340,0.981881,ADD,BUY,100.01,500,3,False
101341,0.982236,ADD,SELL,99.99,100,3,False
101342,0.982488,ADD,BUY,100.03,500,8,False
101343,0.983324,ADD,SELL,100.01,10000,11,True
101344,0.983619,ADD,SELL,99.99,200,6,False
101345,0.984563,ADD,BUY,100.03,500,10,False
101346,0.985482,ADD,BUY,99.97,200,4,False
101347,0.986184,ADD,BUY,100.03,1000,7,False
100693,0.986483,EXECUTE,BUY,99.98,300,2,False
101348,0.987077,ADD,SELL,99.98,300,7,False
101349,0.988048,ADD,SELL,100.04,200,10,False
101350,0.98876,ADD,BUY,100.03,100,8,False
100989,0.988911,EXECUTE,BUY,99.96,300,7,False
101351,0.989596,ADD,BUY,100.0,100,5,False
100242,0.990016,EXECUTE,BUY,99.96,100,1,False
101352,0.990883,ADD,BUY,99.98,100,1,False
101353,0.99183,ADD,SELL,100.01,20000,11,True
101354,0.992613,ADD,SELL,99.98,300,1,False
101355,0.993209,ADD,BUY,100.02,100,8,False
101356,0.993708,ADD,BUY,100.03,200,8,False
101357,0.994455,ADD,SELL,99.99,300,4,False
101358,0.995118,ADD,SELL,99.99,200,10,False
101359,0.995603,ADD,BUY,100.02,200,2,False
100802,0.996458,EXECUTE,SELL,100.03,100,3,False
101360,0.997435,ADD,SELL,99.96,100,7,False
101361,0.997786,ADD,BUY,99.95,200,6,False
101362,0.998427,ADD,BUY,100.04,300,8,False
101226,0.99942,EXECUTE,BUY,100.03,100,5,False
101363,1.000322,ADD,SELL,99.98,500,4,False
101364,1.000574,ADD,SELL,100.03,100,7,False
101365,1.001349,ADD,BUY,100.0,20000,11,True
100819,1.001749,EXECUTE,SELL,99.99,300,6,False
101366,1.002547,ADD,SELL,99.98,300,1,False
101367,1.002813,ADD,SELL,99.97,100,5,False
101368,1.003764,ADD,BUY,99.97,300,8,False
101369,1.004122,ADD,SELL,100.04,200,1,False
101370,1.004269,ADD,SELL,99.99,100,5,False
101371,1.004566,ADD,SELL,100.0,200,6,False
101372,1.005307,ADD,BUY,100.0,10000,11,True
101373,1.00605,ADD,SELL,99.95,200,1,False
101374,1.006641,ADD,SELL,99.96,100,7,False
101375,1.007305,ADD,BUY,100.04,100,7,False
101376,1.007774,ADD,BUY,100.0,100,4,False
101377,1.00876,ADD,SELL,99.99,200,8,False
101378,1.009603,ADD,SELL,100.03,200,6,False
101379,1.009836,ADD,SELL,99.95,300,7,False
101380,1.010203,ADD,BUY,100.0,200,4,False
101381,1.011019,ADD,BUY,100.03,300,8,False
101382,1.0118,ADD,BUY,100.03,100,1,False
101383,1.011927,ADD,BUY,100.03,200,3,False
101384,1.012796,ADD,BUY,100.02,200,6,False
101380,1.013075,EXECUTE,BUY,100.0,200,4,False
101385,1.014009,ADD,BUY,100.03,200,6,False
101386,1.014239,ADD,BUY,99.97,200,8,False
100964,1.015144,EXECUTE,BUY,100.02,200,9,False
101229,1.015483,EXECUTE,BUY,99.96,100,8,False
101387,1.015588,ADD,SELL,100.0,100,3,False
101388,1.01625,ADD,SELL,100.02,200,1,False
101129,1.016902,EXECUTE,SELL,100.04,300,7,False
101329,1.017549,EXECUTE,SELL,100.04,200,9,False
100710,1.017908,CANCEL,SELL,100.05,1000,7,False
101389,1.018141,ADD,BUY,100.05,200,5,False
100595,1.01898,EXECUTE,BUY,100.02,200,7,False
101390,1.019831,ADD,SELL,100.0,300,7,False
101391,1.020417,ADD,SELL,99.98,100,6,False
101392,1.021348,ADD,SELL,100.05,1000,3,False
101393,1.022152,ADD,SELL,99.97,100,2,False
101157,1.022595,EXECUTE,SELL,100.04,300,9,False
101394,1.022938,ADD,SELL,99.98,200,10,False
101395,1.023679,ADD,BUY,100.04,100,3,False
101396,1.024639,ADD,SELL,99.99,200,7,False
100496,1.025132,EXECUTE,BUY,100.04,200,8,False
101182,1.026105,EXECUTE,BUY,99.98,300,3,False
100452,1.026412,EXECUTE,BUY,100.04,300,2,False
101397,1.027086,ADD,SELL,100.04,100,4,False
100967,1.027258,CANCEL,SELL,100.04,200,4,False
101398,1.027554,ADD,SELL,100.0,100,2,False
101207,1.028108,EXECUTE,SELL,99.96,500,2,False
101399,1.028411,ADD,SELL,99.98,100,5,False
101290,1.029261,EXECUTE,BUY,100.03,1000,1,False
101400,1.029822,ADD,SELL,100.03,300,4,False
101065,1.030111,CANCEL,SELL,100.0,100,5,False
100912,1.0307,EXECUTE,SELL,100.02,200,1,False
100091,1.031655,CANCEL,BUY,99.96,100,10,False
100681,1.031807,EXECUTE,SELL,99.99,200,10,False
101401,1.032521,ADD,SELL,100.02,300,7,False
101289,1.033377,CANCEL,BUY,99.97,300,5,False
100962,1.033741,CANCEL,BUY,99.97,500,10,False
101402,1.034146,ADD,SELL,99.95,200,10,False
101403,1.034553,ADD,SELL,100.04,100,2,False
101404,1.034966,ADD,SELL,99.98,100,9,False
100574,1.035256,EXECUTE,SELL,100.05,100,3,False
100601,1.035746,EXECUTE,BUY,100.0,1000,8,False
101405,1.036613,ADD,SELL,100.02,1000,7,False
101406,1.037061,ADD,BUY,99.98,200,6,False
100182,1.03779,EXECUTE,SELL,100.05,200,9,False
101407,1.038189,ADD,SELL,100.05,300,7,False
101408,1.038841,ADD,SELL,99.96,200,5,False
101409,1.039802,ADD,SELL,100.03,300,3,False
100820,1.04033,EXECUTE,SELL,100.03,300,7,False
101410,1.040659,ADD,BUY,100.03,100,6,False
101411,1.040829,ADD,BUY,100.04,200,5,False
101412,1.041775,ADD,SELL,99.99,200,7,False
101347,1.042319,CANCEL,BUY,100.03,1000,7,False
101413,1.043258,ADD,SELL,100.04,100,8,False
101414,1.043594,ADD,SELL,100.0,200,1,False
101200,1.044489,EXECUTE,SELL,100.02,200,8,False
101415,1.045381,ADD,BUY,100.01,300,7,False
101416,1.046029,ADD,SELL,100.01,100,1,False
101417,1.04629,ADD,SELL,99.97,200,4,False
101418,1.046741,ADD,SELL,99.96,500,8,False
101419,1.047676,ADD,BUY,99.99,100,4,False
101420,1.048321,ADD,BUY,100.03,200,5,False
101421,1.048433,ADD,SELL,100.01,300,5,False
101334,1.048957,CANCEL,BUY,99.96,300,7,False
101422,1.049426,ADD,SELL,100.03,100,5,False
101423,1.050321,ADD,BUY,99.96,200,5,False
100721,1.050825,EXECUTE,SELL,100.02,500,8,False
101424,1.051533,ADD,BUY,99.97,200,6,False
101425,1.05202,ADD,BUY,100.01,200,6,False
101426,1.05289,ADD,SELL,100.01,200,7,False
101427,1.053638,ADD,BUY,99.98,300,8,False
101428,1.053789,ADD,BUY,99.96,500,9,False
101429,1.053963,ADD,BUY,100.0,300,3,False
101430,1.05407,ADD,BUY,100.02,300,7,False
101431,1.054568,ADD,BUY,100.01,15000,11,True
101432,1.055565,ADD,BUY,100.01,200,8,False
101433,1.055734,ADD,SELL,99.96,100,4,False
101434,1.056227,ADD,SELL,99.97,100,9,False
101435,1.056962,ADD,BUY,100.0,200,2,False
101436,1.057468,ADD,BUY,99.97,500,8,False
100482,1.058304,EXECUTE,BUY,99.96,300,9,False
100534,1.059291,EXECUTE,SELL,100.0,300,9,False
101437,1.059495,ADD,SELL,100.0,15000,11,True
101438,1.060426,ADD,BUY,100.05,200,1,False
101439,1.060887,ADD,BUY,100.04,100,9,False
101440,1.061543,ADD,SELL,100.04,200,4,False
101441,1.061828,ADD,SELL,100.05,100,8,False
101442,1.06224,ADD,BUY,100.02,100,1,False
101125,1.063011,EXECUTE,BUY,99.95,1000,3,False
100330,1.063592,EXECUTE,BUY,99.97,100,5,False
101443,1.064391,ADD,SELL,100.01,100,5,False
101444,1.06492,ADD,SELL,100.0,500,10,False
101445,1.065583,ADD,SELL,99.97,100,7,False
101446,1.066549,ADD,BUY,100.03,300,4,False
101144,1.067496,EXECUTE,SELL,99.99,100,2,False
101447,1.068277,ADD,SELL,100.04,100,4,False
101448,1.068858,ADD,SELL,99.98,200,8,False
101449,1.069638,ADD,SELL,99.98,100,2,False
100816,1.069869,EXECUTE,BUY,100.01,100,4,False
101450,1.07079,ADD,SELL,100.0,300,6,False
101451,1.07167,ADD,SELL,99.95,200,9,False
101452,1.072092,ADD,SELL,100.0,100,4,False
101453,1.072798,ADD,BUY,99.99,200,5,False
101454,1.07307,ADD,SELL,100.0,500,1,False
101455,1.073543,ADD,SELL,100.01,300,10,False
100856,1.074456,CANCEL,BUY,100.01,10000,11,True
101046,1.074751,CANCEL,BUY,100.03,100,3,False
101456,1.074966,ADD,BUY,99.99,200,1,False
101265,1.075783,CANCEL,SELL,100.0,100,1,False
101457,1.076199,ADD,SELL,100.02,200,3,False
101240,1.076566,CANCEL,SELL,100.01,10000,11,True
101458,1.077286,ADD,BUY,99.96,200,3,False
101459,1.077965,ADD,SELL,100.04,100,9,False
101460,1.078889,ADD,SELL,99.98,1000,4,False
101461,1.079446,ADD,BUY,100.02,1000,6,False
101462,1.079725,ADD,SELL,100.05,200,8,False
100463,1.080287,EXECUTE,SELL,100.03,100,1,False
101463,1.081101,ADD,SELL,100.02,500,1,False
101464,1.081756,ADD,BUY,99.98,500,10,False
100792,1.082121,EXECUTE,SELL,100.05,100,9,False
101465,1.082847,ADD,BUY,100.01,1000,9,False
101466,1.083067,ADD,SELL,100.01,100,1,False
101090,1.083426,EXECUTE,SELL,100.02,300,4,False
101467,1.084297,ADD,BUY,100.04,200,1,False
101468,1.084562,ADD,BUY,99.96,200,6,False
100627,1.0851,EXECUTE,SELL,99.96,200,8,False
101469,1.085875,ADD,SELL,99.96,100,3,False
101470,1.086236,ADD,SELL,99.99,200,6,False
101471,1.086885,ADD,SELL,100.04,100,1,False
101472,1.087419,ADD,BUY,100.0,200,7,False
101473,1.088029,ADD,SELL,99.99,100,3,False
101474,1.088199,ADD,SELL,99.98,100,1,False
101304,1.089088,CANCEL,BUY,99.99,15000,11,True
101013,1.089253,CANCEL,BUY,100.0,20000,11,True
101475,1.089541,ADD,BUY,99.98,100,9,False
101476,1.090097,ADD,SELL,100.04,200,5,False
101477,1.090296,ADD,SELL,99.98,200,3,False
101478,1.090783,ADD,SELL,99.97,300,1,False
101479,1.091227,ADD,SELL,99.98,100,8,False
101464,1.092061,EXECUTE,BUY,99.98,500,10,False
101480,1.092826,ADD,SELL,100.04,300,6,False
100809,1.093433,EXECUTE,SELL,100.03,100,9,False
101481,1.094013,ADD,BUY,100.0,200,3,False
101482,1.094631,ADD,SELL,99.98,200,4,False
101052,1.095228,EXECUTE,BUY,100.03,300,6,False
100518,1.095581,CANCEL,BUY,100.03,200,2,False
101483,1.095953,ADD,SELL,99.97,200,4,False
101484,1.096928,ADD,BUY,100.02,500,8,False
101485,1.097385,ADD,SELL,100.02,100,10,False
101161,1.097994,EXECUTE,SELL,100.01,500,2,False
101486,1.098834,ADD,BUY,100.0,10000,11,True
101487,1.099347,ADD,BUY,100.02,100,6,False
101488,1.099537,ADD,SELL,99.98,100,8,False
101489,1.099854,ADD,SELL,99.99,100,6,False
100762,1.100288,EXECUTE,SELL,100.03,1000,7,False
101490,1.101091,ADD,BUY,99.95,100,10,False
101344,1.101283,CANCEL,SELL,99.99,200,6,False
101491,1.101709,ADD,SELL,100.0,100,9,False
101492,1.102579,ADD,BUY,99.99,10000,11,True
101493,1.103082,ADD,SELL,99.96,200,6,False
101494,1.103795,ADD,SELL,99.97,200,3,False
101495,1.104533,ADD,SELL,100.01,200,8,False
101496,1.105245,ADD,BUY,100.0,15000,11,True
101497,1.106167,ADD,SELL,99.97,200,9,False
101498,1.107106,ADD,BUY,99.98,300,9,False
101499,1.107712,ADD,SELL,100.05,200,8,False
101500,1.108241,ADD,BUY,100.01,100,9,False
101439,1.108768,EXECUTE,BUY,100.04,100,9,False
101501,1.108903,ADD,BUY,99.99,500,5,False
101502,1.109309,ADD,SELL,100.03,300,1,False
101503,1.109769,ADD,BUY,100.0,5000,11,True
100741,1.110516,EXECUTE,BUY,99.97,100,1,False
101504,1.111355,ADD,BUY,100.0,15000,11,True
101205,1.111854,CANCEL,BUY,99.97,300,5,False
101505,1.112699,ADD,BUY,100.0,100,3,False
100736,1.113397,EXECUTE,BUY,100.01,300,6,False
101506,1.114098,ADD,BUY,99.97,100,1,False
101507,1.114645,ADD,BUY,100.01,200,6,False
101508,1.115091,ADD,BUY,100.01,500,10,False
101509,1.115868,ADD,BUY,99.99,15000,11,True
100064,1.116781,EXECUTE,BUY,100.0,200,9,False
101323,1.117571,EXECUTE,BUY,99.95,200,2,False
101510,1.118503,ADD,SELL,100.0,300,4,False
100838,1.118962,CANCEL,SELL,99.99,15000,11,True
100359,1.119299,EXECUTE,BUY,100.0,200,3,False
101511,1.119514,ADD,BUY,100.03,300,9,False
101512,1.119893,ADD,SELL,99.99,100,7,False
101513,1.120186,ADD,SELL,99.99,200,7,False
101514,1.120808,ADD,SELL,100.0,300,2,False
101515,1.121692,ADD,BUY,99.96,500,7,False
101516,1.121804,ADD,BUY,100.03,200,2,False
101517,1.121998,ADD,SELL,99.99,10000,11,True
101518,1.122278,ADD,SELL,100.01,15000,11,True
101519,1.123016,ADD,SELL,99.97,200,3,False
100889,1.123429,CANCEL,BUY,100.04,100,3,False
101470,1.123555,EXECUTE,SELL,99.99,200,6,False
101520,1.123745,ADD,SELL,99.97,200,1,False
101521,1.124594,ADD,BUY,99.96,300,7,False
101522,1.12473,ADD,BUY,99.95,100,6,False
100090,1.125568,CANCEL,SELL,99.95,100,1,False
101523,1.126116,ADD,BUY,99.95,1000,10,False
101524,1.126931,ADD,BUY,100.02,300,2,False
100210,1.127606,EXECUTE,SELL,99.97,500,8,False
101525,1.127707,ADD,BUY,100.04,500,2,False
101526,1.127986,ADD,BUY,100.02,200,10,False
100266,1.128623,EXECUTE,SELL,100.04,100,10,False
101527,1.12901,ADD,SELL,99.99,1000,5,False
101528,1.129862,ADD,SELL,100.0,15000,11,True
101529,1.130322,ADD,BUY,99.99,5000,11,True
101055,1.130828,CANCEL,BUY,99.97,100,10,False
101530,1.131442,ADD,BUY,100.04,200,6,False
101219,1.131573,EXECUTE,BUY,99.95,300,10,False
101531,1.132019,ADD,SELL,100.04,200,5,False
101532,1.132121,ADD,SELL,99.99,200,7,False
101533,1.132902,ADD,BUY,100.0,200,6,False
101534,1.133705,ADD,BUY,100.04,200,4,False
100688,1.134495,EXECUTE,SELL,99.97,300,8,False
101535,1.135041,ADD,SELL,100.0,5000,11,True
101536,1.135838,ADD,SELL,99.97,200,10,False
101537,1.136788,ADD,SELL,99.97,1000,1,False
100341,1.137262,EXECUTE,SELL,100.02,300,9,False
101538,1.138239,ADD,BUY,99.98,200,6,False
101539,1.138406,ADD,BUY,100.03,200,3,False
101540,1.138867,ADD,BUY,100.0,100,7,False
101541,1.139062,ADD,BUY,99.99,500,4,False
101542,1.139995,ADD,SELL,100.03,200,7,False
101403,1.140574,EXECUTE,SELL,100.04,100,2,False
101543,1.141475,ADD,SELL,100.03,300,1,False
101544,1.142113,ADD,BUY,99.97,200,10,False
101545,1.142909,ADD,BUY,100.01,20000,11,True
101546,1.143695,ADD,BUY,100.02,200,9,False
101547,1.144282,ADD,SELL,100.05,200,6,False
101548,1.145032,ADD,SELL,99.97,200,8,False
101549,1.145696,ADD,BUY,100.0,15000,11,True
101550,1.146511,ADD,BUY,99.95,200,4,False
101472,1.147496,EXECUTE,BUY,100.0,200,7,False
101294,1.148221,EXECUTE,BUY,99.95,200,3,False
101551,1.148714,ADD,SELL,99.99,100,3,False
101552,1.149369,ADD,SELL,100.05,100,9,False
101553,1.149896,ADD,SELL,99.98,100,2,False
100933,1.150855,EXECUTE,BUY,99.95,200,9,False
101525,1.15179,CANCEL,BUY,100.04,500,2,False
100240,1.152289,CANCEL,SELL,99.98,100,4,False
101531,1.152649,EXECUTE,SELL,100.04,200,5,False
101554,1.153008,ADD,SELL,99.98,200,4,False
100645,1.153327,CANCEL,BUY,99.99,300,10,False
101555,1.15422,ADD,SELL,100.0,10000,11,True
100840,1.154682,EXECUTE,BUY,100.01,300,2,False
100332,1.154798,EXECUTE,BUY,99.98,300,4,False
101556,1.155307,ADD,SELL,100.05,500,9,False
101557,1.155825,ADD,SELL,99.96,100,3,False
100992,1.156825,EXECUTE,BUY,99.97,200,5,False
101558,1.156959,ADD,SELL,100.04,200,3,False
101559,1.157523,ADD,SELL,99.98,500,1,False
101560,1.158109,ADD,SELL,99.95,500,5,False
101450,1.158838,EXECUTE,SELL,100.0,300,6,False
101561,1.159346,ADD,BUY,100.04,500,10,False
101562,1.160209,ADD,BUY,100.0,200,5,False
101005,1.161183,EXECUTE,SELL,99.95,200,6,False
101563,1.161788,ADD,SELL,99.98,300,5,False
101564,1.162494,ADD,BUY,100.02,200,7,False
101490,1.163414,EXECUTE,BUY,99.95,100,10,False
101269,1.163553,EXECUTE,SELL,100.01,200,4,False
100916,1.163972,EXECUTE,BUY,99.99,100,2,False
101565,1.164496,ADD,BUY,100.01,100,6,False
101566,1.164758,ADD,BUY,100.03,100,3,False
100908,1.165134,CANCEL,BUY,100.02,200,6,False
101567,1.165421,ADD,SELL,100.03,500,4,False
101568,1.165998,ADD,BUY,99.97,1000,10,False
101569,1.16634,ADD,SELL,99.99,100,2,False
101570,1.16731,ADD,BUY,100.0,5000,11,True
101571,1.168102,ADD,SELL,99.97,200,5,False
100945,1.168834,EXECUTE,SELL,100.0,100,6,False
101408,1.169609,EXECUTE,SELL,99.96,200,5,False
101572,1.170345,ADD,SELL,100.01,100,4,False
101573,1.170935,ADD,SELL,99.95,200,2,False
101574,1.17162,ADD,BUY,100.04,200,2,False
101096,1.172469,CANCEL,SELL,99.96,500,7,False
101575,1.173368,ADD,BUY,99.98,100,3,False
101576,1.173868,ADD,SELL,99.98,200,3,False
101577,1.174092,ADD,SELL,99.95,300,6,False
101578,1.175072,ADD,BUY,99.98,100,7,False
101579,1.175862,ADD,SELL,100.05,100,4,False
101580,1.176382,ADD,SELL,100.0,200,4,False
101581,1.176925,ADD,SELL,99.99,200,4,False
101582,1.177779,ADD,SELL,100.0,200,5,False
101583,1.178692,ADD,SELL,100.01,300,9,False
101547,1.178918,EXECUTE,SELL,100.05,200,6,False
101584,1.179438,ADD,BUY,100.02,500,4,False
100751,1.179762,EXECUTE,BUY,100.02,100,2,False
101585,1.180621,ADD,BUY,99.99,300,2,False
100424,1.181123,CANCEL,BUY,99.98,200,2,False
101586,1.181265,ADD,BUY,100.04,1000,5,False
101160,1.181519,EXECUTE,BUY,100.02,500,1,False
101587,1.181847,ADD,SELL,100.02,500,2,False
101588,1.182738,ADD,SELL,99.98,100,1,False
101589,1.18371,ADD,BUY,100.04,1000,5,False
100713,1.184644,CANCEL,SELL,100.02,200,4,False
100957,1.185133,CANCEL,SELL,100.01,100,6,False
100815,1.186068,EXECUTE,BUY,99.99,100,4,False
101189,1.186921,EXECUTE,SELL,100.0,300,8,False
101590,1.187321,ADD,SELL,99.98,100,6,False
101591,1.187613,ADD,SELL,99.98,200,7,False
101592,1.188131,ADD,SELL,100.05,100,2,False
101593,1.188508,ADD,SELL,99.95,500,4,False
101594,1.189087,ADD,SELL,100.0,10000,11,True
101595,1.189312,ADD,SELL,99.98,300,3,False
101596,1.190096,ADD,SELL,99.95,500,2,False
101288,1.190886,EXECUTE,BUY,99.96,300,10,False
100571,1.191422,EXECUTE,BUY,100.04,100,9,False
101597,1.192046,ADD,SELL,100.01,500,6,False
101598,1.192169,ADD,SELL,99.96,500,8,False
101599,1.192873,ADD,BUY,100.04,300,6,False
100660,1.1932,EXECUTE,SELL,99.99,100,10,False
101600,1.193658,ADD,SELL,99.99,20000,11,True
101308,1.19463,CANCEL,SELL,99.97,200,5,False
101281,1.194847,EXECUTE,SELL,99.95,500,9,False
101601,1.195334,ADD,SELL,100.01,5000,11,True
101602,1.195568,ADD,BUY,99.98,300,2,False
101603,1.196219,ADD,SELL,100.05,300,9,False
101604,1.196831,ADD,SELL,99.97,200,2,False
101605,1.197558,ADD,BUY,100.05,300,10,False
101606,1.197896,ADD,BUY,100.03,200,5,False
101273,1.198021,EXECUTE,SELL,99.98,300,1,False
101607,1.198967,ADD,SELL,100.04,300,9,False
101608,1.199421,ADD,BUY,100.01,300,9,False
101469,1.200216,CANCEL,SELL,99.96,100,3,False
101609,1.201212,ADD,BUY,100.01,100,7,False
101610,1.201886,ADD,BUY,100.01,500,1,False
101465,1.202879,EXECUTE,BUY,100.01,1000,9,False
100799,1.203033,CANCEL,BUY,99.99,10000,11,True
101611,1.203937,ADD,SELL,99.95,100,7,False
101092,1.204743,EXECUTE,BUY,99.97,200,3,False
101612,1.205506,ADD,SELL,99.96,500,5,False
101613,1.205875,ADD,BUY,99.96,100,3,False
101428,1.206462,CANCEL,BUY,99.96,500,9,False
101614,1.207165,ADD,SELL,100.01,200,7,False
101615,1.207814,ADD,BUY,99.98,500,1,False
100290,1.208296,EXECUTE,BUY,100.01,300,3,False
100750,1.209294,EXECUTE,SELL,99.96,100,3,False
101616,1.209845,ADD,SELL,99.95,100,3,False
100349,1.210581,EXECUTE,BUY,99.98,500,9,False
101227,1.210964,EXECUTE,BUY,100.05,300,10,False
100358,1.211711,EXECUTE,BUY,99.98,500,4,False
101617,1.212439,ADD,SELL,100.02,300,3,False
101618,1.21325,ADD,SELL,99.95,100,8,False
101619,1.21376,ADD,BUY,100.01,100,3,False
100902,1.214629,CANCEL,SELL,100.01,15000,11,True
100943,1.21515,CANCEL,SELL,99.97,300,2,False
100096,1.216057,CANCEL,BUY,99.97,100,10,False
101620,1.216196,ADD,SELL,100.0,15000,11,True
100719,1.216793,CANCEL,BUY,100.0,10000,11,True
101621,1.217289,ADD,SELL,100.03,500,7,False
101576,1.218009,CANCEL,SELL,99.98,200,3,False
101622,1.218749,ADD,BUY,100.05,500,10,False
101623,1.219055,ADD,BUY,99.99,10000,11,True
101624,1.219218,ADD,BUY,99.98,200,10,False
101625,1.219987,ADD,SELL,100.02,100,3,False
101626,1.220797,ADD,BUY,100.02,200,1,False
101627,1.221354,ADD,BUY,99.99,10000,11,True
101628,1.221672,ADD,SELL,100.01,300,8,False
101629,1.222463,ADD,SELL,99.95,200,4,False
101630,1.223143,ADD,SELL,99.96,500,10,False
101631,1.224125,ADD,SELL,99.96,100,2,False
101241,1.225036,CANCEL,SELL,100.04,1000,8,False
101537,1.225507,EXECUTE,SELL,99.97,1000,1,False
101632,1.226111,ADD,SELL,99.96,100,1,False
101633,1.226409,ADD,BUY,100.01,100,9,False
101634,1.227093,ADD,BUY,99.95,200,4,False
101635,1.227823,ADD,BUY,99.96,300,3,False
101636,1.228395,ADD,BUY,100.04,300,7,False
101637,1.22917,ADD,BUY,99.96,100,5,False
100830,1.229699,EXECUTE,BUY,100.03,200,2,False
100870,1.230554,EXECUTE,BUY,99.97,300,2,False
101638,1.231023,ADD,BUY,99.99,300,1,False
101639,1.231391,ADD,SELL,100.02,100,4,False
101640,1.231686,ADD,SELL,99.99,200,1,False
101641,1.232163,ADD,BUY,100.04,300,7,False
101642,1.232441,ADD,BUY,100.02,1000,6,False
101643,1.232553,ADD,SELL,100.02,100,7,False
101644,1.233036,ADD,SELL,100.01,500,10,False
100373,1.233865,CANCEL,SELL,100.0,100,5,False
101645,1.234146,ADD,SELL,100.04,100,6,False
101377,1.234377,EXECUTE,SELL,99.99,200,8,False
100678,1.234552,CANCEL,BUY,100.03,300,4,False
101646,1.235055,ADD,BUY,100.02,300,1,False
101647,1.23556,ADD,SELL,99.99,500,6,False
101349,1.236056,EXECUTE,SELL,100.04,200,10,False
101245,1.236743,CANCEL,SELL,99.97,500,7,False
100548,1.237573,EXECUTE,BUY,100.03,200,2,False
101648,1.238493,ADD,BUY,100.02,500,9,False
101649,1.238756,ADD,BUY,99.97,100,6,False
101356,1.239184,CANCEL,BUY,100.03,200,8,False
101343,1.239744,CANCEL,SELL,100.01,10000,11,True
101650,1.240588,ADD,BUY,100.0,100,2,False
101651,1.240894,ADD,SELL,99.95,100,5,False
100690,1.241167,EXECUTE,BUY,99.97,100,10,False
100692,1.242043,CANCEL,BUY,100.04,300,8,False
101652,1.24219,ADD,BUY,99.98,200,4,False
101653,1.242544,ADD,BUY,100.03,100,10,False
101366,1.24315,EXECUTE,SELL,99.98,300,1,False
101654,1.243636,ADD,SELL,99.98,200,9,False
101655,1.243871,ADD,BUY,99.95,1000,4,False
101214,1.244273,EXECUTE,SELL,99.99,500,2,False
101656,1.245137,ADD,SELL,100.0,15000,11,True
101657,1.245992,ADD,BUY,100.0,100,1,False
101658,1.246597,ADD,SELL,99.95,100,1,False
101230,1.247215,EXECUTE,SELL,100.02,100,9,False
101064,1.247543,EXECUTE,BUY,100.0,100,9,False
101659,1.247881,ADD,SELL,99.96,500,10,False
101048,1.248543,EXECUTE,SELL,100.04,100,4,False
101660,1.249051,ADD,BUY,100.01,1000,8,False
101661,1.250033,ADD,SELL,99.99,200,10,False
100596,1.250747,CANCEL,SELL,100.0,15000,11,True
100141,1.251123,EXECUTE,SELL,100.01,300,4,False
101188,1.251934,EXECUTE,SELL,99.96,100,7,False
101662,1.252365,ADD,SELL,99.99,300,5,False
101270,1.253083,CANCEL,SELL,99.99,10000,11,True
101663,1.253578,ADD,BUY,100.03,100,9,False
101664,1.254479,ADD,BUY,99.96,100,6,False
101536,1.255379,EXECUTE,SELL,99.97,200,10,False
100484,1.255774,CANCEL,BUY,100.01,15000,11,True
101665,1.256401,ADD,SELL,100.0,500,1,False
100994,1.257053,EXECUTE,BUY,99.99,200,1,False
101666,1.258033,ADD,BUY,100.04,200,7,False
101667,1.258763,ADD,SELL,99.96,100,10,False
101668,1.259123,ADD,BUY,99.98,200,5,False
101669,1.259592,ADD,SELL,99.97,300,7,False
101670,1.260076,ADD,SELL,99.95,200,1,False
101671,1.260331,ADD,SELL,99.99,20000,11,True
101672,1.261059,ADD,BUY,100.03,200,6,False
101673,1.261815,ADD,BUY,100.03,100,4,False
101674,1.262721,ADD,SELL,100.02,500,9,False
101675,1.263052,ADD,SELL,99.96,200,2,False
101089,1.263417,EXECUTE,BUY,99.95,100,6,False
101676,1.263811,ADD,SELL,99.97,100,9,False
101677,1.264062,ADD,SELL,99.95,100,6,False
101276,1.264741,EXECUTE,BUY,99.99,100,4,False
101678,1.265141,ADD,BUY,99.98,200,10,False
101679,1.265282,ADD,BUY,100.05,200,3,False
101680,1.265714,ADD,BUY,100.03,300,9,False
101433,1.265854,CANCEL,SELL,99.96,100,4,False
101461,1.266337,EXECUTE,BUY,100.02,1000,6,False
101681,1.26671,ADD,SELL,100.03,300,9,False
101682,1.267353,ADD,SELL,100.02,100,3,False
101683,1.267499,ADD,BUY,100.0,100,7,False
101684,1.267634,ADD,SELL,99.99,100,5,False
101685,1.268616,ADD,BUY,99.96,300,5,False
101686,1.269534,ADD,BUY,100.01,500,2,False
101687,1.270519,ADD,SELL,99.97,300,1,False
101688,1.271366,ADD,BUY,100.03,500,3,False
101689,1.272135,ADD,BUY,99.99,200,2,False
101690,1.273062,ADD,SELL,100.0,500,7,False
101687,1.273275,EXECUTE,SELL,99.97,300,1,False
101691,1.273903,ADD,BUY,100.01,200,6,False
100327,1.274725,EXECUTE,BUY,100.02,200,6,False
101692,1.275319,ADD,SELL,100.04,500,5,False
101693,1.275595,ADD,SELL,99.98,500,7,False
101694,1.276008,ADD,SELL,100.0,100,10,False
101695,1.276404,ADD,SELL,100.0,500,10,False
101696,1.277046,ADD,BUY,100.01,300,10,False
101697,1.277962,ADD,SELL,99.96,200,5,False
101698,1.278845,ADD,SELL,100.0,200,4,False
101699,1.279079,ADD,SELL,100.0,20000,11,True
101700,1.279694,ADD,SELL,99.99,10000,11,True
101701,1.280309,ADD,BUY,100.01,100,5,False
101702,1.281122,ADD,SELL,100.04,1000,8,False
101703,1.281624,ADD,SELL,100.0,200,2,False
101704,1.282318,ADD,SELL,100.0,100,9,False
101705,1.283194,ADD,SELL,100.02,100,1,False
101706,1.284147,ADD,BUY,100.01,100,3,False
101707,1.284713,ADD,BUY,99.97,200,9,False
101708,1.285647,ADD,SELL,99.99,300,10,False
101709,1.286121,ADD,SELL,100.04,300,7,False
101710,1.286721,ADD,SELL,100.0,100,8,False
101711,1.286864,ADD,BUY,99.95,300,4,False
101196,1.287083,EXECUTE,SELL,100.0,100,5,False
101369,1.288018,CANCEL,SELL,100.04,200,1,False
101712,1.288436,ADD,BUY,99.99,300,10,False
101181,1.288688,EXECUTE,SELL,100.04,200,3,False
101713,1.28921,ADD,SELL,99.96,100,7,False
100708,1.289426,CANCEL,SELL,100.03,300,8,False
101714,1.289836,ADD,BUY,99.99,200,1,False
101715,1.290334,ADD,SELL,99.98,300,5,False
101716,1.290803,ADD,BUY,100.03,100,10,False
101717,1.291363,ADD,SELL,100.03,100,5,False
100445,1.291707,EXECUTE,BUY,99.99,100,5,False
101718,1.292073,ADD,SELL,100.04,200,2,False
101719,1.292688,ADD,SELL,99.99,300,8,False
101720,1.293323,ADD,SELL,99.99,100,2,False
100998,1.293692,EXECUTE,BUY,100.0,300,2,False
101721,1.294116,ADD,SELL,99.99,1000,2,False
101722,1.295066,ADD,SELL,100.0,5000,11,True
101723,1.295659,ADD,SELL,99.98,300,6,False
101724,1.296093,ADD,BUY,100.0,100,5,False
101725,1.296713,ADD,SELL,100.02,100,6,False
101623,1.297093,CANCEL,BUY,99.99,10000,11,True
101726,1.297884,ADD,SELL,99.98,200,4,False
101727,1.298385,ADD,SELL,100.05,500,1,False
101728,1.298734,ADD,SELL,99.97,100,10,False
101729,1.298848,ADD,BUY,99.95,100,4,False
101730,1.299098,ADD,SELL,99.97,500,10,False
101731,1.299464,ADD,SELL,100.04,200,7,False
101732,1.300047,ADD,SELL,99.96,200,6,False
101202,1.300556,EXECUTE,BUY,99.98,1000,7,False
101473,1.301056,EXECUTE,SELL,99.99,100,3,False
101733,1.301476,ADD,BUY,100.01,100,9,False
100285,1.302306,EXECUTE,SELL,99.99,100,7,False
101734,1.303034,ADD,SELL,100.04,300,1,False
101735,1.30354,ADD,BUY,99.99,100,9,False
101736,1.303764,ADD,BUY,99.96,100,4,False
101737,1.304355,ADD,BUY,100.03,300,5,False
101738,1.304759,ADD,SELL,100.0,500,3,False
101739,1.305405,ADD,SELL,99.97,500,10,False
101740,1.306201,ADD,BUY,99.96,300,1,False
101741,1.306994,ADD,SELL,99.97,300,8,False
100572,1.30788,CANCEL,BUY,100.03,300,4,False
101742,1.30818,ADD,BUY,99.99,200,5,False
101397,1.308618,EXECUTE,SELL,100.04,100,4,False
101743,1.308887,ADD,SELL,99.98,100,10,False
101744,1.309752,ADD,BUY,99.97,300,7,False
100825,1.310597,CANCEL,SELL,100.0,15000,11,True
101745,1.311548,ADD,SELL,100.0,100,4,False
101746,1.311795,ADD,BUY,99.99,100,9,False
100983,1.31222,EXECUTE,BUY,100.0,100,5,False
101747,1.312905,ADD,BUY,100.0,200,1,False
101748,1.313783,ADD,SELL,100.0,200,2,False
101330,1.314085,EXECUTE,SELL,100.01,500,9,False
101749,1.314564,ADD,SELL,100.01,300,1,False
101750,1.315085,ADD,SELL,100.05,300,2,False
101751,1.315808,ADD,SELL,100.02,200,2,False
100563,1.316678,EXECUTE,BUY,99.99,200,10,False
101752,1.317002,ADD,BUY,100.03,1000,4,False
101481,1.317831,EXECUTE,BUY,100.0,200,3,False
101753,1.318158,ADD,SELL,100.0,100,6,False
101754,1.318936,ADD,BUY,99.99,100,1,False
101237,1.319871,EXECUTE,SELL,100.03,200,10,False
101690,1.320163,CANCEL,SELL,100.0,500,7,False
101285,1.320842,CANCEL,SELL,100.04,1000,9,False
101755,1.321116,ADD,BUY,99.99,500,8,False
101756,1.321511,ADD,SELL,100.04,100,4,False
101757,1.322417,ADD,SELL,100.0,100,3,False
101758,1.322646,ADD,BUY,99.97,200,7,False
101759,1.32313,ADD,SELL,100.03,100,7,False
101760,1.323595,ADD,BUY,99.98,200,8,False
101761,1.324314,ADD,SELL,100.04,100,6,False
101762,1.325124,ADD,BUY,99.97,200,8,False
101763,1.326074,ADD,SELL,100.0,500,9,False
101764,1.32707,ADD,BUY,100.01,10000,11,True
101765,1.327268,ADD,BUY,99.99,5000,11,True
101766,1.328084,ADD,SELL,100.05,200,3,False
101600,1.329083,CANCEL,SELL,99.99,20000,11,True
101767,1.329926,ADD,BUY,99.98,200,9,False
101768,1.330525,ADD,SELL,100.02,100,5,False
101769,1.330686,ADD,BUY,99.99,200,10,False
101770,1.33136,ADD,SELL,100.02,100,2,False
100226,1.332314,EXECUTE,BUY,100.01,100,6,False
101771,1.332735,ADD,SELL,100.03,100,8,False
101772,1.332924,ADD,BUY,100.01,100,8,False
101773,1.333811,ADD,BUY,100.01,15000,11,True
101774,1.334121,ADD,BUY,99.98,200,1,False
101775,1.334249,ADD,SELL,100.0,100,1,False
101776,1.334406,ADD,SELL,100.01,1000,3,False
101777,1.335006,ADD,SELL,99.97,1000,10,False
101778,1.335541,ADD,SELL,99.97,200,7,False
101779,1.336249,ADD,SELL,99.98,100,5,False
101780,1.336954,ADD,SELL,99.96,100,1,False
101392,1.337072,CANCEL,SELL,100.05,1000,3,False
101781,1.338033,ADD,BUY,100.0,200,4,False
101266,1.338343,CANCEL,SELL,99.98,300,8,False
101782,1.338875,ADD,SELL,100.04,200,2,False
101783,1.33919,ADD,SELL,100.03,500,1,False
101416,1.34,EXECUTE,SELL,100.01,100,1,False
101784,1.340552,ADD,SELL,99.99,1000,3,False
101785,1.341391,ADD,SELL,100.0,1000,4,False
101786,1.341993,ADD,SELL,100.05,200,1,False
101787,1.342945,ADD,SELL,100.0,100,9,False
101788,1.343298,ADD,SELL,99.99,100,2,False
101789,1.344235,ADD,BUY,100.0,300,9,False
101587,1.34462,CANCEL,SELL,100.02,500,2,False
101790,1.345438,ADD,BUY,99.96,100,8,False
101791,1.3464,ADD,BUY,99.97,200,9,False
101792,1.347125,ADD,BUY,100.03,200,9,False
100862,1.347832,EXECUTE,BUY,100.03,100,4,False
101793,1.348126,ADD,SELL,99.96,1000,6,False
101794,1.349066,ADD,BUY,99.97,200,2,False
101335,1.349188,EXECUTE,BUY,100.0,100,4,False
101280,1.349889,EXECUTE,SELL,100.02,500,4,False
100995,1.350728,EXECUTE,SELL,100.04,500,4,False
101642,1.351457,EXECUTE,BUY,100.02,1000,6,False
101455,1.35235,CANCEL,SELL,100.01,300,10,False
101795,1.35256,ADD,SELL,100.0,100,8,False
101796,1.353008,ADD,BUY,99.97,200,5,False
101797,1.353743,ADD,SELL,100.0,500,7,False
101798,1.354477,ADD,BUY,100.04,1000,4,False
101799,1.354988,ADD,BUY,100.01,15000,11,True
101800,1.355217,ADD,BUY,100.0,500,2,False
101801,1.355452,ADD,BUY,100.01,100,7,False
101802,1.355995,ADD,SELL,100.03,100,3,False
101803,1.35626,ADD,SELL,99.97,200,8,False
101804,1.356854,ADD,BUY,100.03,200,5,False
101454,1.357804,EXECUTE,SELL,100.0,500,1,False
101805,1.358746,ADD,BUY,100.04,1000,5,False
101487,1.359097,EXECUTE,BUY,100.02,100,6,False
101713,1.359752,EXECUTE,SELL,99.96,100,7,False
100747,1.36031,EXECUTE,BUY,99.99,300,7,False
101806,1.361183,ADD,BUY,99.97,500,2,False
101807,1.361915,ADD,BUY,99.99,15000,11,True
100067,1.362242,EXECUTE,BUY,99.98,100,5,False
101808,1.363093,ADD,BUY,99.97,300,7,False
101809,1.363483,ADD,SELL,99.98,200,5,False
101810,1.363659,ADD,SELL,100.02,200,4,False
101811,1.364412,ADD,SELL,99.95,100,2,False
101812,1.365165,ADD,SELL,99.96,100,9,False
101813,1.365806,ADD,BUY,100.04,200,9,False
101814,1.366428,ADD,SELL,100.0,15000,11,True
101815,1.366765,ADD,BUY,100.0,300,5,False
101816,1.367357,ADD,BUY,100.05,100,1,False
100788,1.367501,EXECUTE,BUY,100.05,300,2,False
101817,1.368411,ADD,BUY,100.0,100,1,False
101818,1.368879,ADD,BUY,99.99,15000,11,True
101819,1.36916,ADD,SELL,100.04,300,6,False
101282,1.369756,CANCEL,SELL,99.98,100,1,False
101820,1.370391,ADD,SELL,100.0,500,9,False
101080,1.370729,EXECUTE,SELL,100.03,300,4,False
101140,1.371676,EXECUTE,SELL,100.01,100,9,False
101821,1.37187,ADD,SELL,100.0,100,9,False
100302,1.372491,EXECUTE,SELL,100.04,300,1,False
101348,1.372756,EXECUTE,SELL,99.98,300,7,False
101822,1.373079,ADD,SELL,100.02,100,1,False
100752,1.373384,EXECUTE,BUY,100.01,200,5,False
101823,1.373531,ADD,BUY,100.04,1000,1,False
101824,1.374105,ADD,BUY,99.99,200,6,False
100694,1.374394,EXECUTE,SELL,99.99,100,5,False
101825,1.375291,ADD,SELL,100.01,300,7,False
101826,1.375471,ADD,SELL,100.05,100,9,False
101827,1.37646,ADD,BUY,100.03,200,3,False
101828,1.376635,ADD,SELL,100.01,300,10,False
101829,1.376805,ADD,BUY,99.96,200,10,False
101830,1.377703,ADD,BUY,100.04,200,2,False
101831,1.378555,ADD,SELL,99.99,100,4,False
101832,1.378665,ADD,BUY,100.0,10000,11,True
101833,1.378934,ADD,SELL,99.96,300,6,False
101834,1.379267,ADD,SELL,100.02,1000,3,False
101835,1.379903,ADD,BUY,100.0,500,3,False
101099,1.38058,CANCEL,BUY,100.02,200,9,False
101836,1.381524,ADD,BUY,99.98,500,8,False
101837,1.38164,ADD,BUY,99.97,100,1,False
101838,1.382572,ADD,SELL,100.01,300,9,False
101839,1.38335,ADD,SELL,99.97,1000,7,False
101840,1.384215,ADD,SELL,99.98,300,4,False
101019,1.384803,EXECUTE,SELL,99.97,200,1,False
101774,1.385664,CANCEL,BUY,99.98,200,1,False
101841,1.385917,ADD,BUY,100.03,200,1,False
101842,1.386375,ADD,SELL,99.95,500,2,False
101719,1.38677,EXECUTE,SELL,99.99,300,8,False
101843,1.387679,ADD,BUY,100.01,10000,11,True
101844,1.387822,ADD,BUY,100.01,10000,11,True
100900,1.38839,CANCEL,SELL,99.99,300,6,False
101845,1.388668,ADD,BUY,100.0,300,1,False
101846,1.389409,ADD,SELL,100.0,100,2,False
101847,1.38971,ADD,BUY,100.01,10000,11,True
101848,1.390507,ADD,BUY,100.05,200,6,False
101849,1.391361,ADD,BUY,100.04,200,5,False
101566,1.391872,CANCEL,BUY,100.03,100,3,False
101850,1.39233,ADD,BUY,99.96,1000,8,False
101851,1.393014,ADD,BUY,99.99,5000,11,True
101852,1.39328,ADD,SELL,99.99,100,7,False
101853,1.393631,ADD,BUY,99.99,100,6,False
101489,1.394453,EXECUTE,SELL,99.99,100,6,False
101854,1.394867,ADD,SELL,100.0,10000,11,True
100881,1.39564,EXECUTE,BUY,100.0,200,7,False
101855,1.396511,ADD,SELL,100.03,300,3,False
101856,1.396731,ADD,BUY,99.98,300,7,False
101857,1.396837,ADD,SELL,99.98,500,9,False
101858,1.397476,ADD,BUY,100.0,100,8,False
101859,1.398322,ADD,BUY,99.98,200,6,False
101860,1.399233,ADD,BUY,100.04,300,5,False
101861,1.399681,ADD,BUY,99.96,100,10,False
101862,1.4003,ADD,BUY,100.01,100,5,False
101863,1.40042,ADD,BUY,99.97,300,2,False
101864,1.400597,ADD,BUY,100.04,100,9,False
101865,1.400749,ADD,SELL,100.02,500,5,False
101866,1.400861,ADD,BUY,100.05,300,9,False
101867,1.401303,ADD,BUY,99.98,300,8,False
101223,1.402019,EXECUTE,SELL,100.0,200,7,False
101868,1.402685,ADD,BUY,100.0,200,1,False
101869,1.403658,ADD,BUY,99.97,500,7,False
101870,1.404596,ADD,SELL,99.98,200,2,False
101871,1.405185,ADD,BUY,100.01,200,2,False
101872,1.405746,ADD,BUY,100.01,10000,11,True
100413,1.40628,EXECUTE,BUY,99.99,200,10,False
101873,1.406772,ADD,BUY,100.05,300,1,False
101874,1.406975,ADD,BUY,100.01,500,10,False
101875,1.40734,ADD,SELL,100.03,100,9,False
101876,1.408234,ADD,SELL,99.99,100,10,False
101684,1.408508,EXECUTE,SELL,99.99,100,5,False
101877,1.408954,ADD,BUY,100.0,300,4,False
101878,1.409382,ADD,SELL,100.01,100,4,False
101879,1.410041,ADD,BUY,99.97,300,5,False
101880,1.410306,ADD,SELL,99.96,300,3,False
101881,1.410548,ADD,SELL,99.95,500,10,False
100328,1.411005,CANCEL,BUY,100.03,200,7,False
101882,1.411112,ADD,BUY,99.98,200,8,False
101059,1.411219,CANCEL,BUY,100.0,15000,11,True
101883,1.412192,ADD,BUY,99.97,100,1,False
101884,1.413052,ADD,SELL,100.0,5000,11,True
101885,1.413547,ADD,BUY,100.04,200,5,False
101886,1.41439,ADD,SELL,100.03,100,6,False
101887,1.414738,ADD,BUY,99.96,200,7,False
101888,1.415165,ADD,BUY,100.01,500,4,False
101889,1.415331,ADD,BUY,100.0,15000,11,True
101426,1.415636,CANCEL,SELL,100.01,200,7,False
101890,1.415999,ADD,BUY,100.0,200,10,False
101598,1.416823,EXECUTE,SELL,99.96,500,8,False
101891,1.417632,ADD,SELL,100.0,100,9,False
101892,1.418444,ADD,SELL,99.99,100,2,False
101893,1.418772,ADD,SELL,100.02,200,10,False
101894,1.419412,ADD,BUY,100.0,100,7,False
101895,1.419915,ADD,SELL,99.99,200,3,False
101896,1.420257,ADD,SELL,99.99,300,9,False
101897,1.420957,ADD,BUY,100.02,1000,3,False
101898,1.421266,ADD,SELL,99.97,500,1,False
101899,1.421769,ADD,SELL,99.99,100,5,False
101900,1.422032,ADD,BUY,100.04,300,2,False
101206,1.42227,CANCEL,SELL,100.02,200,10,False
101901,1.423113,ADD,BUY,100.04,100,10,False
101902,1.423698,ADD,SELL,100.05,100,3,False
101903,1.42464,ADD,SELL,99.99,200,10,False
101321,1.424997,EXECUTE,SELL,100.0,200,8,False
101904,1.425837,ADD,BUY,100.0,100,9,False
101905,1.426813,ADD,BUY,99.99,100,1,False
101906,1.42696,ADD,BUY,99.96,200,9,False
101702,1.427905,EXECUTE,SELL,100.04,1000,8,False
101907,1.428409,ADD,BUY,99.96,200,9,False
100177,1.428923,EXECUTE,BUY,100.01,100,8,False
101908,1.429178,ADD,SELL,99.96,1000,8,False
101180,1.429947,CANCEL,SELL,100.04,100,3,False
100974,1.430418,EXECUTE,SELL,100.0,500,6,False
100871,1.430619,EXECUTE,SELL,100.03,100,9,False
101909,1.43124,ADD,BUY,100.04,100,4,False
100239,1.431715,EXECUTE,BUY,99.98,100,7,False
101910,1.432361,ADD,SELL,99.99,100,3,False
101851,1.433061,CANCEL,BUY,99.99,5000,11,True
101911,1.433628,ADD,SELL,100.01,300,3,False
101912,1.433858,ADD,SELL,100.0,100,1,False
101913,1.434158,ADD,BUY,100.03,200,8,False
101914,1.435149,ADD,SELL,99.97,100,6,False
100554,1.436136,EXECUTE,SELL,99.95,100,8,False
101340,1.436881,EXECUTE,BUY,100.01,500,3,False
100336,1.437549,CANCEL,SELL,99.96,100,10,False
101915,1.437823,ADD,SELL,99.99,200,10,False
101916,1.437982,ADD,SELL,99.99,300,9,False
101917,1.438431,ADD,BUY,99.98,200,10,False
101918,1.439023,ADD,SELL,99.98,200,8,False
101919,1.439896,ADD,SELL,100.02,100,4,False
101920,1.440502,ADD,BUY,100.03,100,8,False
101921,1.441116,ADD,SELL,100.03,100,1,False
101922,1.441273,ADD,BUY,100.0,10000,11,True
101923,1.441394,ADD,BUY,100.05,100,2,False
101924,1.441504,ADD,SELL,99.98,200,1,False
101153,1.441897,EXECUTE,SELL,100.05,300,4,False
101925,1.442106,ADD,BUY,100.0,200,4,False
101926,1.442374,ADD,BUY,100.04,100,2,False
101927,1.442791,ADD,SELL,99.96,500,7,False
101928,1.443039,ADD,BUY,100.0,200,5,False
101929,1.443905,ADD,BUY,99.97,100,2,False
101930,1.444614,ADD,SELL,100.01,100,1,False
101644,1.444873,EXECUTE,SELL,100.01,500,10,False
101931,1.445432,ADD,BUY,100.02,300,10,False
100208,1.446394,EXECUTE,SELL,100.02,100,7,False
101932,1.447199,ADD,BUY,100.04,500,10,False
101165,1.447593,EXECUTE,BUY,100.03,200,6,False
101933,1.447964,ADD,BUY,99.95,100,7,False
101934,1.448183,ADD,BUY,99.97,200,7,False
101935,1.448619,ADD,BUY,99.96,500,2,False
101042,1.448864,EXECUTE,BUY,99.95,300,5,False
100307,1.449388,EXECUTE,BUY,99.95,100,1,False
101936,1.45002,ADD,BUY,99.95,100,4,False
101937,1.450277,ADD,BUY,99.96,100,7,False
101938,1.450849,ADD,SELL,100.04,300,10,False
101175,1.451103,EXECUTE,SELL,100.04,200,5,False
101939,1.452051,ADD,SELL,100.05,500,10,False
100845,1.452799,EXECUTE,SELL,99.98,100,3,False
101940,1.453333,ADD,BUY,100.01,20000,11,True
101103,1.453551,CANCEL,BUY,99.99,10000,11,True
101941,1.453777,ADD,SELL,100.0,100,2,False
101942,1.454022,ADD,SELL,99.98,100,8,False
101943,1.454217,ADD,BUY,99.97,300,3,False
101944,1.45485,ADD,SELL,100.04,200,10,False
100407,1.455656,CANCEL,SELL,100.0,10000,11,True
101945,1.456299,ADD,BUY,100.0,20000,11,True
101307,1.456674,EXECUTE,SELL,99.96,300,2,False
101946,1.456809,ADD,BUY,99.97,200,5,False
101947,1.457107,ADD,BUY,100.0,20000,11,True
100073,1.457942,CANCEL,SELL,100.04,200,7,False
100196,1.458551,EXECUTE,SELL,99.96,100,5,False
101948,1.458802,ADD,BUY,100.01,100,5,False
101949,1.459792,ADD,BUY,100.04,100,3,False
101950,1.459968,ADD,BUY,99.96,100,7,False
101951,1.460268,ADD,SELL,99.99,200,9,False
101952,1.46092,ADD,SELL,100.03,100,5,False
101953,1.461322,ADD,BUY,100.04,300,6,False
101954,1.461914,ADD,BUY,100.04,100,6,False
101940,1.462086,CANCEL,BUY,100.01,20000,11,True
101636,1.462416,EXECUTE,BUY,100.04,300,7,False
101955,1.463402,ADD,BUY,99.98,500,7,False
101956,1.463775,ADD,BUY,99.97,100,10,False
101957,1.46406,ADD,BUY,99.99,10000,11,True
101958,1.464658,ADD,SELL,100.02,100,8,False
100636,1.465282,CANCEL,SELL,100.03,300,10,False
101959,1.465476,ADD,SELL,100.02,200,8,False
101381,1.466456,EXECUTE,BUY,100.03,300,8,False
101960,1.466626,ADD,SELL,99.99,20000,11,True
101812,1.467529,EXECUTE,SELL,99.96,100,9,False
101961,1.468351,ADD,SELL,100.01,15000,11,True
101962,1.468684,ADD,BUY,99.97,200,1,False
101963,1.468846,ADD,BUY,100.03,100,9,False
101964,1.469631,ADD,BUY,100.03,300,4,False
101316,1.469826,EXECUTE,SELL,100.02,1000,3,False
101965,1.469973,ADD,SELL,100.04,300,4,False
100730,1.470289,EXECUTE,BUY,99.97,300,2,False
101966,1.470927,ADD,BUY,99.97,300,3,False
101029,1.47179,EXECUTE,BUY,100.04,200,10,False
101967,1.471892,ADD,SELL,99.95,200,7,False
100986,1.472803,EXECUTE,BUY,99.95,300,9,False
101968,1.473636,ADD,SELL,100.03,500,5,False
101969,1.474287,ADD,SELL,100.05,300,8,False
101242,1.474668,EXECUTE,BUY,100.0,100,4,False
101830,1.475206,CANCEL,BUY,100.04,200,2,False
101970,1.476123,ADD,BUY,100.04,100,9,False
101971,1.476806,ADD,BUY,99.98,200,4,False
101972,1.476917,ADD,SELL,99.96,100,8,False
101973,1.477886,ADD,SELL,100.0,5000,11,True
101802,1.478472,EXECUTE,SELL,100.03,100,3,False
101974,1.478978,ADD,SELL,99.97,200,4,False
100535,1.47919,EXECUTE,SELL,100.02,300,1,False
101975,1.479754,ADD,SELL,99.99,15000,11,True
101976,1.480715,ADD,BUY,100.03,1000,10,False
100689,1.480895,EXECUTE,BUY,99.95,200,2,False
101977,1.481106,ADD,SELL,100.03,200,10,False
101978,1.482018,ADD,SELL,99.99,500,4,False
101979,1.482982,ADD,BUY,99.97,100,1,False
101980,1.483328,ADD,BUY,99.96,300,4,False
100767,1.483827,CANCEL,SELL,99.97,1000,9,False
101923,1.484097,EXECUTE,BUY,100.05,100,2,False
101981,1.48483,ADD,SELL,100.0,200,6,False
101982,1.485025,ADD,SELL,99.99,100,3,False
101983,1.485255,ADD,BUY,100.04,500,8,False
101984,1.485639,ADD,BUY,99.97,100,1,False
101701,1.486541,EXECUTE,BUY,100.01,100,5,False
101985,1.487515,ADD,SELL,99.96,300,10,False
101410,1.488425,EXECUTE,BUY,100.03,100,6,False
101986,1.489148,ADD,BUY,100.03,500,9,False
101987,1.489343,ADD,SELL,99.99,300,9,False
101988,1.490149,ADD,SELL,100.04,200,10,False
101735,1.490508,EXECUTE,BUY,99.99,100,9,False
101989,1.490654,ADD,BUY,99.97,300,1,False
101990,1.491418,ADD,BUY,99.96,200,1,False
100758,1.491581,EXECUTE,BUY,99.98,500,4,False
101822,1.491789,EXECUTE,SELL,100.02,100,1,False
101932,1.492384,CANCEL,BUY,100.04,500,10,False
101991,1.492614,ADD,BUY,100.04,200,10,False
101992,1.4928,ADD,SELL,99.97,300,6,False
101665,1.493512,CANCEL,SELL,100.0,500,1,False
101951,1.4943,EXECUTE,SELL,99.99,200,9,False
101993,1.494842,ADD,SELL,100.0,5000,11,True
101432,1.495,EXECUTE,BUY,100.01,200,8,False
101994,1.495348,ADD,BUY,99.97,200,9,False
100798,1.495458,EXECUTE,SELL,99.96,300,3,False
101995,1.496372,ADD,BUY,100.0,15000,11,True
101996,1.496737,ADD,BUY,100.05,200,2,False
100200,1.497401,EXECUTE,SELL,100.05,200,7,False
101997,1.497836,ADD,BUY,100.0,100,1,False
101998,1.497938,ADD,BUY,100.04,300,4,False
101999,1.498254,ADD,BUY,100.04,200,9,False
102000,1.498665,ADD,SELL,99.97,500,8,False
101113,1.499273,CANCEL,BUY,99.99,15000,11,True
102001,1.499931,ADD,SELL,100.0,300,2,False
100219,1.500543,CANCEL,BUY,100.0,20000,11,True
102002,1.501145,ADD,SELL,100.03,300,10,False
102003,1.501992,ADD,SELL,100.01,100,8,False
100296,1.502111,CANCEL,BUY,99.97,100,9,False
102004,1.502954,ADD,SELL,100.01,10000,11,True
102005,1.503196,ADD,SELL,100.03,100,9,False
102006,1.503752,ADD,BUY,99.97,100,4,False
102007,1.503943,ADD,BUY,100.02,500,1,False
101053,1.504365,EXECUTE,BUY,99.98,200,8,False
102008,1.505073,ADD,BUY,100.02,200,10,False
102009,1.505367,ADD,SELL,99.98,300,2,False
101028,1.505783,EXECUTE,SELL,100.01,200,5,False
102010,1.506422,ADD,BUY,100.0,100,9,False
102011,1.506761,ADD,BUY,100.01,300,2,False
102012,1.507737,ADD,SELL,99.99,200,1,False
102013,1.508179,ADD,SELL,99.96,200,3,False
102014,1.508852,ADD,BUY,99.95,200,5,False
102015,1.509225,ADD,BUY,99.96,200,7,False
101650,1.509864,CANCEL,BUY,100.0,100,2,False
101258,1.510396,EXECUTE,SELL,100.04,500,3,False
102016,1.510538,ADD,BUY,99.97,100,4,False
102017,1.511116,ADD,BUY,99.98,200,4,False
102018,1.511645,ADD,SELL,100.02,300,5,False
101637,1.512132,EXECUTE,BUY,99.96,100,5,False
101965,1.512458,EXECUTE,SELL,100.04,300,4,False
102019,1.513393,ADD,BUY,99.99,1000,4,False
101976,1.51367,EXECUTE,BUY,100.03,1000,10,False
102020,1.514015,ADD,BUY,99.99,500,1,False
102021,1.514498,ADD,SELL,100.0,100,3,False
102022,1.514743,ADD,SELL,99.97,300,9,False
102023,1.51531,ADD,BUY,100.03,200,6,False
102024,1.515713,ADD,SELL,100.01,100,7,False
102025,1.516134,ADD,BUY,100.0,300,2,False
102026,1.51641,ADD,SELL,99.96,200,8,False
102027,1.5173,ADD,SELL,100.04,500,3,False
102028,1.517513,ADD,BUY,100.0,200,7,False
101164,1.517696,EXECUTE,BUY,99.97,100,6,False
101981,1.517872,EXECUTE,SELL,100.0,200,6,False
101699,1.51827,CANCEL,SELL,100.0,20000,11,True
102029,1.519144,ADD,SELL,100.02,300,1,False
102030,1.519815,ADD,SELL,100.03,100,4,False
102031,1.520693,ADD,BUY,100.0,100,8,False
102032,1.521269,ADD,SELL,100.0,200,8,False
102033,1.521425,ADD,SELL,100.01,200,6,False
102034,1.52172,ADD,BUY,100.04,200,4,False
101279,1.522265,CANCEL,BUY,100.0,10000,11,True
101652,1.522681,EXECUTE,BUY,99.98,200,4,False
101777,1.523197,EXECUTE,SELL,99.97,1000,10,False
102035,1.523732,ADD,BUY,100.04,100,9,False
102036,1.524307,ADD,BUY,100.0,5000,11,True
100727,1.524859,EXECUTE,SELL,99.98,300,3,False
102037,1.525025,ADD,BUY,99.99,300,7,False
102038,1.52565,ADD,SELL,100.04,1000,4,False
102039,1.526526,ADD,BUY,99.95,100,8,False
101006,1.527021,EXECUTE,SELL,100.03,300,4,False
102040,1.527306,ADD,SELL,99.99,300,9,False
102041,1.52802,ADD,SELL,100.03,100,9,False
102042,1.528344,ADD,BUY,99.96,100,9,False
102043,1.52897,ADD,BUY,100.04,100,4,False
102044,1.529214,ADD,BUY,100.05,300,3,False
102045,1.529741,ADD,BUY,100.04,300,10,False
102046,1.530284,ADD,BUY,99.96,100,3,False
102047,1.530654,ADD,BUY,100.01,200,6,False
102048,1.5308,ADD,BUY,100.02,200,4,False
100947,1.531125,EXECUTE,SELL,100.03,200,2,False
102049,1.531401,ADD,SELL,100.04,500,5,False
102050,1.532082,ADD,SELL,99.96,100,4,False
102051,1.532453,ADD,SELL,99.99,100,10,False
102052,1.533341,ADD,BUY,99.99,300,3,False
102053,1.534046,ADD,BUY,99.96,200,1,False
102054,1.534683,ADD,BUY,100.01,15000,11,True
102055,1.535664,ADD,SELL,99.99,100,1,False
102056,1.535833,ADD,BUY,99.99,100,9,False
102057,1.536392,ADD,BUY,99.97,300,4,False
101861,1.536624,EXECUTE,BUY,99.96,100,10,False
101987,1.537193,EXECUTE,SELL,99.99,300,9,False
101716,1.53755,EXECUTE,BUY,100.03,100,10,False
102058,1.537998,ADD,BUY,100.05,300,6,False
102059,1.538601,ADD,BUY,100.01,15000,11,True
102060,1.539032,ADD,BUY,100.05,200,2,False
101562,1.539861,EXECUTE,BUY,100.0,200,5,False
101722,1.540407,CANCEL,SELL,100.0,5000,11,True
102061,1.541404,ADD,BUY,99.97,200,5,False
102062,1.541899,ADD,SELL,99.96,200,7,False
100725,1.542482,EXECUTE,SELL,99.95,200,5,False
101913,1.542666,CANCEL,BUY,100.03,200,8,False
102063,1.543425,ADD,BUY,99.99,100,3,False
102064,1.544412,ADD,SELL,100.04,200,9,False
102065,1.544821,ADD,SELL,99.99,200,2,False
100334,1.545278,EXECUTE,SELL,100.04,200,6,False
102066,1.54576,ADD,BUY,99.95,100,9,False
101902,1.546248,EXECUTE,SELL,100.05,100,3,False
102067,1.546943,ADD,BUY,100.01,500,8,False
102068,1.547613,ADD,SELL,100.04,500,5,False
102069,1.548156,ADD,SELL,99.97,100,8,False
102070,1.54881,ADD,SELL,99.97,100,1,False
102071,1.548965,ADD,SELL,99.99,1000,5,False
102072,1.549687,ADD,SELL,100.05,200,5,False
101834,1.550527,CANCEL,SELL,100.02,1000,3,False
101970,1.550888,EXECUTE,BUY,100.04,100,9,False
102073,1.5518,ADD,SELL,100.01,100,10,False
101117,1.552149,EXECUTE,BUY,100.03,200,4,False
102074,1.552524,ADD,BUY,99.98,200,6,False
102075,1.552887,ADD,BUY,99.96,200,8,False
102072,1.553415,EXECUTE,SELL,100.05,200,5,False
101492,1.554238,CANCEL,BUY,99.99,10000,11,True
102076,1.554872,ADD,BUY,100.02,200,5,False
102014,1.555201,EXECUTE,BUY,99.95,200,5,False
100980,1.556165,EXECUTE,SELL,99.96,100,7,False
102077,1.556418,ADD,SELL,99.99,15000,11,True
102078,1.557064,ADD,SELL,100.05,300,3,False
101725,1.557184,CANCEL,SELL,100.02,100,6,False
100907,1.557765,EXECUTE,SELL,100.01,100,10,False
102079,1.558016,ADD,SELL,100.01,100,4,False
101916,1.558335,CANCEL,SELL,99.99,300,9,False
102080,1.558439,ADD,BUY,100.01,300,7,False
102081,1.559072,ADD,SELL,100.03,200,4,False
101654,1.559462,CANCEL,SELL,99.98,200,9,False
102082,1.559798,ADD,SELL,100.0,300,1,False
102083,1.560296,ADD,SELL,99.97,100,10,False
101309,1.560829,EXECUTE,BUY,100.0,200,5,False
102084,1.561635,ADD,BUY,99.97,100,2,False
102085,1.56207,ADD,SELL,99.95,200,2,False
102086,1.563003,ADD,SELL,100.05,200,4,False
102087,1.563868,ADD,BUY,100.02,300,5,False
102088,1.564308,ADD,SELL,99.98,100,8,False
102089,1.564993,ADD,BUY,99.99,100,5,False
102090,1.565457,ADD,SELL,99.96,200,10,False
102091,1.56611,ADD,SELL,100.03,100,8,False
101081,1.566442,CANCEL,BUY,100.0,5000,11,True
102092,1.56711,ADD,SELL,100.03,300,3,False
102093,1.568085,ADD,SELL,100.0,200,10,False
102094,1.569072,ADD,BUY,100.02,100,1,False
102095,1.56997,ADD,SELL,100.01,100,8,False
102096,1.570478,ADD,SELL,100.0,5000,11,True
101405,1.571335,CANCEL,SELL,100.02,1000,7,False
100514,1.571705,EXECUTE,SELL,99.98,100,7,False
102097,1.572115,ADD,BUY,100.04,100,2,False
102098,1.57244,ADD,BUY,99.97,200,10,False
102099,1.572817,ADD,BUY,99.97,100,1,False
102100,1.573492,ADD,BUY,100.02,100,6,False
102101,1.574106,ADD,SELL,99.98,500,5,False
102102,1.574359,ADD,SELL,99.98,300,5,False
102103,1.574995,ADD,BUY,99.96,200,3,False
102104,1.575777,ADD,SELL,99.96,200,7,False
102105,1.576023,ADD,BUY,99.97,1000,4,False
102106,1.576304,ADD,BUY,99.99,300,5,False
102107,1.576466,ADD,BUY,100.0,300,2,False
102108,1.576644,ADD,SELL,100.01,500,6,False
102109,1.577436,ADD,BUY,99.97,300,5,False
100651,1.57775,EXECUTE,BUY,99.97,100,1,False
100775,1.57799,CANCEL,BUY,99.96,500,8,False
102110,1.578133,ADD,SELL,99.98,300,8,False
102111,1.57908,ADD,BUY,99.98,200,1,False
102112,1.579448,ADD,SELL,100.01,100,6,False
102113,1.579597,ADD,BUY,100.0,10000,11,True
102114,1.579893,ADD,BUY,100.0,5000,11,True
102115,1.580697,ADD,BUY,99.96,200,4,False
102116,1.581377,ADD,SELL,100.04,200,6,False
102117,1.581848,ADD,SELL,100.03,100,9,False
102118,1.582782,ADD,BUY,99.99,500,4,False
101156,1.582916,EXECUTE,BUY,100.04,200,8,False
102119,1.583876,ADD,BUY,100.04,500,10,False
102120,1.583998,ADD,BUY,99.98,100,9,False
102121,1.584734,ADD,SELL,100.0,200,3,False
100338,1.585715,EXECUTE,BUY,100.05,100,7,False
102122,1.586354,ADD,SELL,100.03,300,3,False
101988,1.58673,CANCEL,SELL,100.04,200,10,False
102123,1.587579,ADD,SELL,100.04,200,7,False
101389,1.587713,EXECUTE,BUY,100.05,200,5,False
102066,1.588512,EXECUTE,BUY,99.95,100,9,False
102124,1.589179,ADD,SELL,100.01,15000,11,True
102125,1.589844,ADD,SELL,100.0,300,8,False
102126,1.590622,ADD,SELL,99.96,200,4,False
102127,1.590795,ADD,SELL,99.95,300,7,False
102128,1.591212,ADD,BUY,99.96,200,3,False
102129,1.591378,ADD,BUY,100.04,100,3,False
102130,1.591979,ADD,SELL,100.02,200,10,False
102131,1.592783,ADD,BUY,100.02,1000,6,False
102132,1.593303,ADD,BUY,100.01,100,4,False
102133,1.594285,ADD,BUY,99.98,300,4,False
100501,1.594465,EXECUTE,SELL,100.03,100,9,False
102134,1.59527,ADD,SELL,100.02,100,1,False
102135,1.595952,ADD,SELL,99.95,300,5,False
101306,1.596839,EXECUTE,SELL,99.99,300,5,False
100390,1.597586,EXECUTE,BUY,100.05,200,6,False
102136,1.5982,ADD,BUY,100.03,500,4,False
101852,1.59848,EXECUTE,SELL,99.99,100,7,False
102137,1.599314,ADD,BUY,100.03,100,7,False
102138,1.59977,ADD,BUY,99.99,500,7,False
102139,1.599964,ADD,SELL,100.02,100,8,False
100254,1.600184,CANCEL,SELL,99.99,10000,11,True
102140,1.600842,ADD,BUY,100.01,100,10,False
102141,1.60157,ADD,BUY,99.97,100,9,False
102043,1.601999,EXECUTE,BUY,100.04,100,4,False
102142,1.602728,ADD,SELL,99.97,300,2,False
102143,1.603666,ADD,BUY,100.02,200,10,False
100888,1.604648,EXECUTE,SELL,100.03,100,6,False
102076,1.604854,EXECUTE,BUY,100.02,200,5,False
102144,1.605554,ADD,SELL,100.04,100,10,False
100183,1.606014,EXECUTE,BUY,99.99,200,3,False
102145,1.606354,ADD,SELL,100.04,200,1,False
102146,1.606565,ADD,SELL,99.95,100,3,False
102147,1.607559,ADD,BUY,99.99,500,7,False
102148,1.60844,ADD,BUY,99.99,100,5,False
102149,1.608611,ADD,SELL,100.04,500,10,False
102150,1.609053,ADD,BUY,100.0,500,10,False
102151,1.609302,ADD,BUY,100.04,500,4,False
102152,1.609881,ADD,BUY,99.95,200,4,False
101890,1.610615,EXECUTE,BUY,100.0,200,10,False
101771,1.611582,EXECUTE,SELL,100.03,100,8,False
102153,1.612131,ADD,BUY,99.98,100,1,False
102154,1.612443,ADD,BUY,99.96,200,7,False
102155,1.61339,ADD,BUY,99.98,100,5,False
101873,1.613648,EXECUTE,BUY,100.05,300,1,False
102156,1.614635,ADD,BUY,100.03,100,2,False
102157,1.615383,ADD,BUY,100.0,5000,11,True
101758,1.616299,CANCEL,BUY,99.97,200,7,False
102158,1.617011,ADD,BUY,100.0,500,1,False
102159,1.617613,ADD,BUY,99.99,300,2,False
102160,1.618283,ADD,SELL,100.02,200,2,False
102161,1.619124,ADD,BUY,100.01,500,3,False
101384,1.61962,EXECUTE,BUY,100.02,200,6,False
102162,1.620378,ADD,SELL,99.96,100,1,False
102163,1.621012,ADD,BUY,99.97,100,9,False
102164,1.621149,ADD,SELL,100.03,100,4,False
102165,1.621439,ADD,SELL,100.01,100,7,False
101648,1.622321,EXECUTE,BUY,100.02,500,9,False
102166,1.623024,ADD,BUY,100.02,100,9,False
102167,1.623566,ADD,SELL,99.99,100,5,False
102168,1.623888,ADD,BUY,100.02,200,9,False
101946,1.624233,EXECUTE,BUY,99.97,200,5,False
102169,1.62471,ADD,SELL,99.95,200,4,False
102170,1.625336,ADD,BUY,99.99,200,5,False
102171,1.626296,ADD,BUY,100.04,100,3,False
102172,1.626529,ADD,BUY,99.98,100,6,False
102173,1.627012,ADD,SELL,99.96,300,8,False
102038,1.627385,EXECUTE,SELL,100.04,1000,4,False
100272,1.62838,EXECUTE,SELL,100.03,100,7,False
101886,1.629091,EXECUTE,SELL,100.03,100,6,False
102174,1.629294,ADD,SELL,100.05,100,6,False
102175,1.629873,ADD,BUY,100.02,300,2,False
102176,1.630577,ADD,SELL,100.0,15000,11,True
102093,1.631201,EXECUTE,SELL,100.0,200,10,False
101363,1.632201,EXECUTE,SELL,99.98,500,4,False
102177,1.6324,ADD,SELL,99.99,300,10,False
102178,1.633006,ADD,BUY,100.02,100,10,False
102179,1.633624,ADD,BUY,99.97,200,4,False
101736,1.633978,CANCEL,BUY,99.96,100,4,False
102180,1.634798,ADD,BUY,99.97,200,4,False
102181,1.635457,ADD,SELL,100.05,100,6,False
102182,1.636311,ADD,BUY,100.02,300,7,False
102183,1.636703,ADD,BUY,99.99,100,2,False
102184,1.637684,ADD,SELL,100.01,5000,11,True
101352,1.638026,EXECUTE,BUY,99.98,100,1,False
102185,1.63888,ADD,BUY,100.0,15000,11,True
102186,1.639228,ADD,SELL,99.99,100,4,False
101371,1.64019,EXECUTE,SELL,100.0,200,6,False
102187,1.640666,ADD,BUY,99.95,300,7,False
102188,1.640917,ADD,BUY,99.98,100,10,False
102189,1.641451,ADD,BUY,99.96,300,8,False
102190,1.641948,ADD,SELL,100.01,100,3,False
102191,1.642148,ADD,SELL,100.0,15000,11,True
102192,1.642955,ADD,SELL,99.97,100,10,False
102193,1.643753,ADD,BUY,99.98,500,10,False
102194,1.643938,ADD,BUY,99.98,100,8,False
102195,1.644812,ADD,BUY,100.03,300,4,False
102196,1.645593,ADD,BUY,99.99,200,9,False
101127,1.646084,EXECUTE,BUY,100.05,200,4,False
102197,1.647059,ADD,BUY,99.99,100,6,False
101841,1.64717,CANCEL,BUY,100.03,200,1,False
102198,1.647916,ADD,BUY,99.99,10000,11,True
102199,1.648279,ADD,BUY,99.97,300,3,False
102200,1.648538,ADD,BUY,99.97,200,10,False
100951,1.6488,EXECUTE,SELL,100.01,1000,6,False
101395,1.649593,EXECUTE,BUY,100.04,100,3,False
101999,1.650069,CANCEL,BUY,100.04,200,9,False
102201,1.650795,ADD,BUY,99.97,1000,1,False
101593,1.651775,EXECUTE,SELL,99.95,500,4,False
102202,1.652619,ADD,SELL,100.0,100,2,False
102203,1.652918,ADD,BUY,99.96,1000,9,False
102204,1.653565,ADD,BUY,100.05,1000,8,False
102205,1.654233,ADD,SELL,99.96,300,10,False
102206,1.655047,ADD,BUY,100.01,200,2,False
102207,1.655745,ADD,BUY,99.99,100,9,False
102208,1.656473,ADD,SELL,100.04,300,4,False
102209,1.656855,ADD,BUY,99.98,200,1,False
102210,1.656967,ADD,BUY,100.02,200,1,False
102211,1.657272,ADD,SELL,100.01,500,9,False
101040,1.65787,EXECUTE,BUY,99.96,100,6,False
101173,1.65845,CANCEL,BUY,99.99,5000,11,True
102212,1.658923,ADD,SELL,100.01,100,1,False
102213,1.659117,ADD,SELL,100.04,100,2,False
102214,1.659639,ADD,SELL,99.96,100,5,False
102215,1.660339,ADD,SELL,99.96,100,6,False
102216,1.66125,ADD,BUY,100.01,100,3,False
102217,1.661541,ADD,SELL,99.97,200,9,False
102218,1.662073,ADD,SELL,99.98,300,7,False
102219,1.66306,ADD,SELL,100.04,300,3,False
102220,1.663266,ADD,BUY,100.04,200,6,False
101678,1.664103,EXECUTE,BUY,99.98,200,10,False
102221,1.664236,ADD,SELL,99.99,15000,11,True
101259,1.665133,EXECUTE,BUY,100.02,100,6,False
102222,1.665944,ADD,SELL,100.02,300,10,False
101458,1.666472,EXECUTE,BUY,99.96,200,3,False
102223,1.667467,ADD,SELL,99.95,200,9,False
102224,1.66783,ADD,BUY,100.05,200,10,False
101198,1.668372,CANCEL,BUY,99.99,100,9,False
102225,1.669168,ADD,BUY,100.05,100,10,False
100429,1.669534,CANCEL,BUY,99.97,200,3,False
102226,1.669853,ADD,BUY,99.96,200,9,False
102227,1.670033,ADD,SELL,100.04,100,2,False
102228,1.670774,ADD,BUY,100.01,100,8,False
102229,1.671368,ADD,BUY,99.99,100,2,False
102230,1.671613,ADD,SELL,99.97,300,5,False
102231,1.671849,ADD,BUY,100.01,200,10,False
102232,1.672395,ADD,BUY,99.99,300,5,False
102233,1.672898,ADD,BUY,100.05,200,2,False
101325,1.673358,CANCEL,SELL,99.97,200,7,False
102020,1.674124,EXECUTE,BUY,99.99,500,1,False
102234,1.674828,ADD,SELL,99.99,5000,11,True
102235,1.675478,ADD,SELL,100.05,100,8,False
102236,1.67622,ADD,SELL,100.0,500,1,False
101544,1.677102,EXECUTE,BUY,99.97,200,10,False
100544,1.677587,EXECUTE,BUY,99.96,200,6,False
102237,1.677768,ADD,SELL,100.03,300,7,False
102238,1.678385,ADD,BUY,100.0,10000,11,True
102239,1.679154,ADD,SELL,100.02,100,7,False
101376,1.679526,EXECUTE,BUY,100.0,100,4,False
102240,1.680521,ADD,SELL,99.96,100,4,False
100619,1.681261,CANCEL,SELL,100.04,300,3,False
101047,1.681394,EXECUTE,BUY,99.98,300,8,False
102063,1.682196,EXECUTE,BUY,99.99,100,3,False
102241,1.682519,ADD,BUY,100.03,300,8,False
102242,1.683406,ADD,SELL,100.03,300,1,False
102243,1.683911,ADD,SELL,100.04,300,3,False
102244,1.684902,ADD,SELL,100.0,100,6,False
100987,1.685834,EXECUTE,SELL,100.0,200,6,False
101152,1.686243,EXECUTE,BUY,100.0,300,6,False
102245,1.686857,ADD,SELL,99.97,100,8,False
102246,1.687112,ADD,SELL,99.96,200,2,False
102247,1.687266,ADD,SELL,100.03,200,1,False
102248,1.688265,ADD,BUY,99.99,200,9,False
102249,1.688659,ADD,SELL,99.99,10000,11,True
102250,1.688912,ADD,SELL,99.98,200,3,False
100782,1.689824,CANCEL,SELL,100.02,100,1,False
102251,1.690313,ADD,BUY,100.02,200,3,False
102252,1.690426,ADD,BUY,99.97,100,5,False
101155,1.690781,CANCEL,SELL,100.0,10000,11,True
102011,1.691615,EXECUTE,BUY,100.01,300,2,False
102253,1.692284,ADD,SELL,100.01,300,10,False
102254,1.692765,ADD,BUY,99.99,300,5,False
102255,1.693283,ADD,SELL,100.03,100,2,False
102256,1.694044,ADD,BUY,100.04,300,2,False
102257,1.69462,ADD,BUY,100.0,15000,11,True
102258,1.695544,ADD,SELL,100.0,200,1,False
102259,1.696268,ADD,SELL,100.0,300,5,False
102259,1.696586,EXECUTE,SELL,100.0,300,5,False
102260,1.697201,ADD,BUY,100.03,200,1,False
102261,1.697792,ADD,BUY,100.03,300,6,False
102262,1.69845,ADD,BUY,100.0,20000,11,True
102263,1.698627,ADD,BUY,99.96,300,6,False
102264,1.699129,ADD,BUY,100.04,300,2,False
102265,1.69965,ADD,SELL,99.99,100,6,False
102266,1.700318,ADD,BUY,100.02,100,9,False
100929,1.700461,EXECUTE,SELL,100.01,20000,11,True
100965,1.701179,EXECUTE,BUY,99.98,100,9,False
102267,1.702043,ADD,SELL,100.0,200,6,False
100383,1.702277,EXECUTE,SELL,100.03,300,2,False
102213,1.703036,EXECUTE,SELL,100.04,100,2,False
100191,1.704021,EXECUTE,BUY,99.98,200,8,False
102268,1.704981,ADD,BUY,100.01,10000,11,True
100399,1.705764,EXECUTE,SELL,100.02,300,4,False
100095,1.70666,EXECUTE,BUY,99.99,100,10,False
102269,1.707334,ADD,BUY,99.98,100,6,False
100273,1.707453,EXECUTE,BUY,100.03,200,2,False
101792,1.70837,CANCEL,BUY,100.03,200,9,False
102270,1.708865,ADD,BUY,100.02,300,5,False
102271,1.709277,ADD,SELL,99.97,100,7,False
101114,1.709944,EXECUTE,SELL,99.96,500,2,False
102123,1.710239,EXECUTE,SELL,100.04,200,7,False
102272,1.710585,ADD,SELL,100.01,200,6,False
102273,1.711063,ADD,BUY,99.99,100,8,False
101567,1.712029,EXECUTE,SELL,100.03,500,4,False
100464,1.712343,EXECUTE,BUY,99.99,200,3,False
102274,1.712651,ADD,SELL,100.0,300,6,False
102267,1.713514,EXECUTE,SELL,100.0,200,6,False
100392,1.713986,EXECUTE,BUY,99.98,500,9,False
102275,1.71412,ADD,BUY,100.0,300,7,False
102276,1.715119,ADD,SELL,100.01,200,4,False
102277,1.716115,ADD,SELL,99.96,300,6,False
102278,1.716948,ADD,SELL,100.01,200,9,False
102279,1.717925,ADD,BUY,99.98,200,8,False
102280,1.718817,ADD,BUY,99.95,200,4,False
101360,1.719618,EXECUTE,SELL,99.96,100,7,False
102281,1.719959,ADD,SELL,100.03,200,8,False
102282,1.720525,ADD,SELL,99.98,200,2,False
102283,1.720808,ADD,SELL,100.02,100,6,False
102284,1.721745,ADD,BUY,99.96,100,5,False
100070,1.721974,EXECUTE,SELL,99.98,200,2,False
101862,1.722469,EXECUTE,BUY,100.01,100,5,False
102285,1.722942,ADD,BUY,100.01,100,1,False
100215,1.723663,EXECUTE,SELL,99.98,200,10,False
102146,1.724336,CANCEL,SELL,99.95,100,3,False
101798,1.724812,EXECUTE,BUY,100.04,1000,4,False
102286,1.725041,ADD,BUY,99.98,100,1,False
100793,1.725791,EXECUTE,BUY,100.04,100,2,False
102190,1.726726,EXECUTE,SELL,100.01,100,3,False
102287,1.727253,ADD,SELL,99.97,300,5,False
102269,1.728184,EXECUTE,BUY,99.98,100,6,False
100624,1.728767,EXECUTE,SELL,99.96,300,4,False
102288,1.729601,ADD,SELL,99.99,10000,11,True
101043,1.729948,EXECUTE,BUY,100.02,200,6,False
102289,1.730321,ADD,BUY,100.04,300,10,False
102290,1.730528,ADD,SELL,99.95,100,6,False
102291,1.731086,ADD,SELL,99.97,300,8,False
102007,1.732081,EXECUTE,BUY,100.02,500,1,False
102292,1.732452,ADD,BUY,99.98,100,3,False
102293,1.732601,ADD,BUY,99.99,200,9,False
101118,1.733377,CANCEL,BUY,99.99,500,1,False
101560,1.73398,CANCEL,SELL,99.95,500,5,False
102294,1.734843,ADD,BUY,100.01,100,4,False
102295,1.735129,ADD,SELL,100.01,100,4,False
102262,1.735692,CANCEL,BUY,100.0,20000,11,True
102296,1.736498,ADD,BUY,99.99,200,7,False
100779,1.737011,EXECUTE,SELL,99.96,300,2,False
102175,1.737768,EXECUTE,BUY,100.02,300,2,False
101213,1.738388,EXECUTE,BUY,99.96,1000,7,False
102297,1.739348,ADD,SELL,99.96,300,10,False
102298,1.739984,ADD,BUY,99.97,200,9,False
102299,1.740953,ADD,BUY,100.03,200,3,False
102300,1.74172,ADD,BUY,100.02,300,10,False
102301,1.742688,ADD,SELL,99.99,200,10,False
102302,1.743345,ADD,SELL,99.98,500,5,False
100978,1.74406,EXECUTE,BUY,100.05,100,4,False
101767,1.74445,EXECUTE,BUY,99.98,200,9,False
102303,1.745283,ADD,SELL,100.04,100,5,False
102304,1.745413,ADD,SELL,99.98,300,7,False
102305,1.745648,ADD,SELL,100.02,100,1,False
102306,1.746471,ADD,SELL,100.02,200,2,False
101660,1.747277,EXECUTE,BUY,100.01,1000,8,False
102307,1.748072,ADD,SELL,100.03,200,5,False
102308,1.748474,ADD,SELL,100.04,100,3,False
102309,1.749415,ADD,BUY,99.99,300,3,False
102310,1.750242,ADD,SELL,100.02,100,4,False
102095,1.750522,CANCEL,SELL,100.01,100,8,False
102311,1.751511,ADD,BUY,99.97,300,5,False
100913,1.752381,CANCEL,SELL,100.01,300,5,False
102312,1.752733,ADD,SELL,100.04,200,2,False
100644,1.75358,EXECUTE,SELL,100.04,100,7,False
102313,1.754294,ADD,BUY,100.01,100,4,False
102008,1.755273,EXECUTE,BUY,100.02,200,10,False
102314,1.755622,ADD,BUY,99.96,100,2,False
102315,1.755883,ADD,BUY,100.0,200,3,False
102286,1.756298,EXECUTE,BUY,99.98,100,1,False
102316,1.757133,ADD,BUY,100.02,100,10,False
101044,1.757611,EXECUTE,BUY,100.0,100,10,False
102317,1.757933,ADD,BUY,100.0,15000,11,True
102318,1.758175,ADD,BUY,99.95,100,4,False
102319,1.759028,ADD,SELL,99.97,300,5,False
102320,1.759201,ADD,BUY,99.97,300,9,False
102321,1.759796,ADD,SELL,100.01,200,8,False
102322,1.760472,ADD,BUY,99.98,300,8,False
102323,1.761023,ADD,SELL,100.04,100,4,False
102324,1.761606,ADD,BUY,100.04,100,2,False
102325,1.761936,ADD,BUY,99.99,200,9,False
102326,1.762933,ADD,BUY,99.98,100,6,False
102327,1.763817,ADD,SELL,100.04,100,7,False
102328,1.764154,ADD,BUY,100.01,100,5,False
102329,1.765047,ADD,SELL,99.98,500,3,False
102330,1.765546,ADD,BUY,100.01,300,2,False
102331,1.766055,ADD,BUY,100.0,100,2,False
102332,1.767006,ADD,BUY,100.01,15000,11,True
101703,1.767132,CANCEL,SELL,100.0,200,2,False
102333,1.767397,ADD,BUY,99.97,200,8,False
102334,1.768065,ADD,SELL,100.05,300,7,False
102335,1.768758,ADD,SELL,99.99,300,10,False
102336,1.769315,ADD,SELL,100.04,100,5,False
102337,1.769904,ADD,BUY,100.0,1000,2,False
101071,1.770155,EXECUTE,BUY,100.05,200,10,False
102338,1.770463,ADD,BUY,99.97,200,9,False
102339,1.771139,ADD,BUY,100.0,20000,11,True
102340,1.771239,ADD,BUY,100.05,300,2,False
102341,1.771857,ADD,BUY,99.99,15000,11,True
102342,1.772565,ADD,BUY,100.04,200,10,False
102343,1.772929,ADD,SELL,100.01,200,9,False
102344,1.773481,ADD,SELL,99.98,300,9,False
102345,1.774346,ADD,BUY,99.96,100,8,False
102346,1.775014,ADD,BUY,100.03,200,6,False
100489,1.77513,EXECUTE,SELL,100.04,100,8,False
101610,1.775265,EXECUTE,BUY,100.01,500,1,False
102347,1.775688,ADD,BUY,99.97,100,3,False
100846,1.776519,CANCEL,SELL,100.03,300,2,False
102348,1.777054,ADD,BUY,99.97,1000,9,False
102349,1.778012,ADD,SELL,100.04,1000,1,False
102350,1.778892,ADD,BUY,100.0,200,8,False
102351,1.779306,ADD,SELL,99.97,100,2,False
102352,1.779691,ADD,BUY,99.99,200,3,False
102080,1.78004,EXECUTE,BUY,100.01,300,7,False
102353,1.78019,ADD,BUY,100.01,300,7,False
100737,1.78116,EXECUTE,BUY,99.95,1000,4,False
102354,1.781966,ADD,BUY,99.97,100,9,False
102355,1.782961,ADD,BUY,100.04,300,7,False
101992,1.783566,CANCEL,SELL,99.97,300,6,False
102356,1.784388,ADD,BUY,99.96,200,6,False
102357,1.784741,ADD,BUY,100.05,200,8,False
102358,1.784927,ADD,BUY,99.99,15000,11,True
102359,1.78543,ADD,BUY,99.98,200,9,False
102360,1.786424,ADD,BUY,99.98,100,3,False
100807,1.78699,CANCEL,SELL,99.96,100,6,False
102361,1.787514,ADD,SELL,100.01,200,7,False
102073,1.787812,EXECUTE,SELL,100.01,100,10,False
101979,1.788522,EXECUTE,BUY,99.97,100,1,False
102312,1.78874,EXECUTE,SELL,100.04,200,2,False
102362,1.789737,ADD,SELL,99.98,200,9,False
102363,1.789896,ADD,SELL,99.97,100,1,False
101984,1.790615,EXECUTE,BUY,99.97,100,1,False
102364,1.791125,ADD,BUY,99.98,300,7,False
102240,1.791609,EXECUTE,SELL,99.96,100,4,False
102242,1.79209,EXECUTE,SELL,100.03,300,1,False
102365,1.792826,ADD,SELL,100.0,20000,11,True
100528,1.793136,EXECUTE,SELL,100.02,200,3,False
102366,1.793677,ADD,SELL,100.04,300,7,False
102367,1.794081,ADD,SELL,99.96,200,5,False
102368,1.794918,ADD,SELL,99.97,100,5,False
102369,1.795729,ADD,SELL,99.99,20000,11,True
102370,1.795978,ADD,BUY,100.0,200,5,False
102371,1.796624,ADD,BUY,100.0,100,4,False
100853,1.796772,EXECUTE,SELL,99.97,200,10,False
102372,1.796927,ADD,SELL,99.97,200,2,False
102373,1.797126,ADD,BUY,100.04,100,1,False
102374,1.797593,ADD,SELL,99.97,200,7,False
101752,1.798001,EXECUTE,BUY,100.03,1000,4,False
102375,1.798958,ADD,BUY,100.0,15000,11,True
102376,1.799737,ADD,BUY,99.97,200,3,False
102377,1.800451,ADD,BUY,100.01,1000,6,False
102378,1.800844,ADD,SELL,100.04,200,7,False
102379,1.801749,ADD,SELL,100.04,300,8,False
102380,1.802459,ADD,SELL,99.99,200,4,False
102381,1.803343,ADD,BUY,100.0,10000,11,True
100753,1.804063,EXECUTE,BUY,100.04,300,9,False
102382,1.80502,ADD,SELL,99.98,200,6,False
101957,1.805408,CANCEL,BUY,99.99,10000,11,True
102383,1.806004,ADD,BUY,99.99,100,2,False
102384,1.80684,ADD,BUY,100.04,500,6,False
102385,1.807593,ADD,SELL,100.0,200,4,False
101267,1.808483,CANCEL,SELL,99.99,20000,11,True
102386,1.809132,ADD,SELL,99.96,200,6,False
102387,1.80946,ADD,SELL,100.04,100,2,False
100685,1.810233,EXECUTE,SELL,99.95,100,5,False
100937,1.810566,EXECUTE,BUY,99.97,300,8,False
102388,1.81095,ADD,SELL,100.01,100,4,False
102023,1.811284,EXECUTE,BUY,100.03,200,6,False
102389,1.811704,ADD,SELL,99.95,200,4,False
102218,1.811892,EXECUTE,SELL,99.98,300,7,False
102390,1.812239,ADD,SELL,99.99,100,7,False
102391,1.81282,ADD,BUY,100.02,100,8,False
100562,1.813069,EXECUTE,SELL,99.96,200,7,False
102392,1.813771,ADD,BUY,100.05,100,8,False
100905,1.814173,EXECUTE,SELL,100.04,300,9,False
102393,1.815117,ADD,BUY,100.02,100,8,False
100234,1.81543,CANCEL,BUY,100.01,300,7,False
101423,1.8162,EXECUTE,BUY,99.96,200,5,False
102394,1.816379,ADD,BUY,99.95,300,10,False
102395,1.816653,ADD,SELL,99.96,100,4,False
102396,1.817374,ADD,SELL,100.0,1000,4,False
102225,1.817476,CANCEL,BUY,100.05,100,10,False
102397,1.818039,ADD,BUY,100.04,100,6,False
102398,1.818236,ADD,BUY,100.03,100,10,False
102383,1.819129,EXECUTE,BUY,99.99,100,2,False
102399,1.819247,ADD,SELL,99.98,100,9,False
102400,1.820186,ADD,SELL,100.0,1000,9,False
102401,1.82047,ADD,BUY,100.05,300,6,False
101195,1.820607,CANCEL,SELL,99.99,10000,11,True
100576,1.821356,EXECUTE,BUY,99.95,300,6,False
102402,1.821898,ADD,BUY,99.96,200,3,False
102403,1.822774,ADD,BUY,99.95,200,1,False
102404,1.823278,ADD,BUY,100.04,300,1,False
102405,1.823457,ADD,SELL,100.03,500,1,False
102406,1.823931,ADD,SELL,100.01,300,10,False
102407,1.824726,ADD,BUY,99.98,100,10,False
101897,1.824949,EXECUTE,BUY,100.02,1000,3,False
102408,1.825274,ADD,SELL,99.99,5000,11,True
102409,1.82623,ADD,SELL,100.02,200,9,False
102410,1.826998,ADD,BUY,99.95,500,2,False
102411,1.827926,ADD,SELL,100.0,100,6,False
102412,1.828852,ADD,BUY,99.99,100,8,False
101651,1.829063,EXECUTE,SELL,99.95,100,5,False
102413,1.829672,ADD,SELL,99.96,100,8,False
102414,1.830207,ADD,BUY,99.97,300,4,False
100898,1.830333,EXECUTE,BUY,100.03,300,5,False
102415,1.83112,ADD,SELL,100.01,300,3,False
100371,1.831656,CANCEL,SELL,100.01,200,10,False
102416,1.831799,ADD,BUY,100.0,300,3,False
102417,1.832391,ADD,BUY,100.0,15000,11,True
102418,1.83252,ADD,SELL,100.01,500,6,False
102419,1.833331,ADD,SELL,99.98,500,7,False
102420,1.834018,ADD,BUY,99.97,200,1,False
102421,1.834436,ADD,BUY,99.96,300,1,False
102422,1.835329,ADD,SELL,100.03,100,10,False
101768,1.836171,EXECUTE,SELL,100.02,100,5,False
102056,1.836414,CANCEL,BUY,99.99,100,9,False
102423,1.836748,ADD,BUY,100.01,500,3,False
102424,1.837171,ADD,SELL,99.95,100,2,False
101858,1.838167,EXECUTE,BUY,100.0,100,8,False
102425,1.838767,ADD,BUY,100.0,15000,11,True
100389,1.839731,EXECUTE,SELL,99.95,100,5,False
101657,1.840159,EXECUTE,BUY,100.0,100,1,False
102426,1.840742,ADD,SELL,100.0,20000,11,True
102427,1.841227,ADD,BUY,99.99,200,8,False
102428,1.841465,ADD,SELL,100.03,100,10,False
102429,1.84226,ADD,SELL,100.0,200,9,False
102430,1.843084,ADD,SELL,100.01,300,2,False
102431,1.843495,ADD,SELL,99.98,100,10,False
102432,1.844063,ADD,BUY,100.04,200,6,False
101964,1.84463,EXECUTE,BUY,100.03,300,4,False
102433,1.84526,ADD,SELL,99.98,500,2,False
102434,1.845413,ADD,SELL,99.97,100,9,False
102435,1.845962,ADD,SELL,100.01,300,4,False
102436,1.846647,ADD,SELL,100.02,300,6,False
102437,1.847489,ADD,SELL,100.0,200,3,False
102438,1.848087,ADD,SELL,100.04,500,3,False
102439,1.848684,ADD,BUY,100.03,300,2,False
102148,1.849297,CANCEL,BUY,99.99,100,5,False
102440,1.850256,ADD,BUY,99.97,100,10,False
102441,1.850971,ADD,SELL,100.0,300,5,False
102442,1.851144,ADD,SELL,99.96,100,8,False
100739,1.851796,EXECUTE,BUY,100.03,100,3,False
102443,1.852155,ADD,BUY,99.95,100,8,False
102444,1.852704,ADD,SELL,99.98,200,6,False
102445,1.852822,ADD,SELL,99.97,200,7,False
102446,1.853029,ADD,BUY,100.01,200,2,False
102447,1.853869,ADD,SELL,99.95,200,10,False
100928,1.853979,EXECUTE,SELL,99.96,500,1,False
102188,1.854707,CANCEL,BUY,99.98,100,10,False
102448,1.855386,ADD,BUY,100.04,500,8,False
102449,1.856333,ADD,SELL,99.96,100,9,False
102450,1.856478,ADD,BUY,100.02,100,7,False
102451,1.856855,ADD,SELL,100.0,15000,11,True
102452,1.857482,ADD,SELL,100.02,100,10,False
102453,1.858431,ADD,BUY,99.99,200,3,False
102454,1.858807,ADD,BUY,99.99,15000,11,True
102455,1.859123,ADD,SELL,99.96,100,8,False
102456,1.85967,ADD,BUY,99.96,1000,10,False
102457,1.860097,ADD,SELL,99.96,500,10,False
102458,1.860427,ADD,SELL,100.03,500,3,False
102459,1.860718,ADD,BUY,100.0,15000,11,True
102460,1.861542,ADD,BUY,100.04,200,2,False
102461,1.861644,ADD,BUY,99.99,200,5,False
102462,1.862583,ADD,BUY,100.01,500,7,False
102463,1.863444,ADD,BUY,99.99,100,6,False
101260,1.863697,EXECUTE,SELL,100.02,200,10,False
101520,1.864199,EXECUTE,SELL,99.97,200,1,False
102464,1.86444,ADD,SELL,99.96,200,10,False
102465,1.864802,ADD,BUY,100.05,500,4,False
101235,1.865248,CANCEL,BUY,100.02,300,7,False
102466,1.866011,ADD,SELL,99.98,500,10,False
102467,1.866504,ADD,SELL,100.0,100,4,False
102468,1.866877,ADD,SELL,100.01,100,10,False
101973,1.867548,CANCEL,SELL,100.0,5000,11,True
102469,1.868288,ADD,SELL,100.04,100,10,False
102470,1.868926,ADD,BUY,99.99,100,4,False
102471,1.869264,ADD,SELL,99.99,300,6,False
102472,1.869557,ADD,SELL,100.01,10000,11,True
100267,1.870289,CANCEL,SELL,100.03,300,4,False
102473,1.870923,ADD,SELL,99.95,1000,3,False
100823,1.871354,EXECUTE,BUY,100.04,100,10,False
102474,1.871516,ADD,SELL,99.99,200,9,False
102468,1.872444,EXECUTE,SELL,100.01,100,10,False
100176,1.873102,EXECUTE,SELL,100.02,100,1,False
102475,1.87371,ADD,BUY,99.98,200,7,False
102476,1.873843,ADD,BUY,99.98,200,7,False
102477,1.874832,ADD,BUY,99.96,500,6,False
102478,1.875118,ADD,BUY,99.99,100,8,False
102479,1.875642,ADD,SELL,100.01,500,5,False
102480,1.876521,ADD,BUY,100.0,10000,11,True
102481,1.87683,ADD,BUY,99.95,100,3,False
102482,1.877016,ADD,BUY,100.01,15000,11,True
102483,1.877434,ADD,SELL,100.0,1000,8,False
101677,1.878135,EXECUTE,SELL,99.95,100,6,False
102484,1.878366,ADD,SELL,99.96,200,8,False
102485,1.878647,ADD,SELL,99.96,100,5,False
102486,1.878975,ADD,BUY,99.98,300,7,False
102487,1.879585,ADD,BUY,99.99,300,9,False
102488,1.880472,ADD,BUY,100.04,100,5,False
102489,1.881195,ADD,SELL,100.0,300,4,False
102490,1.881717,ADD,SELL,100.0,10000,11,True
102491,1.882482,ADD,SELL,100.01,500,7,False
102492,1.882993,ADD,SELL,100.0,200,9,False
102493,1.883858,ADD,BUY,100.0,10000,11,True
102461,1.884528,EXECUTE,BUY,99.99,200,5,False
102494,1.88517,ADD,SELL,99.98,100,9,False
100979,1.885355,EXECUTE,SELL,99.97,500,5,False
102495,1.885672,ADD,BUY,99.95,200,6,False
100598,1.88608,CANCEL,BUY,100.0,20000,11,True
102496,1.886796,ADD,BUY,100.01,200,7,False
102497,1.887447,ADD,SELL,100.01,500,9,False
102498,1.887595,ADD,SELL,100.01,100,7,False
102499,1.887929,ADD,SELL,100.03,100,8,False
102500,1.888792,ADD,BUY,100.05,100,1,False
102501,1.889084,ADD,BUY,100.04,1000,1,False
102207,1.889902,EXECUTE,BUY,99.99,100,9,False
100921,1.890817,EXECUTE,SELL,100.02,1000,10,False
102502,1.890934,ADD,SELL,100.0,10000,11,True
102503,1.891649,ADD,SELL,100.03,200,5,False
102504,1.892469,ADD,BUY,100.03,200,2,False
101664,1.89295,EXECUTE,BUY,99.96,100,6,False
102505,1.893186,ADD,SELL,100.03,200,6,False
102506,1.893927,ADD,BUY,100.01,100,2,False
102507,1.894847,ADD,BUY,100.03,300,10,False
102508,1.895634,ADD,SELL,99.97,300,2,False
102509,1.895789,ADD,SELL,99.98,100,3,False
101949,1.896766,EXECUTE,BUY,100.04,100,3,False
102510,1.897315,ADD,BUY,99.98,300,5,False
102511,1.898264,ADD,BUY,100.0,500,9,False
101192,1.898657,EXECUTE,BUY,100.02,100,6,False
102512,1.898994,ADD,SELL,100.04,300,10,False
102513,1.899881,ADD,BUY,100.01,100,4,False
102514,1.90056,ADD,SELL,99.96,100,4,False
100642,1.901194,EXECUTE,BUY,100.02,100,7,False
101714,1.90149,EXECUTE,BUY,99.99,200,1,False
102487,1.901798,CANCEL,BUY,99.99,300,9,False
100683,1.902493,EXECUTE,SELL,100.04,100,4,False
102515,1.903287,ADD,BUY,100.01,15000,11,True
100410,1.903877,EXECUTE,SELL,99.96,100,10,False
101553,1.904492,CANCEL,SELL,99.98,100,2,False
102516,1.904906,ADD,BUY,99.98,200,10,False
102517,1.905782,ADD,BUY,99.99,300,1,False
102518,1.906466,ADD,SELL,100.0,15000,11,True
102016,1.906681,EXECUTE,BUY,99.97,100,4,False
102519,1.907157,ADD,BUY,100.04,200,8,False
102520,1.907477,ADD,SELL,99.96,300,1,False
102521,1.908206,ADD,SELL,100.05,100,4,False
102500,1.908796,EXECUTE,BUY,100.05,100,1,False
102114,1.909478,CANCEL,BUY,100.0,5000,11,True
102522,1.90968,ADD,SELL,100.03,100,7,False
102523,1.91066,ADD,SELL,99.95,200,6,False
102524,1.911461,ADD,SELL,100.03,100,5,False
102525,1.911767,ADD,SELL,100.03,100,6,False
102526,1.911996,ADD,BUY,100.0,100,9,False
102363,1.912278,EXECUTE,SELL,99.97,100,1,False
102527,1.912971,ADD,BUY,100.0,100,7,False
102528,1.913423,ADD,BUY,100.01,10000,11,True
101482,1.913531,EXECUTE,SELL,99.98,200,4,False
100467,1.913996,CANCEL,BUY,99.99,5000,11,True
102040,1.914123,EXECUTE,SELL,99.99,300,9,False
102529,1.91508,ADD,BUY,99.96,300,6,False
102530,1.915963,ADD,BUY,99.95,200,9,False
102531,1.916234,ADD,BUY,100.02,200,4,False
102532,1.916666,ADD,SELL,99.97,300,7,False
102376,1.917371,CANCEL,BUY,99.97,200,3,False
102533,1.917868,ADD,SELL,99.96,300,9,False
102534,1.918784,ADD,SELL,99.97,100,8,False
102535,1.919346,ADD,SELL,99.99,300,3,False
102536,1.919689,ADD,BUY,100.03,300,10,False
102537,1.920196,ADD,SELL,99.97,100,3,False
102538,1.92116,ADD,BUY,99.98,100,3,False
102539,1.921367,ADD,SELL,100.04,500,7,False
102540,1.921908,ADD,SELL,99.98,200,3,False
102541,1.922437,ADD,BUY,99.98,200,4,False
102542,1.922757,ADD,BUY,99.98,200,10,False
102543,1.923122,ADD,BUY,100.04,100,10,False
102544,1.923937,ADD,BUY,100.0,10000,11,True
102545,1.924653,ADD,BUY,100.03,100,4,False
101814,1.924968,CANCEL,SELL,100.0,15000,11,True
100772,1.92576,EXECUTE,SELL,100.0,300,10,False
102546,1.926064,ADD,BUY,100.04,300,9,False
102049,1.926973,EXECUTE,SELL,100.04,500,5,False
102547,1.927373,ADD,SELL,100.04,300,8,False
102548,1.928025,ADD,BUY,99.97,300,4,False
102549,1.92864,ADD,SELL,100.0,300,9,False
102550,1.929035,ADD,BUY,99.98,100,3,False
102551,1.92947,ADD,SELL,100.01,100,1,False
101072,1.92991,EXECUTE,BUY,99.97,300,3,False
102552,1.930121,ADD,SELL,99.99,300,4,False
102553,1.930601,ADD,BUY,99.99,200,4,False
102554,1.930962,ADD,SELL,100.04,300,7,False
102555,1.931463,ADD,SELL,99.98,100,9,False
102556,1.932365,ADD,BUY,99.96,500,4,False
102557,1.933021,ADD,SELL,100.01,100,4,False
102558,1.933764,ADD,SELL,99.96,1000,1,False
102110,1.934031,CANCEL,SELL,99.98,300,8,False
102361,1.934403,EXECUTE,SELL,100.01,200,7,False
102559,1.935302,ADD,BUY,100.04,500,7,False
101915,1.935456,CANCEL,SELL,99.99,200,10,False
102560,1.935761,ADD,SELL,99.97,200,6,False
101522,1.935921,CANCEL,BUY,99.95,100,6,False
101621,1.936411,CANCEL,SELL,100.03,500,7,False
102480,1.937076,CANCEL,BUY,100.0,10000,11,True
102561,1.937424,ADD,SELL,99.98,200,9,False
102562,1.938175,ADD,SELL,99.98,500,8,False
102563,1.938553,ADD,SELL,100.01,200,5,False
102564,1.93908,ADD,BUY,99.97,200,7,False
102565,1.939307,ADD,BUY,100.0,500,3,False
102566,1.94015,ADD,BUY,100.0,100,3,False
102567,1.940745,ADD,SELL,99.96,300,1,False
102062,1.941549,CANCEL,SELL,99.96,200,7,False
102025,1.94174,CANCEL,BUY,100.0,300,2,False
102568,1.942202,ADD,SELL,100.0,20000,11,True
102499,1.943166,CANCEL,SELL,100.03,100,8,False
102569,1.943993,ADD,BUY,99.97,100,7,False
102570,1.944787,ADD,BUY,100.03,200,4,False
102571,1.945691,ADD,SELL,100.02,200,10,False
101884,1.946534,CANCEL,SELL,100.0,5000,11,True
102572,1.947053,ADD,BUY,99.98,500,10,False
102573,1.94778,ADD,SELL,100.03,300,8,False
102574,1.947913,ADD,SELL,100.01,10000,11,True
102575,1.948908,ADD,BUY,99.98,200,2,False
102576,1.949096,ADD,BUY,99.96,100,6,False
100591,1.950002,EXECUTE,SELL,100.03,100,7,False
102097,1.950919,EXECUTE,BUY,100.04,100,2,False
102577,1.951608,ADD,BUY,99.99,200,2,False
102578,1.951966,ADD,BUY,100.01,100,3,False
102579,1.952178,ADD,SELL,100.03,300,4,False
102580,1.952512,ADD,BUY,100.03,200,5,False
102581,1.952907,ADD,SELL,100.01,20000,11,True
102582,1.953239,ADD,BUY,99.98,100,1,False
102583,1.954037,ADD,SELL,100.03,300,4,False
102584,1.954734,ADD,BUY,99.96,100,1,False
102585,1.954991,ADD,BUY,100.0,100,7,False
102586,1.955494,ADD,BUY,100.01,100,10,False
101386,1.956416,EXECUTE,BUY,99.97,200,8,False
102587,1.956703,ADD,BUY,100.05,200,7,False
102588,1.956964,ADD,SELL,99.98,200,9,False
101350,1.957789,EXECUTE,BUY,100.03,100,8,False
102589,1.957923,ADD,BUY,99.97,300,3,False
102590,1.958427,ADD,BUY,99.97,100,8,False
102591,1.959126,ADD,BUY,99.99,200,9,False
102592,1.959264,ADD,SELL,100.03,200,2,False
100858,1.960005,CANCEL,SELL,99.97,100,5,False
100283,1.960805,CANCEL,SELL,100.01,200,3,False
102593,1.961674,ADD,SELL,100.02,300,8,False
102292,1.961873,CANCEL,BUY,99.98,100,3,False
102594,1.962856,ADD,SELL,99.95,200,6,False
102595,1.96329,ADD,SELL,100.02,200,5,False
102596,1.964042,ADD,SELL,99.99,20000,11,True
102597,1.964353,ADD,SELL,100.02,500,4,False
102598,1.964856,ADD,BUY,99.98,300,3,False
102599,1.965518,ADD,BUY,100.04,100,5,False
102600,1.965758,ADD,SELL,100.04,200,3,False
102433,1.966478,EXECUTE,SELL,99.98,500,2,False
102601,1.966965,ADD,SELL,99.99,15000,11,True
102357,1.967431,EXECUTE,BUY,100.05,200,8,False
102602,1.968229,ADD,BUY,100.0,100,2,False
101954,1.968511,CANCEL,BUY,100.04,100,6,False
102603,1.968883,ADD,BUY,99.96,100,4,False
102604,1.969362,ADD,SELL,100.02,500,1,False
102605,1.969606,ADD,BUY,100.03,100,8,False
102606,1.969939,ADD,BUY,99.97,300,10,False
102607,1.970172,ADD,BUY,100.0,100,3,False
102608,1.971078,ADD,SELL,100.01,200,6,False
101007,1.971734,EXECUTE,BUY,100.05,100,2,False
102609,1.972136,ADD,BUY,100.04,200,8,False
100896,1.972723,EXECUTE,SELL,100.0,500,4,False
102610,1.972955,ADD,BUY,100.04,100,5,False
102611,1.973741,ADD,BUY,100.02,500,2,False
101874,1.974187,EXECUTE,BUY,100.01,500,10,False
102612,1.974734,ADD,SELL,100.0,200,2,False
100996,1.975491,EXECUTE,SELL,100.02,100,7,False
102613,1.9761,ADD,BUY,99.97,300,6,False
101400,1.976229,EXECUTE,SELL,100.03,300,4,False
102614,1.976496,ADD,BUY,100.04,300,10,False
102615,1.977078,ADD,SELL,99.97,100,5,False
102616,1.978068,ADD,SELL,100.0,100,10,False
102617,1.978207,ADD,BUY,99.99,1000,9,False
101921,1.978612,EXECUTE,SELL,100.03,100,1,False
102618,1.978728,ADD,SELL,99.95,300,6,False
102619,1.979404,ADD,BUY,99.95,500,9,False
102620,1.97968,ADD,SELL,99.99,1000,5,False
102621,1.980617,ADD,BUY,100.04,100,1,False
102622,1.981383,ADD,SELL,100.05,200,1,False
102623,1.981578,ADD,BUY,100.01,500,2,False
101704,1.982174,CANCEL,SELL,100.0,100,9,False
102624,1.98267,ADD,SELL,100.01,1000,1,False
102214,1.982952,CANCEL,SELL,99.96,100,5,False
101324,1.983235,EXECUTE,SELL,99.99,200,1,False
102625,1.98345,ADD,BUY,100.03,100,7,False
100600,1.983807,EXECUTE,SELL,100.03,200,6,False
102626,1.984109,ADD,BUY,100.01,15000,11,True
101526,1.985,EXECUTE,BUY,100.02,200,10,False
102627,1.985202,ADD,SELL,99.97,100,9,False
102469,1.985837,EXECUTE,SELL,100.04,100,10,False
102628,1.986613,ADD,SELL,99.96,100,2,False
100526,1.987068,CANCEL,BUY,99.96,500,5,False
100976,1.987976,CANCEL,SELL,100.05,200,4,False
102629,1.988916,ADD,SELL,100.01,300,2,False
102630,1.989031,ADD,BUY,100.0,100,9,False
102631,1.989527,ADD,SELL,100.04,200,1,False
101649,1.990077,EXECUTE,BUY,99.97,100,6,False
102632,1.990658,ADD,SELL,99.99,10000,11,True
102633,1.990927,ADD,SELL,100.02,100,3,False
102634,1.991297,ADD,BUY,99.97,100,5,False
102635,1.992004,ADD,SELL,100.03,200,8,False
102636,1.9926,ADD,SELL,100.02,300,6,False
102637,1.992959,ADD,BUY,99.97,100,5,False
102638,1.993427,ADD,SELL,100.0,5000,11,True
102639,1.994033,ADD,SELL,100.0,200,7,False
102389,1.99457,EXECUTE,SELL,99.95,200,4,False
102640,1.995197,ADD,SELL,100.01,10000,11,True
102641,1.995832,ADD,SELL,99.97,100,3,False
102642,1.995971,ADD,SELL,99.96,200,9,False
101968,1.99697,EXECUTE,SELL,100.03,500,5,False
102643,1.997174,ADD,BUY,100.05,200,2,False
102644,1.99741,ADD,SELL,100.04,200,2,False
102645,1.99822,ADD,SELL,100.01,200,2,False
102646,1.999003,ADD,BUY,100.03,100,7,False
102647,1.999615,ADD,BUY,99.97,200,5,False
102648,2.000577,ADD,SELL,100.01,10000,11,True
102649,2.001038,ADD,SELL,100.03,300,4,False
101563,2.00144,EXECUTE,SELL,99.98,300,5,False
101867,2.002213,EXECUTE,BUY,99.98,300,8,False
102092,2.002488,CANCEL,SELL,100.03,300,3,False
102650,2.003297,ADD,BUY,99.96,1000,10,False
102651,2.003401,ADD,SELL,100.03,200,9,False
101379,2.00407,EXECUTE,SELL,99.95,300,7,False
102379,2.004636,EXECUTE,SELL,100.04,300,8,False
102652,2.005384,ADD,SELL,100.01,500,1,False
100178,2.005796,EXECUTE,SELL,99.99,300,1,False
102653,2.006119,ADD,SELL,99.97,1000,7,False
102654,2.006865,ADD,SELL,99.96,200,3,False
102655,2.00758,ADD,BUY,100.01,500,5,False
102656,2.0082,ADD,SELL,100.01,200,1,False
102657,2.008746,ADD,SELL,100.04,100,1,False
102658,2.008965,ADD,SELL,99.96,200,4,False
102659,2.009685,ADD,SELL,99.97,100,8,False
100702,2.010154,CANCEL,BUY,100.04,500,6,False
102660,2.010707,ADD,BUY,100.04,100,1,False
101950,2.011114,EXECUTE,BUY,99.96,100,7,False
101779,2.011722,EXECUTE,SELL,99.98,100,5,False
102661,2.012376,ADD,SELL,99.96,200,2,False
102662,2.01271,ADD,SELL,99.98,200,1,False
102663,2.01354,ADD,BUY,99.98,100,6,False
102159,2.014345,CANCEL,BUY,99.99,300,2,False
102664,2.014848,ADD,SELL,99.99,100,10,False
102665,2.015034,ADD,BUY,100.0,1000,7,False
102666,2.015667,ADD,BUY,99.99,10000,11,True
101033,2.01632,EXECUTE,SELL,100.03,200,6,False
102667,2.016896,ADD,BUY,100.03,200,1,False
102574,2.017027,CANCEL,SELL,100.01,10000,11,True
102668,2.017958,ADD,SELL,100.04,200,6,False
102669,2.018241,ADD,SELL,100.04,100,2,False
102670,2.01878,ADD,BUY,99.96,100,2,False
102671,2.019097,ADD,BUY,100.05,100,10,False
101383,2.019662,CANCEL,BUY,100.03,200,3,False
102672,2.020216,ADD,SELL,99.98,300,6,False
102673,2.020333,ADD,SELL,100.03,200,10,False
102278,2.020858,EXECUTE,SELL,100.01,200,9,False
102674,2.021166,ADD,SELL,99.95,200,2,False
102046,2.022157,CANCEL,BUY,99.96,100,3,False
102675,2.02314,ADD,BUY,100.0,15000,11,True
102676,2.023774,ADD,BUY,99.99,100,2,False
102677,2.023932,ADD,BUY,100.05,100,5,False
102678,2.024855,ADD,BUY,99.99,500,3,False
102679,2.025379,ADD,BUY,100.03,200,5,False
102680,2.026191,ADD,BUY,100.03,200,10,False
102681,2.027149,ADD,BUY,100.03,500,1,False
102682,2.027604,ADD,BUY,100.01,200,10,False
102683,2.028435,ADD,SELL,100.02,300,4,False
101872,2.028563,EXECUTE,BUY,100.01,10000,11,True
102684,2.028803,ADD,BUY,100.05,300,1,False
102685,2.029356,ADD,SELL,99.98,200,1,False
100169,2.029975,CANCEL,SELL,100.0,200,4,False
102613,2.030651,EXECUTE,BUY,99.97,300,6,False
101110,2.031318,EXECUTE,SELL,99.96,100,3,False
102137,2.03145,CANCEL,BUY,100.03,100,7,False
102686,2.031774,ADD,SELL,99.98,100,7,False
102687,2.032731,ADD,BUY,100.0,500,5,False
101061,2.032903,EXECUTE,SELL,100.03,200,10,False
102688,2.033413,ADD,SELL,100.01,1000,6,False
102689,2.033688,ADD,SELL,100.04,200,7,False
102690,2.034673,ADD,BUY,99.97,500,9,False
102051,2.035341,EXECUTE,SELL,99.99,100,10,False
100368,2.035762,EXECUTE,SELL,99.97,100,9,False
101706,2.036387,EXECUTE,BUY,100.01,100,3,False
102691,2.036913,ADD,BUY,100.04,100,3,False
102692,2.037114,ADD,SELL,99.98,500,1,False
101935,2.037911,EXECUTE,BUY,99.96,500,2,False
101511,2.03864,EXECUTE,BUY,100.03,300,9,False
102693,2.039185,ADD,SELL,100.02,200,6,False
100346,2.039358,CANCEL,BUY,99.98,100,6,False
102577,2.039503,EXECUTE,BUY,99.99,200,2,False
102694,2.03987,ADD,SELL,100.04,100,6,False
102695,2.040716,ADD,SELL,100.04,100,10,False
102696,2.041065,ADD,SELL,100.03,300,1,False
102697,2.041204,ADD,SELL,100.03,100,10,False
102698,2.041572,ADD,SELL,100.01,100,8,False
102699,2.041762,ADD,SELL,99.97,100,10,False
102700,2.041961,ADD,BUY,100.04,1000,4,False
101662,2.042326,EXECUTE,SELL,99.99,300,5,False
102701,2.042707,ADD,BUY,99.98,500,10,False
102702,2.043607,ADD,SELL,100.02,100,2,False
100777,2.044328,EXECUTE,BUY,100.02,300,1,False
102703,2.04445,ADD,SELL,99.96,200,10,False
101539,2.044929,EXECUTE,BUY,100.03,200,3,False
102704,2.045615,ADD,SELL,99.99,200,3,False
101236,2.045911,EXECUTE,SELL,99.98,100,10,False
102705,2.046368,ADD,BUY,99.95,200,4,False
101612,2.04734,EXECUTE,SELL,99.96,500,5,False
102706,2.047814,ADD,BUY,99.97,200,9,False
102707,2.048292,ADD,BUY,99.99,10000,11,True
100850,2.049079,EXECUTE,BUY,100.04,500,7,False
102708,2.049766,ADD,BUY,99.96,300,8,False
101444,2.050532,EXECUTE,SELL,100.0,500,10,False
102709,2.050901,ADD,BUY,100.0,300,6,False
102710,2.051463,ADD,SELL,99.99,500,8,False
102711,2.05223,ADD,BUY,99.96,500,10,False
102712,2.052825,ADD,BUY,99.96,300,2,False
102713,2.053102,ADD,SELL,99.97,100,2,False
102714,2.053837,ADD,BUY,100.0,15000,11,True
101404,2.054273,CANCEL,SELL,99.98,100,9,False
100085,2.054943,EXECUTE,SELL,100.02,300,10,False
100745,2.055409,EXECUTE,SELL,100.01,1000,8,False
102715,2.055685,ADD,SELL,100.0,100,7,False
102716,2.056092,ADD,BUY,100.02,300,6,False
102717,2.056226,ADD,BUY,99.98,100,7,False
102718,2.056614,ADD,SELL,100.0,100,6,False
102719,2.057543,ADD,SELL,100.01,10000,11,True
102518,2.057963,CANCEL,SELL,100.0,15000,11,True
101020,2.058423,CANCEL,SELL,100.04,300,6,False
102720,2.059233,ADD,BUY,100.05,200,5,False
102721,2.059611,ADD,SELL,100.0,5000,11,True
102722,2.060177,ADD,BUY,100.0,5000,11,True
102723,2.060514,ADD,SELL,100.03,100,3,False
102724,2.061141,ADD,BUY,100.01,500,8,False
102600,2.061439,EXECUTE,SELL,100.04,200,3,False
102725,2.061828,ADD,BUY,100.03,100,6,False
102726,2.062631,ADD,SELL,99.96,100,2,False
102727,2.062787,ADD,BUY,100.04,200,2,False
100652,2.063596,EXECUTE,BUY,100.0,300,8,False
102728,2.063874,ADD,BUY,99.99,100,4,False
102729,2.064374,ADD,SELL,99.96,100,7,False
102730,2.06472,ADD,SELL,99.99,1000,4,False
102731,2.065334,ADD,BUY,100.0,100,5,False
102732,2.066167,ADD,SELL,100.05,200,5,False
101809,2.066628,CANCEL,SELL,99.98,200,5,False
102733,2.066955,ADD,SELL,100.0,200,9,False
102734,2.0678,ADD,SELL,99.99,100,1,False
100187,2.068025,EXECUTE,BUY,99.95,200,3,False
102735,2.068486,ADD,BUY,99.98,200,7,False
102736,2.068868,ADD,SELL,99.95,200,9,False
102737,2.069337,ADD,SELL,100.05,200,8,False
102738,2.069964,ADD,BUY,100.0,300,6,False
102739,2.070841,ADD,SELL,100.04,100,9,False
102740,2.07181,ADD,SELL,99.98,100,4,False
102741,2.072269,ADD,SELL,100.01,100,4,False
102513,2.072645,CANCEL,BUY,100.01,100,4,False
102742,2.073281,ADD,SELL,100.05,100,2,False
102743,2.074082,ADD,SELL,100.02,500,8,False
102744,2.074949,ADD,SELL,99.96,100,6,False
102745,2.075878,ADD,SELL,99.99,10000,11,True
102746,2.076221,ADD,SELL,99.98,200,2,False
102275,2.07658,EXECUTE,BUY,100.0,300,7,False
102747,2.077409,ADD,BUY,100.03,100,6,False
102748,2.078112,ADD,BUY,100.0,10000,11,True
102749,2.078357,ADD,SELL,100.0,10000,11,True
101628,2.078679,CANCEL,SELL,100.01,300,8,False
102750,2.078979,ADD,BUY,99.97,100,10,False
102691,2.079145,EXECUTE,BUY,100.04,100,3,False
101476,2.079837,CANCEL,SELL,100.04,200,5,False
102751,2.07994,ADD,BUY,99.97,500,2,False
102752,2.080933,ADD,SELL,99.97,100,3,False
102753,2.081627,ADD,BUY,99.97,300,4,False
102754,2.082574,ADD,BUY,99.99,1000,7,False
102755,2.082785,ADD,SELL,99.98,300,1,False
102756,2.083538,ADD,SELL,99.99,200,9,False
102757,2.084438,ADD,SELL,100.03,100,5,False
102758,2.085047,ADD,SELL,99.99,200,8,False
102759,2.085547,ADD,BUY,100.03,200,9,False
102760,2.086076,ADD,BUY,100.02,300,5,False
101893,2.08669,EXECUTE,SELL,100.02,200,10,False
102761,2.0876,ADD,BUY,100.04,300,7,False
102295,2.088542,EXECUTE,SELL,100.01,100,4,False
102762,2.088787,ADD,BUY,100.04,500,3,False
102763,2.089079,ADD,BUY,99.98,100,6,False
102764,2.089383,ADD,SELL,99.96,500,9,False
102765,2.089597,ADD,BUY,99.97,200,10,False
102766,2.090166,ADD,SELL,100.03,100,6,False
100474,2.090865,EXECUTE,SELL,99.97,100,8,False
102767,2.091839,ADD,SELL,100.04,300,8,False
102768,2.092795,ADD,SELL,100.03,200,10,False
101881,2.093034,EXECUTE,SELL,99.95,500,10,False
102769,2.093934,ADD,BUY,100.01,200,4,False
102488,2.094245,EXECUTE,BUY,100.04,100,5,False
100523,2.095128,CANCEL,BUY,100.01,500,2,False
102770,2.095247,ADD,SELL,100.01,200,6,False
102771,2.095988,ADD,SELL,99.99,100,1,False
102772,2.096975,ADD,SELL,99.96,100,1,False
100968,2.097971,EXECUTE,SELL,100.02,100,8,False
102773,2.098522,ADD,SELL,99.98,200,2,False
102774,2.099121,ADD,SELL,100.0,5000,11,True
101062,2.09923,CANCEL,BUY,99.97,200,3,False
102775,2.099843,ADD,BUY,100.05,1000,3,False
100984,2.100313,EXECUTE,SELL,99.95,200,5,False
102776,2.100907,ADD,SELL,99.99,15000,11,True
102777,2.101502,ADD,BUY,99.99,300,2,False
102425,2.102112,CANCEL,BUY,100.0,15000,11,True
102778,2.102497,ADD,SELL,99.99,15000,11,True
102779,2.103127,ADD,BUY,100.0,1000,4,False
100120,2.103376,EXECUTE,SELL,100.03,500,1,False
101167,2.103956,CANCEL,BUY,100.03,300,10,False
102780,2.104659,ADD,BUY,99.99,500,5,False
102781,2.105553,ADD,BUY,99.98,100,1,False
102782,2.10586,ADD,SELL,99.95,100,3,False
101695,2.106429,EXECUTE,SELL,100.0,500,10,False
102783,2.107371,ADD,SELL,100.04,300,1,False
102027,2.107968,EXECUTE,SELL,100.04,500,3,False
102784,2.108371,ADD,BUY,100.03,200,1,False
102785,2.108529,ADD,BUY,99.97,300,9,False
102091,2.109417,EXECUTE,SELL,100.03,100,8,False
102786,2.110208,ADD,BUY,100.01,1000,5,False
100805,2.110486,EXECUTE,SELL,99.99,300,10,False
102787,2.111133,ADD,SELL,99.99,200,2,False
100774,2.111357,CANCEL,SELL,99.99,5000,11,True
102788,2.112351,ADD,BUY,100.01,100,9,False
102789,2.113006,ADD,BUY,100.01,100,8,False
102790,2.113169,ADD,SELL,99.97,500,1,False
102791,2.113529,ADD,SELL,100.0,1000,5,False
102792,2.11403,ADD,BUY,100.0,5000,11,True
102793,2.114312,ADD,BUY,99.97,200,3,False
101187,2.115212,CANCEL,SELL,100.04,200,1,False
102794,2.115668,ADD,SELL,100.01,100,9,False
101856,2.116295,EXECUTE,BUY,99.98,300,7,False
100734,2.116411,EXECUTE,BUY,100.0,300,7,False
101548,2.116662,CANCEL,SELL,99.97,200,8,False
102795,2.117261,ADD,SELL,100.04,300,4,False
102796,2.118179,ADD,SELL,100.01,200,3,False
100647,2.118619,CANCEL,BUY,100.01,15000,11,True
102297,2.119087,CANCEL,SELL,99.96,300,10,False
102797,2.119625,ADD,BUY,99.98,1000,7,False
102798,2.120456,ADD,SELL,99.99,15000,11,True
102799,2.121077,ADD,BUY,100.01,100,7,False
101508,2.121285,EXECUTE,BUY,100.01,500,10,False
102800,2.122054,ADD,BUY,99.95,100,9,False
102801,2.122274,ADD,BUY,100.01,100,6,False
102802,2.122486,ADD,BUY,100.0,1000,3,False
102803,2.122754,ADD,BUY,100.05,100,6,False
101573,2.123638,CANCEL,SELL,99.95,200,2,False
102048,2.123823,CANCEL,BUY,100.02,200,4,False
101310,2.124461,EXECUTE,SELL,99.97,100,5,False
102804,2.124717,ADD,BUY,99.99,10000,11,True
102805,2.125021,ADD,BUY,100.0,300,4,False
102806,2.125846,ADD,SELL,100.02,200,6,False
100803,2.12626,EXECUTE,BUY,100.04,200,8,False
102807,2.127068,ADD,SELL,100.0,5000,11,True
102808,2.127367,ADD,BUY,100.03,300,10,False
102809,2.12807,ADD,SELL,99.99,100,3,False
102810,2.128759,ADD,SELL,100.01,200,3,False
102811,2.129711,ADD,BUY,99.99,300,1,False
101394,2.129913,EXECUTE,SELL,99.98,200,10,False
102812,2.130825,ADD,SELL,100.04,300,8,False
102813,2.131426,ADD,SELL,99.95,100,6,False
102814,2.132022,ADD,SELL,100.01,10000,11,True
102815,2.132228,ADD,SELL,100.03,1000,1,False
100575,2.132619,EXECUTE,BUY,99.96,300,2,False
102816,2.133521,ADD,BUY,99.98,100,9,False
102817,2.133848,ADD,BUY,99.99,300,8,False
102818,2.1345,ADD,SELL,99.98,500,8,False
102458,2.134743,EXECUTE,SELL,100.03,500,3,False
100879,2.135195,CANCEL,SELL,99.98,200,2,False
102819,2.136063,ADD,SELL,99.96,200,3,False
102820,2.137047,ADD,BUY,100.03,100,5,False
102821,2.137444,ADD,BUY,99.98,100,3,False
102822,2.138329,ADD,BUY,99.95,1000,8,False
102642,2.138976,CANCEL,SELL,99.96,200,9,False
102539,2.139354,EXECUTE,SELL,100.04,500,7,False
102823,2.139924,ADD,SELL,99.96,200,3,False
102250,2.140656,EXECUTE,SELL,99.98,200,3,False
102684,2.141307,EXECUTE,BUY,100.05,300,1,False
102824,2.142013,ADD,BUY,100.01,300,8,False
102825,2.142777,ADD,SELL,100.0,5000,11,True
102826,2.143609,ADD,SELL,99.96,300,6,False
102827,2.143838,ADD,BUY,100.0,1000,8,False
102828,2.144481,ADD,BUY,99.99,10000,11,True
102829,2.144852,ADD,SELL,100.0,5000,11,True
102830,2.145611,ADD,SELL,100.03,200,1,False
101210,2.145955,EXECUTE,BUY,99.97,1000,5,False
102645,2.146363,EXECUTE,SELL,100.01,200,2,False
102831,2.146634,ADD,BUY,99.98,500,5,False
102832,2.147491,ADD,SELL,99.95,200,1,False
102833,2.148148,ADD,SELL,99.99,10000,11,True
101320,2.148738,EXECUTE,SELL,99.98,200,2,False
102834,2.149484,ADD,BUY,100.03,200,9,False
102835,2.149642,ADD,SELL,99.96,1000,3,False
102836,2.150564,ADD,SELL,100.0,5000,11,True
102837,2.151046,ADD,BUY,100.01,20000,11,True
102838,2.151811,ADD,SELL,100.04,100,10,False
102839,2.152118,ADD,BUY,99.99,200,7,False
101022,2.153002,EXECUTE,SELL,100.01,200,6,False
102840,2.153811,ADD,SELL,100.01,100,7,False
102841,2.154724,ADD,SELL,100.01,300,10,False
102842,2.154972,ADD,SELL,100.02,300,6,False
102843,2.155258,ADD,SELL,100.03,300,8,False
102844,2.155527,ADD,SELL,100.01,200,3,False
102793,2.155731,EXECUTE,BUY,99.97,200,3,False
102520,2.156689,EXECUTE,SELL,99.96,300,1,False
101911,2.157568,CANCEL,SELL,100.01,300,3,False
101604,2.158458,CANCEL,SELL,99.97,200,2,False
102845,2.158953,ADD,SELL,100.01,500,2,False
102846,2.159174,ADD,SELL,99.99,10000,11,True
102847,2.16003,ADD,SELL,100.04,300,9,False
102848,2.160413,ADD,BUY,99.98,300,2,False
102849,2.161072,ADD,BUY,99.97,200,8,False
102522,2.161266,EXECUTE,SELL,100.03,100,7,False
101225,2.161679,CANCEL,BUY,100.01,15000,11,True
102850,2.161871,ADD,SELL,99.98,200,4,False
102851,2.162073,ADD,BUY,99.97,100,3,False
102852,2.162711,ADD,SELL,99.95,1000,10,False
102853,2.163364,ADD,BUY,99.98,200,2,False
102854,2.163641,ADD,BUY,100.01,1000,1,False
102855,2.164485,ADD,SELL,99.95,300,5,False
101891,2.165287,EXECUTE,SELL,100.0,100,9,False
102856,2.165918,ADD,SELL,100.01,300,10,False
102857,2.16609,ADD,SELL,99.96,100,2,False
102303,2.166253,EXECUTE,SELL,100.04,100,5,False
101682,2.166752,EXECUTE,SELL,100.02,100,3,False
100265,2.166989,CANCEL,BUY,99.99,200,7,False
101875,2.167906,CANCEL,SELL,100.03,100,9,False
102858,2.168755,ADD,BUY,99.99,10000,11,True
102859,2.1689,ADD,SELL,100.04,100,5,False
102860,2.169164,ADD,BUY,99.98,300,8,False
102861,2.169473,ADD,BUY,99.98,100,10,False
102862,2.170447,ADD,SELL,99.99,20000,11,True
101193,2.170655,CANCEL,BUY,100.03,100,10,False
102863,2.170794,ADD,BUY,100.02,200,9,False
100409,2.171167,EXECUTE,SELL,99.96,100,5,False
102864,2.172141,ADD,BUY,99.97,100,8,False
102865,2.172556,ADD,SELL,100.04,200,7,False
102866,2.173282,ADD,BUY,99.97,200,4,False
101346,2.173629,EXECUTE,BUY,99.97,200,4,False
102764,2.174395,EXECUTE,SELL,99.96,500,9,False
102867,2.174545,ADD,BUY,99.96,1000,2,False
100539,2.174973,EXECUTE,SELL,99.99,100,4,False
101247,2.175868,CANCEL,SELL,100.0,5000,11,True
102868,2.176007,ADD,BUY,100.0,15000,11,True
102869,2.17637,ADD,SELL,99.97,300,9,False
102870,2.177215,ADD,SELL,99.98,500,6,False
101989,2.177968,EXECUTE,BUY,99.97,300,1,False
102871,2.178279,ADD,BUY,100.0,300,8,False
102712,2.178795,EXECUTE,BUY,99.96,300,2,False
102872,2.179342,ADD,BUY,100.02,100,3,False
102873,2.179662,ADD,BUY,99.99,200,1,False
102874,2.180288,ADD,BUY,100.0,300,9,False
102875,2.181032,ADD,BUY,99.97,300,1,False
102876,2.181618,ADD,BUY,100.03,200,7,False
102877,2.181982,ADD,SELL,99.97,500,2,False
102878,2.18223,ADD,SELL,100.04,500,3,False
102879,2.182947,ADD,BUY,100.02,300,8,False
102880,2.18382,ADD,BUY,100.02,500,8,False
102881,2.184348,ADD,SELL,100.0,20000,11,True
102882,2.184468,ADD,SELL,100.05,300,2,False
102883,2.185,ADD,SELL,100.0,100,4,False
102884,2.185933,ADD,BUY,99.95,100,4,False
102885,2.186474,ADD,BUY,100.01,500,3,False
102886,2.187017,ADD,BUY,99.98,1000,6,False
102887,2.187953,ADD,SELL,100.0,200,9,False
102888,2.188684,ADD,BUY,100.03,300,2,False
102889,2.18906,ADD,BUY,100.03,100,6,False
102890,2.189849,ADD,SELL,100.03,100,6,False
102891,2.19002,ADD,SELL,100.02,200,2,False
102892,2.190988,ADD,SELL,99.95,300,8,False
102893,2.191653,ADD,BUY,100.04,100,7,False
100261,2.191765,EXECUTE,BUY,100.03,300,6,False
102894,2.192661,ADD,BUY,99.98,1000,1,False
102895,2.192856,ADD,SELL,99.99,100,1,False
102896,2.193396,ADD,BUY,100.04,300,7,False
102897,2.193523,ADD,BUY,99.99,100,1,False
101436,2.193666,EXECUTE,BUY,99.97,500,8,False
102898,2.193856,ADD,BUY,100.04,300,9,False
102899,2.194366,ADD,SELL,100.02,100,3,False
101278,2.194641,EXECUTE,BUY,100.05,100,1,False
102734,2.195117,EXECUTE,SELL,99.99,100,1,False
101491,2.196087,EXECUTE,SELL,100.0,100,9,False
102392,2.196664,EXECUTE,BUY,100.05,100,8,False
102555,2.196833,CANCEL,SELL,99.98,100,9,False
102900,2.197053,ADD,SELL,99.95,100,5,False
101631,2.197345,EXECUTE,SELL,99.96,100,2,False
102901,2.198213,ADD,SELL,100.0,10000,11,True
102902,2.199212,ADD,BUY,99.95,100,2,False
102903,2.199375,ADD,BUY,100.01,200,3,False
102904,2.200233,ADD,BUY,99.98,100,8,False
102905,2.201211,ADD,BUY,100.04,300,4,False
102906,2.201413,ADD,BUY,99.98,200,6,False
102907,2.20223,ADD,SELL,99.97,200,6,False
102908,2.202708,ADD,BUY,100.01,200,5,False
102243,2.203068,CANCEL,SELL,100.04,300,3,False
102909,2.203502,ADD,SELL,99.96,200,7,False
102910,2.204398,ADD,SELL,100.02,100,3,False
100999,2.20497,CANCEL,SELL,99.99,300,8,False
102911,2.205912,ADD,BUY,99.99,100,10,False
102912,2.206786,ADD,BUY,99.95,100,3,False
101413,2.207181,EXECUTE,SELL,100.04,100,8,False
102913,2.207636,ADD,SELL,100.01,100,10,False
102914,2.208543,ADD,BUY,100.01,100,10,False
102915,2.208747,ADD,BUY,100.0,200,10,False
102161,2.208928,EXECUTE,BUY,100.01,500,3,False
102916,2.209849,ADD,BUY,100.0,10000,11,True
102917,2.21039,ADD,BUY,100.01,200,7,False
102918,2.21054,ADD,SELL,100.05,200,4,False
102919,2.21066,ADD,BUY,100.0,500,3,False
102416,2.211575,EXECUTE,BUY,100.0,300,3,False
102069,2.212492,EXECUTE,SELL,99.97,100,8,False
102920,2.212873,ADD,SELL,100.01,1000,6,False
102921,2.213339,ADD,SELL,100.05,200,2,False
101211,2.213524,EXECUTE,SELL,99.97,100,6,False
102922,2.213793,ADD,BUY,100.04,100,2,False
102923,2.214342,ADD,SELL,100.02,500,1,False
102924,2.215006,ADD,SELL,99.97,500,5,False
102925,2.215424,ADD,SELL,99.95,200,9,False
102926,2.215815,ADD,SELL,99.99,100,10,False
101078,2.216409,EXECUTE,SELL,99.95,300,4,False
102927,2.216547,ADD,BUY,99.97,100,1,False
102928,2.217305,ADD,SELL,99.95,300,2,False
102929,2.217739,ADD,BUY,99.96,300,10,False
102930,2.21864,ADD,SELL,100.01,200,2,False
102931,2.219523,ADD,SELL,100.01,200,4,False
102932,2.220194,ADD,SELL,100.0,100,4,False
102933,2.220828,ADD,SELL,100.01,300,2,False
102934,2.221574,ADD,SELL,99.97,200,9,False
102935,2.222551,ADD,SELL,99.98,100,10,False
102936,2.223538,ADD,SELL,100.04,200,1,False
101568,2.2244,EXECUTE,BUY,99.97,1000,10,False
102937,2.224548,ADD,BUY,99.99,15000,11,True
102938,2.225191,ADD,BUY,99.97,100,7,False
102939,2.225646,ADD,SELL,99.96,300,10,False
102940,2.225835,ADD,SELL,100.0,10000,11,True
102941,2.226393,ADD,SELL,100.0,200,2,False
102942,2.227328,ADD,SELL,99.99,300,10,False
102657,2.22758,EXECUTE,SELL,100.04,100,1,False
102943,2.227833,ADD,SELL,99.99,5000,11,True
102944,2.22851,ADD,BUY,100.03,1000,3,False
102809,2.228934,EXECUTE,SELL,99.99,100,3,False
102690,2.229877,EXECUTE,BUY,99.97,500,9,False
102945,2.230193,ADD,SELL,99.98,100,1,False
102946,2.230979,ADD,BUY,99.99,100,9,False
102947,2.231719,ADD,SELL,99.97,200,2,False
101887,2.231854,CANCEL,BUY,99.96,200,7,False
101378,2.23283,EXECUTE,SELL,100.03,200,6,False
102948,2.233802,ADD,BUY,100.02,100,6,False
102949,2.234154,ADD,BUY,99.95,100,8,False
102950,2.234344,ADD,SELL,100.01,200,2,False
102951,2.235303,ADD,BUY,99.96,200,7,False
102952,2.235584,ADD,BUY,100.04,300,4,False
102772,2.235716,EXECUTE,SELL,99.96,100,1,False
102953,2.236456,ADD,SELL,99.96,500,8,False
102332,2.236598,CANCEL,BUY,100.01,15000,11,True
102954,2.237451,ADD,BUY,99.96,300,5,False
102955,2.237557,ADD,SELL,100.01,10000,11,True
102956,2.238276,ADD,BUY,100.01,100,9,False
102957,2.238536,ADD,BUY,99.97,300,9,False
100164,2.238961,EXECUTE,BUY,100.03,100,5,False
102958,2.239864,ADD,BUY,100.02,200,7,False
102959,2.240636,ADD,SELL,100.03,100,10,False
102960,2.241506,ADD,SELL,100.04,100,10,False
100448,2.241967,CANCEL,BUY,100.02,300,7,False
102961,2.242224,ADD,SELL,99.96,100,9,False
102962,2.242335,ADD,SELL,100.0,200,9,False
102963,2.242738,ADD,BUY,99.97,1000,6,False
102347,2.243617,CANCEL,BUY,99.97,100,3,False
102964,2.244554,ADD,BUY,100.02,200,8,False
102965,2.244928,ADD,SELL,100.04,1000,8,False
102966,2.245823,ADD,BUY,100.0,10000,11,True
102967,2.246325,ADD,SELL,99.97,200,1,False
102968,2.246668,ADD,SELL,100.04,100,10,False
102969,2.247138,ADD,BUY,100.01,100,7,False
102970,2.247712,ADD,SELL,100.05,200,9,False
101263,2.248457,EXECUTE,SELL,99.96,100,5,False
100364,2.249192,EXECUTE,BUY,99.95,200,5,False
102971,2.250134,ADD,BUY,100.0,500,10,False
102972,2.250331,ADD,BUY,99.99,200,2,False
102942,2.251188,EXECUTE,SELL,99.99,300,10,False
102973,2.25175,ADD,SELL,99.97,100,5,False
102304,2.252255,EXECUTE,SELL,99.98,300,7,False
102974,2.253119,ADD,BUY,100.02,200,8,False
102975,2.253557,ADD,SELL,99.99,15000,11,True
102976,2.254453,ADD,BUY,100.05,100,10,False
102977,2.255451,ADD,SELL,100.01,200,1,False
102978,2.256343,ADD,BUY,99.99,300,10,False
102979,2.256778,ADD,BUY,99.97,300,9,False
102980,2.25703,ADD,SELL,99.96,200,8,False
102885,2.257376,CANCEL,BUY,100.01,500,3,False
102981,2.257536,ADD,SELL,99.95,100,9,False
102982,2.257732,ADD,BUY,99.97,300,6,False
101100,2.258203,EXECUTE,BUY,100.01,100,8,False
100640,2.258964,EXECUTE,SELL,100.04,100,8,False
102983,2.259515,ADD,SELL,99.98,200,8,False
100749,2.259893,EXECUTE,BUY,100.03,200,1,False
102984,2.260702,ADD,SELL,100.01,200,1,False
102985,2.261055,ADD,BUY,100.0,500,10,False
102986,2.26157,ADD,SELL,100.01,200,10,False
102987,2.262511,ADD,SELL,99.96,300,4,False
102988,2.262739,ADD,BUY,100.02,100,1,False
102989,2.263007,ADD,SELL,100.05,100,2,False
102990,2.263563,ADD,BUY,100.03,200,5,False
102991,2.264337,ADD,SELL,99.97,100,7,False
102992,2.26493,ADD,SELL,100.02,300,4,False
102993,2.26549,ADD,BUY,99.99,500,6,False
102994,2.26568,ADD,BUY,100.02,200,9,False
102995,2.266207,ADD,SELL,100.04,100,8,False
102996,2.266857,ADD,BUY,100.01,200,6,False
102997,2.267449,ADD,SELL,100.02,1000,5,False
102998,2.267652,ADD,SELL,99.95,100,5,False
102999,2.268542,ADD,BUY,99.98,300,10,False
102152,2.268688,EXECUTE,BUY,99.95,200,4,False
103000,2.268845,ADD,BUY,99.97,200,5,False
102573,2.269151,EXECUTE,SELL,100.03,300,8,False
103001,2.269917,ADD,SELL,100.01,300,3,False
103002,2.270087,ADD,BUY,100.01,300,2,False
103003,2.270961,ADD,BUY,100.03,500,9,False
101582,2.271416,EXECUTE,SELL,100.0,200,5,False
103004,2.271571,ADD,SELL,99.96,300,10,False
103005,2.271721,ADD,SELL,100.04,200,10,False
103006,2.27257,ADD,BUY,99.99,200,9,False
103007,2.272906,ADD,SELL,100.01,200,8,False
102195,2.273072,EXECUTE,BUY,100.03,300,4,False
103008,2.273859,ADD,BUY,100.0,300,7,False
103009,2.274457,ADD,SELL,100.0,10000,11,True
101974,2.274557,CANCEL,SELL,99.97,200,4,False
101463,2.275047,CANCEL,SELL,100.02,500,1,False
103010,2.275384,ADD,SELL,99.98,500,3,False
103011,2.275656,ADD,SELL,100.0,15000,11,True
103012,2.276317,ADD,BUY,99.99,200,8,False
101769,2.27651,EXECUTE,BUY,99.99,200,10,False
103013,2.277414,ADD,SELL,100.02,200,7,False
102571,2.277947,EXECUTE,SELL,100.02,200,10,False
101186,2.278552,EXECUTE,BUY,100.04,200,6,False
103014,2.279139,ADD,BUY,99.99,20000,11,True
103015,2.280103,ADD,SELL,100.02,100,1,False
101176,2.280769,EXECUTE,SELL,99.99,500,8,False
103016,2.28121,ADD,BUY,100.03,100,8,False
102818,2.281732,EXECUTE,SELL,99.98,500,8,False
103017,2.282238,ADD,BUY,100.03,100,7,False
103018,2.283196,ADD,SELL,100.01,100,7,False
103019,2.283547,ADD,SELL,100.0,10000,11,True
102805,2.283961,CANCEL,BUY,100.0,300,4,False
103020,2.284133,ADD,BUY,100.04,200,4,False
103021,2.285104,ADD,SELL,100.03,500,7,False
103022,2.285609,ADD,BUY,100.02,300,3,False
103023,2.286182,ADD,BUY,100.0,300,1,False
103024,2.286416,ADD,BUY,99.97,100,7,False
101870,2.286723,EXECUTE,SELL,99.98,200,2,False
103025,2.287359,ADD,BUY,100.0,500,5,False
103026,2.287519,ADD,SELL,99.95,200,5,False
103027,2.287781,ADD,BUY,99.95,1000,2,False
103028,2.288483,ADD,BUY,99.99,100,4,False
102003,2.289008,EXECUTE,SELL,100.01,100,8,False
103029,2.289685,ADD,SELL,99.98,200,3,False
103030,2.289882,ADD,BUY,100.02,100,4,False
103031,2.290545,ADD,SELL,99.95,100,2,False
103032,2.291083,ADD,BUY,99.98,100,7,False
103033,2.291303,ADD,BUY,99.97,300,6,False
103034,2.291503,ADD,SELL,100.04,200,9,False
103035,2.291907,ADD,BUY,99.95,200,9,False
103036,2.292392,ADD,BUY,100.01,100,10,False
103037,2.292929,ADD,BUY,99.96,100,5,False
103038,2.293687,ADD,BUY,100.02,300,5,False
103039,2.294295,ADD,BUY,99.96,300,10,False
103040,2.295175,ADD,SELL,100.03,100,3,False
101658,2.296002,EXECUTE,SELL,99.95,100,1,False
103041,2.29631,ADD,SELL,100.05,200,6,False
103042,2.296744,ADD,BUY,99.97,1000,10,False
103043,2.297298,ADD,BUY,99.97,200,4,False
102917,2.297528,CANCEL,BUY,100.01,200,7,False
103044,2.298432,ADD,SELL,99.98,300,10,False
103045,2.298635,ADD,SELL,99.96,300,1,False
103046,2.299604,ADD,BUY,100.05,100,6,False
103047,2.300092,ADD,BUY,99.99,10000,11,True
103048,2.300341,ADD,SELL,100.01,15000,11,True
103049,2.300671,ADD,SELL,99.97,300,10,False
103050,2.301405,ADD,BUY,100.01,100,7,False
102552,2.301831,EXECUTE,SELL,99.99,300,4,False
101250,2.30267,EXECUTE,SELL,100.02,200,6,False
103027,2.30367,CANCEL,BUY,99.95,1000,2,False
101382,2.304226,EXECUTE,BUY,100.03,100,1,False
103051,2.304772,ADD,SELL,100.05,100,3,False
103052,2.305688,ADD,BUY,100.04,200,5,False
103029,2.306118,EXECUTE,SELL,99.98,200,3,False
101467,2.306494,EXECUTE,BUY,100.04,200,1,False
100633,2.307451,EXECUTE,BUY,99.96,100,3,False
103053,2.307739,ADD,BUY,100.04,500,7,False
101749,2.308338,EXECUTE,SELL,100.01,300,1,False
103054,2.309223,ADD,BUY,100.02,200,9,False
103055,2.309701,ADD,BUY,100.01,100,4,False
103056,2.310134,ADD,BUY,100.04,100,3,False
103057,2.310528,ADD,SELL,99.97,200,5,False
103058,2.311066,ADD,BUY,100.01,300,7,False
103059,2.31203,ADD,SELL,100.04,1000,7,False
103060,2.312816,ADD,SELL,100.03,200,6,False
103061,2.312966,ADD,BUY,99.99,15000,11,True
101556,2.313125,EXECUTE,SELL,100.05,500,9,False
103062,2.31328,ADD,BUY,100.05,300,9,False
103063,2.313434,ADD,BUY,100.02,500,5,False
102125,2.314066,CANCEL,SELL,100.0,300,8,False
103064,2.314958,ADD,SELL,100.01,100,5,False
100430,2.315206,EXECUTE,SELL,99.95,300,2,False
103065,2.315671,ADD,BUY,99.98,300,7,False
103066,2.316503,ADD,SELL,100.0,100,2,False
103067,2.317018,ADD,BUY,99.96,200,6,False
103068,2.317125,ADD,BUY,100.03,100,6,False
103069,2.317447,ADD,BUY,99.97,100,7,False
103070,2.318073,ADD,BUY,99.96,100,9,False
103071,2.318669,ADD,SELL,100.0,10000,11,True
103072,2.318827,ADD,BUY,99.96,200,2,False
103073,2.319256,ADD,BUY,100.05,200,6,False
103074,2.31993,ADD,BUY,100.04,300,6,False
103075,2.320258,ADD,SELL,99.98,100,8,False
103076,2.320919,ADD,SELL,99.95,300,5,False
103077,2.321917,ADD,SELL,100.02,200,3,False
103078,2.322383,ADD,SELL,100.03,100,10,False
101839,2.323163,EXECUTE,SELL,99.97,1000,7,False
103079,2.323954,ADD,BUY,100.0,10000,11,True
102667,2.324674,CANCEL,BUY,100.03,200,1,False
103080,2.325464,ADD,SELL,100.0,100,2,False
103081,2.325709,ADD,BUY,99.97,1000,6,False
103082,2.326119,ADD,BUY,100.01,300,3,False
103083,2.326257,ADD,SELL,100.03,200,9,False
103082,2.326453,EXECUTE,BUY,100.01,300,3,False
103084,2.327438,ADD,BUY,100.05,200,9,False
103085,2.328093,ADD,BUY,99.99,500,5,False
103086,2.328348,ADD,SELL,99.96,100,4,False
103087,2.32928,ADD,SELL,100.02,200,1,False
102817,2.329804,EXECUTE,BUY,99.99,300,8,False
102544,2.330512,EXECUTE,BUY,100.0,10000,11,True
102369,2.330947,CANCEL,SELL,99.99,20000,11,True
103088,2.331915,ADD,BUY,100.04,200,2,False
103089,2.332704,ADD,BUY,99.96,200,8,False
102000,2.333682,EXECUTE,SELL,99.97,500,8,False
103090,2.334339,ADD,BUY,100.01,100,9,False
103091,2.334973,ADD,BUY,99.98,100,1,False
103092,2.335266,ADD,SELL,100.01,300,4,False
101908,2.335429,CANCEL,SELL,99.96,1000,8,False
103093,2.336039,ADD,SELL,100.0,200,3,False
103094,2.33662,ADD,BUY,100.03,200,3,False
101864,2.337039,EXECUTE,BUY,100.04,100,9,False
102317,2.337476,CANCEL,BUY,100.0,15000,11,True
100013,2.337983,CANCEL,SELL,100.03,300,5,False
101788,2.338104,EXECUTE,SELL,99.99,100,2,False
103095,2.338347,ADD,SELL,100.0,10000,11,True
101542,2.339123,CANCEL,SELL,100.03,200,7,False
102873,2.339884,EXECUTE,BUY,99.99,200,1,False
103096,2.340617,ADD,BUY,99.99,300,1,False
102359,2.340806,CANCEL,BUY,99.98,200,9,False
103097,2.341562,ADD,SELL,99.96,200,7,False
103098,2.342534,ADD,SELL,100.04,300,7,False
103099,2.343458,ADD,SELL,100.0,300,10,False
103100,2.344159,ADD,BUY,100.03,300,9,False
103101,2.345105,ADD,SELL,99.97,300,10,False
103102,2.345943,ADD,BUY,100.02,300,9,False
101546,2.346914,EXECUTE,BUY,100.02,200,9,False
102112,2.347118,EXECUTE,SELL,100.01,100,6,False
103103,2.347572,ADD,BUY,100.0,200,7,False
103104,2.348406,ADD,BUY,100.02,200,6,False
103105,2.348768,ADD,SELL,100.02,200,5,False
103106,2.349322,ADD,BUY,100.02,200,3,False
103107,2.349984,ADD,BUY,100.01,300,9,False
103108,2.350832,ADD,BUY,99.98,200,7,False
103109,2.350987,ADD,SELL,100.02,1000,6,False
103110,2.351938,ADD,BUY,100.02,300,6,False
103111,2.352631,ADD,BUY,100.02,100,3,False
103112,2.352895,ADD,BUY,100.0,20000,11,True
103113,2.35356,ADD,BUY,99.99,100,8,False
102287,2.354239,EXECUTE,SELL,99.97,300,5,False
102319,2.354921,EXECUTE,SELL,99.97,300,5,False
102138,2.355588,EXECUTE,BUY,99.99,500,7,False
102535,2.355915,EXECUTE,SELL,99.99,300,3,False
103114,2.356786,ADD,BUY,100.02,300,5,False
101963,2.357143,CANCEL,BUY,100.03,100,9,False
103115,2.357981,ADD,BUY,99.98,100,1,False
103116,2.358209,ADD,SELL,100.03,300,7,False
103117,2.358527,ADD,BUY,99.99,500,9,False
103118,2.359413,ADD,BUY,99.99,100,8,False
100818,2.360269,EXECUTE,BUY,99.95,300,10,False
101641,2.360547,EXECUTE,BUY,100.04,300,7,False
103119,2.361235,ADD,SELL,99.96,100,7,False
103120,2.361837,ADD,SELL,100.01,200,3,False
103121,2.362222,ADD,BUY,100.02,200,9,False
103122,2.363125,ADD,SELL,99.97,300,5,False
102089,2.364085,EXECUTE,BUY,99.99,100,5,False
103123,2.36501,ADD,SELL,100.02,200,4,False
103124,2.365195,ADD,BUY,99.99,10000,11,True
100960,2.36535,CANCEL,BUY,100.03,200,5,False
103125,2.36623,ADD,SELL,100.0,100,7,False
100956,2.366705,EXECUTE,SELL,100.03,1000,7,False
101419,2.367685,EXECUTE,BUY,99.99,100,4,False
101705,2.368053,EXECUTE,SELL,100.02,100,1,False
103126,2.368619,ADD,BUY,100.03,100,4,False
103127,2.368826,ADD,BUY,99.96,500,3,False
103128,2.369454,ADD,SELL,99.96,100,1,False
103129,2.370095,ADD,SELL,100.03,100,3,False
103130,2.370706,ADD,SELL,99.98,100,7,False
102644,2.371606,EXECUTE,SELL,100.04,200,2,False
103131,2.372277,ADD,BUY,99.98,200,8,False
103132,2.372882,ADD,SELL,100.01,10000,11,True
103133,2.373615,ADD,SELL,100.04,100,6,False
101912,2.373856,EXECUTE,SELL,100.0,100,1,False
103134,2.374703,ADD,BUY,100.02,100,1,False
103003,2.375383,EXECUTE,BUY,100.03,500,9,False
103135,2.375852,ADD,SELL,100.0,200,6,False
102798,2.376728,CANCEL,SELL,99.99,15000,11,True
103136,2.377484,ADD,BUY,100.03,100,1,False
103137,2.377985,ADD,BUY,100.01,200,1,False
103138,2.378617,ADD,BUY,99.98,200,2,False
103139,2.378867,ADD,BUY,99.96,200,1,False
103140,2.3791,ADD,BUY,100.01,15000,11,True
103141,2.379336,ADD,SELL,99.98,300,6,False
103142,2.379666,ADD,BUY,99.95,100,10,False
103143,2.380105,ADD,SELL,99.96,200,9,False
103144,2.380533,ADD,BUY,100.04,500,1,False
103145,2.38109,ADD,SELL,99.99,1000,9,False
103146,2.382017,ADD,BUY,99.98,200,1,False
103147,2.382197,ADD,BUY,99.98,200,4,False
103148,2.382509,ADD,SELL,99.99,100,3,False
102282,2.383058,EXECUTE,SELL,99.98,200,2,False
103149,2.38327,ADD,SELL,100.0,10000,11,True
103150,2.383457,ADD,BUY,99.97,200,10,False
101721,2.383841,EXECUTE,SELL,99.99,1000,2,False
103151,2.384818,ADD,SELL,100.0,15000,11,True
102585,2.385122,EXECUTE,BUY,100.0,100,7,False
101302,2.385427,EXECUTE,BUY,100.03,100,1,False
103152,2.386343,ADD,SELL,99.98,300,6,False
103153,2.386612,ADD,BUY,99.99,200,3,False
103154,2.387053,ADD,BUY,100.01,100,5,False
102695,2.387787,EXECUTE,SELL,100.04,100,10,False
103155,2.388299,ADD,SELL,99.99,500,1,False
101345,2.388703,EXECUTE,BUY,100.03,500,10,False
103156,2.388882,ADD,BUY,100.0,200,2,False
102336,2.389237,EXECUTE,SELL,100.04,100,5,False
103157,2.389427,ADD,BUY,99.95,300,3,False
102057,2.389657,EXECUTE,BUY,99.97,300,4,False
102954,2.390553,EXECUTE,BUY,99.96,300,5,False
103099,2.39101,EXECUTE,SELL,100.0,300,10,False
102471,2.391463,EXECUTE,SELL,99.99,300,6,False
102122,2.392087,EXECUTE,SELL,100.03,300,3,False
103158,2.392936,ADD,SELL,99.96,100,5,False
103159,2.393779,ADD,BUY,100.04,200,9,False
103160,2.394617,ADD,BUY,100.02,500,7,False
103161,2.395473,ADD,BUY,99.97,1000,5,False
102856,2.39568,EXECUTE,SELL,100.01,300,10,False
103162,2.39612,ADD,SELL,100.0,10000,11,True
103163,2.396565,ADD,BUY,100.03,100,1,False
103164,2.39686,ADD,BUY,99.96,200,1,False
103165,2.396976,ADD,SELL,99.99,200,1,False
103166,2.397574,ADD,SELL,100.04,100,5,False
100175,2.398425,CANCEL,SELL,100.0,10000,11,True
103167,2.398792,ADD,SELL,99.97,200,6,False
100550,2.399147,CANCEL,BUY,100.04,200,3,False
102238,2.399889,CANCEL,BUY,100.0,10000,11,True
103168,2.400344,ADD,SELL,99.98,100,7,False
103169,2.400819,ADD,BUY,100.0,20000,11,True
103170,2.401649,ADD,SELL,99.99,200,5,False
103171,2.402315,ADD,SELL,99.97,300,8,False
101251,2.402441,EXECUTE,SELL,99.95,500,6,False
103172,2.402853,ADD,BUY,100.01,100,7,False
102309,2.403134,EXECUTE,BUY,99.99,300,3,False
103173,2.403696,ADD,BUY,100.02,100,4,False
103174,2.404294,ADD,BUY,99.98,200,5,False
103175,2.404999,ADD,BUY,100.0,20000,11,True
103176,2.405386,ADD,SELL,100.05,100,2,False
103177,2.405605,ADD,BUY,99.97,100,1,False
102503,2.405717,CANCEL,SELL,100.03,200,5,False
103178,2.406445,ADD,SELL,100.0,200,10,False
103179,2.406651,ADD,SELL,100.04,100,1,False
103180,2.406812,ADD,SELL,100.02,200,2,False
103181,2.407326,ADD,SELL,100.04,200,6,False
101681,2.407617,CANCEL,SELL,100.03,300,9,False
103182,2.408011,ADD,BUY,100.01,200,4,False
101806,2.408755,EXECUTE,BUY,99.97,500,2,False
103183,2.408937,ADD,BUY,100.04,100,3,False
103184,2.409544,ADD,BUY,100.03,300,5,False
103185,2.410353,ADD,SELL,99.96,200,2,False
103186,2.410831,ADD,BUY,99.99,300,1,False
103187,2.411281,ADD,BUY,100.02,100,3,False
103188,2.411578,ADD,BUY,100.01,5000,11,True
103189,2.412272,ADD,SELL,99.97,200,7,False
103190,2.412396,ADD,BUY,100.02,1000,9,False
103191,2.412794,ADD,SELL,100.02,100,6,False
101899,2.413623,EXECUTE,SELL,99.99,100,5,False
103192,2.413808,ADD,BUY,100.04,200,10,False
103193,2.414354,ADD,SELL,99.99,300,1,False
102079,2.414936,EXECUTE,SELL,100.01,100,4,False
101602,2.415148,EXECUTE,BUY,99.98,300,2,False
103194,2.415621,ADD,SELL,100.0,200,8,False
102426,2.416349,CANCEL,SELL,100.0,20000,11,True
103195,2.416894,ADD,SELL,99.97,100,5,False
103196,2.417426,ADD,SELL,100.03,200,4,False
102589,2.418182,CANCEL,BUY,99.97,300,3,False
103197,2.41912,ADD,BUY,100.02,100,3,False
103198,2.419878,ADD,BUY,100.03,100,3,False
103199,2.420228,ADD,SELL,99.97,1000,1,False
103200,2.420907,ADD,BUY,99.98,100,1,False
103201,2.4219,ADD,SELL,99.98,100,3,False
103202,2.422198,ADD,BUY,99.97,500,6,False
103203,2.422567,ADD,BUY,99.98,200,6,False
103204,2.423054,ADD,SELL,99.95,500,1,False
102950,2.423582,CANCEL,SELL,100.01,200,2,False
103205,2.424259,ADD,SELL,99.95,200,8,False
103206,2.425227,ADD,SELL,100.03,100,8,False
103207,2.425583,ADD,BUY,100.02,200,6,False
103208,2.42586,ADD,SELL,100.0,200,7,False
103209,2.425967,ADD,SELL,100.04,200,10,False
103210,2.426237,ADD,SELL,100.01,300,6,False
103211,2.426811,ADD,SELL,99.97,1000,5,False
103212,2.427309,ADD,SELL,100.05,1000,7,False
103213,2.42759,ADD,SELL,100.05,100,2,False
103214,2.42856,ADD,BUY,99.96,200,6,False
103215,2.428998,ADD,BUY,100.01,100,4,False
103216,2.429747,ADD,SELL,100.01,200,4,False
103217,2.430088,ADD,SELL,99.98,300,2,False
103218,2.430439,ADD,SELL,100.04,100,9,False
103219,2.431163,ADD,SELL,99.99,100,7,False
103220,2.431807,ADD,BUY,99.99,300,9,False
102339,2.432281,CANCEL,BUY,100.0,20000,11,True
103221,2.432646,ADD,BUY,100.04,200,7,False
103222,2.433603,ADD,SELL,99.95,300,8,False
103168,2.434073,EXECUTE,SELL,99.98,100,7,False
103164,2.434982,EXECUTE,BUY,99.96,200,1,False
103223,2.435144,ADD,BUY,100.0,200,1,False
103224,2.435504,ADD,BUY,99.96,1000,7,False
103225,2.43642,ADD,SELL,99.95,200,9,False
103226,2.437004,ADD,BUY,99.99,200,6,False
103227,2.437125,ADD,BUY,100.01,100,7,False
103228,2.437313,ADD,SELL,99.97,300,3,False
103229,2.438138,ADD,BUY,99.95,200,7,False
103230,2.438312,ADD,SELL,100.03,200,9,False
101201,2.439241,EXECUTE,SELL,99.98,100,7,False
103231,2.440233,ADD,SELL,100.01,100,1,False
102864,2.441067,EXECUTE,BUY,99.97,100,8,False
103232,2.441325,ADD,BUY,100.05,200,4,False
103233,2.441971,ADD,BUY,99.97,100,7,False
102386,2.442888,EXECUTE,SELL,99.96,200,6,False
100909,2.443282,EXECUTE,BUY,99.96,200,5,False
102537,2.443983,CANCEL,SELL,99.97,100,3,False
101183,2.444851,EXECUTE,BUY,99.97,100,4,False
103234,2.445729,ADD,SELL,99.99,300,10,False
100136,2.44665,EXECUTE,SELL,99.98,100,9,False
103235,2.44713,ADD,SELL,100.03,300,6,False
103236,2.447278,ADD,BUY,100.02,300,10,False
102166,2.447947,CANCEL,BUY,100.02,100,9,False
103237,2.448243,ADD,SELL,100.03,100,2,False
103238,2.448672,ADD,SELL,99.96,100,3,False
103239,2.44966,ADD,SELL,100.0,100,8,False
102786,2.449928,CANCEL,BUY,100.01,1000,5,False
101333,2.450621,EXECUTE,SELL,100.0,100,2,False
103190,2.451293,EXECUTE,BUY,100.02,1000,9,False
103240,2.451976,ADD,SELL,100.04,100,6,False
103241,2.452531,ADD,SELL,99.98,100,9,False
103242,2.453449,ADD,BUY,100.0,20000,11,True
102404,2.454104,CANCEL,BUY,100.04,300,1,False
103243,2.454924,ADD,SELL,100.0,100,4,False
103244,2.45566,ADD,SELL,100.03,300,10,False
103245,2.456249,ADD,BUY,99.96,200,7,False
102666,2.456873,CANCEL,BUY,99.99,10000,11,True
103246,2.457771,ADD,BUY,100.01,200,2,False
103247,2.458041,ADD,BUY,99.97,100,10,False
103248,2.458702,ADD,SELL,99.98,300,8,False
103249,2.459387,ADD,SELL,99.95,200,5,False
103250,2.459974,ADD,BUY,99.96,100,2,False
103251,2.460523,ADD,SELL,100.0,100,4,False
103252,2.460769,ADD,SELL,100.03,100,7,False
102984,2.461689,EXECUTE,SELL,100.01,200,1,False
102794,2.461817,EXECUTE,SELL,100.01,100,9,False
103253,2.462575,ADD,BUY,100.03,300,2,False
100634,2.463508,EXECUTE,BUY,100.04,100,4,False
102349,2.463877,EXECUTE,SELL,100.04,1000,1,False
103254,2.464561,ADD,SELL,100.03,300,1,False
103255,2.465122,ADD,SELL,100.01,300,4,False
102360,2.465934,CANCEL,BUY,99.98,100,3,False
103256,2.466288,ADD,SELL,100.02,300,6,False
103257,2.46728,ADD,BUY,100.05,200,2,False
101459,2.468158,EXECUTE,SELL,100.04,100,9,False
103258,2.468532,ADD,BUY,100.04,200,5,False
103259,2.469326,ADD,SELL,100.01,100,9,False
102918,2.470205,EXECUTE,SELL,100.05,200,4,False
103260,2.470947,ADD,SELL,99.98,500,8,False
100878,2.471083,EXECUTE,BUY,100.0,200,7,False
103261,2.471641,ADD,BUY,99.96,100,8,False
103220,2.472487,EXECUTE,BUY,99.99,300,9,False
103262,2.472947,ADD,SELL,100.02,100,9,False
103263,2.473678,ADD,SELL,99.97,100,1,False
103264,2.474067,ADD,BUY,99.99,500,8,False
103265,2.474533,ADD,SELL,100.03,300,7,False
100791,2.474739,EXECUTE,BUY,99.96,100,9,False
103266,2.475429,ADD,BUY,99.96,100,8,False
101443,2.476414,EXECUTE,SELL,100.01,100,5,False
101977,2.476703,CANCEL,SELL,100.03,200,10,False
103267,2.477062,ADD,BUY,99.95,100,1,False
103268,2.477741,ADD,BUY,100.01,100,1,False
103269,2.478348,ADD,SELL,99.96,100,6,False
100396,2.478775,EXECUTE,BUY,99.96,100,8,False
102735,2.479683,EXECUTE,BUY,99.98,200,7,False
101550,2.480279,EXECUTE,BUY,99.95,200,4,False
103270,2.480439,ADD,SELL,100.02,100,6,False
100671,2.481109,CANCEL,BUY,100.0,300,4,False
103271,2.481594,ADD,BUY,99.97,200,2,False
102713,2.482142,CANCEL,SELL,99.97,100,2,False
103272,2.482621,ADD,SELL,99.96,200,1,False
102848,2.482737,EXECUTE,BUY,99.98,300,2,False
103273,2.483389,ADD,SELL,100.05,200,3,False
103274,2.483631,ADD,SELL,100.03,100,8,False
103275,2.484402,ADD,BUY,99.98,200,8,False
103276,2.484797,ADD,SELL,99.97,200,7,False
103277,2.485383,ADD,BUY,99.98,100,4,False
103278,2.485882,ADD,SELL,99.97,500,1,False
103279,2.486347,ADD,SELL,100.02,200,7,False
102099,2.486755,EXECUTE,BUY,99.97,100,1,False
103280,2.48773,ADD,SELL,100.01,300,10,False
103281,2.488365,ADD,SELL,100.04,100,10,False
102878,2.488579,EXECUTE,SELL,100.04,500,3,False
103282,2.488714,ADD,BUY,100.04,200,3,False
103283,2.489278,ADD,SELL,100.04,100,2,False
103284,2.489847,ADD,BUY,100.0,100,9,False
103285,2.490039,ADD,SELL,99.99,1000,1,False
103286,2.490724,ADD,BUY,100.05,100,4,False
103287,2.490825,ADD,SELL,100.03,100,5,False
103288,2.491017,ADD,SELL,99.95,300,2,False
103289,2.49183,ADD,BUY,99.95,100,7,False
103290,2.492187,ADD,BUY,100.01,200,1,False
103291,2.493113,ADD,BUY,100.02,1000,9,False
103292,2.493651,ADD,BUY,100.02,100,8,False
102348,2.494056,CANCEL,BUY,99.97,1000,9,False
103293,2.49424,ADD,BUY,100.02,200,2,False
103294,2.49436,ADD,BUY,99.98,100,5,False
103295,2.495059,ADD,SELL,99.95,300,7,False
103296,2.495342,ADD,SELL,99.96,200,7,False
103297,2.496182,ADD,BUY,100.04,200,4,False
103298,2.497056,ADD,SELL,100.03,500,10,False
103299,2.497473,ADD,SELL,99.97,1000,6,False
100886,2.497801,EXECUTE,BUY,100.0,100,4,False
103300,2.498308,ADD,BUY,100.03,100,9,False
103301,2.499119,ADD,BUY,99.98,100,6,False
103302,2.499919,ADD,SELL,100.0,15000,11,True
102932,2.500354,EXECUTE,SELL,100.0,100,4,False
101878,2.501278,EXECUTE,SELL,100.01,100,4,False
103303,2.502237,ADD,SELL,99.97,100,3,False
103304,2.502798,ADD,BUY,100.0,100,5,False
103305,2.503642,ADD,SELL,99.98,200,9,False
103306,2.504207,ADD,BUY,99.97,300,8,False
102912,2.504371,CANCEL,BUY,99.95,100,3,False
103307,2.505214,ADD,SELL,100.0,200,7,False
103308,2.505473,ADD,SELL,100.04,200,1,False
101111,2.505752,EXECUTE,BUY,100.05,100,4,False
103309,2.505939,ADD,SELL,100.03,100,4,False
103310,2.506284,ADD,BUY,99.99,100,3,False
102328,2.507022,EXECUTE,BUY,100.01,100,5,False
103311,2.507313,ADD,SELL,99.96,200,9,False
103312,2.508285,ADD,BUY,100.04,300,2,False
103313,2.508502,ADD,SELL,99.95,200,8,False
103314,2.509181,ADD,BUY,99.96,200,1,False
103315,2.509581,ADD,SELL,100.02,100,6,False
103316,2.510338,ADD,SELL,100.05,100,3,False
103317,2.510502,ADD,SELL,99.98,100,7,False
103318,2.510741,ADD,SELL,99.97,200,10,False
103319,2.511574,ADD,BUY,99.97,200,6,False
101821,2.512127,CANCEL,SELL,100.0,100,9,False
103320,2.512527,ADD,SELL,99.97,100,8,False
102976,2.512809,EXECUTE,BUY,100.05,100,10,False
103321,2.513555,ADD,BUY,99.97,100,9,False
103238,2.51406,EXECUTE,SELL,99.96,100,3,False
103322,2.514207,ADD,SELL,99.96,100,2,False
103323,2.514946,ADD,BUY,99.96,300,7,False
100641,2.51528,EXECUTE,BUY,99.97,100,9,False
101319,2.5161,EXECUTE,SELL,100.04,100,10,False
103324,2.516381,ADD,SELL,100.02,200,3,False
100901,2.516762,EXECUTE,SELL,99.98,200,8,False
103325,2.517368,ADD,BUY,99.99,100,1,False
100416,2.518352,EXECUTE,SELL,99.97,300,2,False
103326,2.519351,ADD,BUY,99.97,100,1,False
100899,2.519674,CANCEL,BUY,100.01,10000,11,True
103327,2.520545,ADD,BUY,100.0,500,7,False
103328,2.520886,ADD,BUY,99.95,300,2,False
103329,2.52186,ADD,BUY,99.96,500,5,False
103330,2.522828,ADD,SELL,99.97,200,6,False
103331,2.523244,ADD,BUY,99.98,100,9,False
103072,2.523455,EXECUTE,BUY,99.96,200,2,False
103332,2.523968,ADD,BUY,99.96,100,9,False
103333,2.524651,ADD,BUY,99.96,100,8,False
103334,2.525535,ADD,SELL,99.99,300,4,False
103149,2.525991,CANCEL,SELL,100.0,10000,11,True
100028,2.52678,CANCEL,BUY,100.02,100,2,False
103335,2.527067,ADD,SELL,99.98,300,5,False
103336,2.527842,ADD,BUY,100.01,200,2,False
103337,2.528178,ADD,BUY,99.95,100,1,False
103338,2.528442,ADD,BUY,100.01,100,5,False
103339,2.528875,ADD,BUY,99.98,300,7,False
101268,2.529438,EXECUTE,SELL,99.96,500,3,False
103340,2.53037,ADD,SELL,99.98,500,9,False
103341,2.530761,ADD,BUY,100.02,1000,2,False
102787,2.531438,CANCEL,SELL,99.99,200,2,False
101112,2.531993,EXECUTE,BUY,99.99,100,1,False
103342,2.532439,ADD,SELL,99.98,100,2,False
103343,2.533082,ADD,BUY,100.01,300,9,False
103344,2.533709,ADD,BUY,99.97,100,4,False
102567,2.534476,EXECUTE,SELL,99.96,300,1,False
103345,2.534912,ADD,SELL,99.96,300,3,False
103346,2.53537,ADD,SELL,100.01,1000,7,False
103347,2.535704,ADD,BUY,100.02,100,10,False
101934,2.536105,EXECUTE,BUY,99.97,200,7,False
102551,2.536677,EXECUTE,SELL,100.01,100,1,False
103348,2.537624,ADD,BUY,100.05,200,10,False
103349,2.537751,ADD,BUY,100.04,300,4,False
100706,2.538563,EXECUTE,BUY,100.01,300,8,False
103350,2.539418,ADD,SELL,100.01,1000,7,False
103351,2.540318,ADD,BUY,99.99,200,10,False
100985,2.54118,CANCEL,SELL,100.0,20000,11,True
103352,2.541321,ADD,SELL,100.0,15000,11,True
103353,2.541724,ADD,BUY,100.02,300,5,False
103354,2.542351,ADD,BUY,100.04,200,9,False
103355,2.543315,ADD,BUY,100.04,500,1,False
103356,2.543823,ADD,BUY,99.96,300,9,False
102626,2.544423,CANCEL,BUY,100.01,15000,11,True
103357,2.544798,ADD,SELL,100.05,300,8,False
103358,2.545595,ADD,BUY,100.01,15000,11,True
103359,2.546337,ADD,SELL,100.03,300,1,False
103360,2.547132,ADD,BUY,100.03,200,5,False
102608,2.547941,EXECUTE,SELL,100.01,200,6,False
103361,2.548514,ADD,BUY,100.04,1000,5,False
101698,2.549243,EXECUTE,SELL,100.0,200,4,False
103362,2.549618,ADD,SELL,100.01,100,6,False
103363,2.5498,ADD,SELL,100.0,500,3,False
102594,2.550029,EXECUTE,SELL,99.95,200,6,False
103364,2.550185,ADD,BUY,100.03,100,9,False
103365,2.550863,ADD,BUY,100.0,200,4,False
100540,2.551537,EXECUTE,SELL,99.97,300,6,False
103366,2.551951,ADD,SELL,99.97,200,5,False
103367,2.552908,ADD,BUY,99.96,300,6,False
101284,2.553344,EXECUTE,SELL,99.95,1000,6,False
103368,2.554242,ADD,BUY,100.01,300,8,False
103369,2.554744,ADD,SELL,99.98,500,6,False
103370,2.554927,ADD,BUY,99.95,300,3,False
103371,2.555718,ADD,BUY,99.98,100,7,False
103372,2.55633,ADD,SELL,100.05,300,5,False
103373,2.556898,ADD,SELL,99.96,200,6,False
100530,2.557578,EXECUTE,BUY,99.95,200,8,False
103374,2.557983,ADD,SELL,100.04,200,5,False
103375,2.558173,ADD,BUY,100.03,300,2,False
103376,2.559098,ADD,BUY,100.04,100,3,False
102484,2.559667,EXECUTE,SELL,99.96,200,8,False
103377,2.560146,ADD,SELL,100.01,20000,11,True
100253,2.56045,EXECUTE,SELL,100.04,500,6,False
103378,2.560732,ADD,BUY,100.02,200,5,False
103379,2.560954,ADD,BUY,99.96,500,5,False
103380,2.561795,ADD,BUY,99.98,100,6,False
103381,2.562582,ADD,SELL,99.98,200,10,False
102849,2.563181,CANCEL,BUY,99.97,200,8,False
103382,2.563972,ADD,SELL,99.96,200,10,False
100982,2.564828,EXECUTE,BUY,100.0,200,10,False
103383,2.565789,ADD,SELL,100.04,100,6,False
102096,2.566659,CANCEL,SELL,100.0,5000,11,True
103384,2.56731,ADD,BUY,99.96,200,7,False
100527,2.568212,EXECUTE,SELL,100.0,200,8,False
103385,2.568353,ADD,BUY,100.01,10000,11,True
103386,2.56887,ADD,BUY,99.98,300,3,False
103387,2.569436,ADD,SELL,99.99,200,7,False
103388,2.570347,ADD,BUY,100.02,500,2,False
103389,2.571193,ADD,SELL,100.01,200,6,False
103390,2.571729,ADD,SELL,100.04,500,6,False
103391,2.572346,ADD,BUY,100.0,20000,11,True
103392,2.573059,ADD,BUY,99.97,300,5,False
103393,2.57357,ADD,SELL,100.01,200,4,False
103394,2.574144,ADD,BUY,99.97,100,10,False
103395,2.574451,ADD,SELL,99.97,100,2,False
102491,2.574813,EXECUTE,SELL,100.01,500,7,False
103396,2.575811,ADD,BUY,100.0,300,10,False
103397,2.575955,ADD,SELL,99.99,300,1,False
103398,2.576598,ADD,SELL,100.02,200,4,False
103399,2.577274,ADD,SELL,100.05,200,7,False
103400,2.578006,ADD,BUY,99.95,100,7,False
103401,2.578617,ADD,BUY,100.02,200,7,False
103402,2.579038,ADD,BUY,99.98,100,6,False
103403,2.579689,ADD,BUY,100.02,300,10,False
103404,2.580052,ADD,SELL,99.96,100,2,False
103405,2.580585,ADD,SELL,100.02,100,7,False
103406,2.5814,ADD,SELL,100.0,100,10,False
103407,2.581785,ADD,SELL,100.01,300,5,False
101626,2.582006,CANCEL,BUY,100.02,200,1,False
103040,2.582745,EXECUTE,SELL,100.03,100,3,False
103408,2.583042,ADD,SELL,99.98,200,9,False
101865,2.58389,EXECUTE,SELL,100.02,500,5,False
103409,2.584559,ADD,BUY,100.02,1000,6,False
103410,2.584879,ADD,BUY,100.05,300,4,False
103411,2.58525,ADD,BUY,99.99,200,10,False
102157,2.585838,CANCEL,BUY,100.0,5000,11,True
103412,2.586537,ADD,SELL,100.02,100,6,False
103413,2.586871,ADD,SELL,99.96,200,9,False
103414,2.587646,ADD,BUY,99.99,200,5,False
100696,2.58851,EXECUTE,BUY,99.99,100,10,False
103415,2.589365,ADD,BUY,100.01,200,9,False
103416,2.589886,ADD,SELL,100.05,100,9,False
101828,2.59061,EXECUTE,SELL,100.01,300,10,False
103417,2.590766,ADD,SELL,100.03,100,5,False
103418,2.591515,ADD,BUY,100.0,100,10,False
103419,2.591668,ADD,BUY,100.0,20000,11,True
101639,2.591857,EXECUTE,SELL,100.02,100,4,False
103420,2.592409,ADD,BUY,100.0,100,1,False
102839,2.593007,CANCEL,BUY,99.99,200,7,False
103421,2.593919,ADD,SELL,99.95,300,4,False
103422,2.594543,ADD,SELL,99.98,100,1,False
103423,2.595,ADD,BUY,100.01,200,6,False
103424,2.595167,ADD,BUY,100.05,500,1,False
103156,2.595982,EXECUTE,BUY,100.0,200,2,False
103425,2.596327,ADD,SELL,99.96,100,4,False
103426,2.596514,ADD,SELL,99.98,200,2,False
103427,2.597084,ADD,SELL,99.97,1000,2,False
103428,2.597233,ADD,SELL,100.04,100,9,False
103429,2.598207,ADD,SELL,99.98,300,4,False
103430,2.598503,ADD,SELL,100.04,300,10,False
103152,2.599335,EXECUTE,SELL,99.98,300,6,False
103431,2.599943,ADD,BUY,100.03,200,5,False
101789,2.60071,EXECUTE,BUY,100.0,300,9,False
103432,2.60084,ADD,BUY,99.96,100,8,False
102202,2.601726,EXECUTE,SELL,100.0,100,2,False
103433,2.601979,ADD,BUY,100.02,200,4,False
102706,2.602124,EXECUTE,BUY,99.97,200,9,False
103434,2.602948,ADD,SELL,100.0,100,5,False
101243,2.603518,EXECUTE,SELL,100.03,500,3,False
103435,2.604109,ADD,SELL,99.97,200,2,False
103436,2.604855,ADD,SELL,99.99,500,10,False
101669,2.605096,EXECUTE,SELL,99.97,300,7,False
103437,2.605538,ADD,SELL,99.98,200,4,False
103438,2.606099,ADD,BUY,100.0,100,9,False
100503,2.606896,CANCEL,BUY,100.01,15000,11,True
103439,2.607171,ADD,BUY,100.0,20000,11,True
102689,2.607556,EXECUTE,SELL,100.04,200,7,False
103440,2.607862,ADD,SELL,100.04,200,9,False
103441,2.608756,ADD,SELL,99.98,200,5,False
101396,2.609295,EXECUTE,SELL,99.99,200,7,False
102694,2.61004,EXECUTE,SELL,100.04,100,6,False
103442,2.610873,ADD,SELL,99.99,20000,11,True
103344,2.611381,EXECUTE,BUY,99.97,100,4,False
103443,2.611964,ADD,SELL,100.04,100,4,False
103444,2.612326,ADD,BUY,100.03,100,10,False
103445,2.613017,ADD,BUY,100.02,500,2,False
103446,2.613607,ADD,SELL,100.0,100,8,False
103447,2.614152,ADD,SELL,100.01,100,2,False
103448,2.614255,ADD,BUY,99.96,100,10,False
103449,2.614563,ADD,BUY,100.0,10000,11,True
103450,2.614938,ADD,SELL,100.01,5000,11,True
103451,2.615576,ADD,BUY,100.02,200,1,False
101128,2.615959,EXECUTE,BUY,100.0,100,7,False
103452,2.616784,ADD,SELL,100.04,100,3,False
103414,2.617485,EXECUTE,BUY,99.99,200,5,False
103453,2.617915,ADD,SELL,99.99,300,8,False
103454,2.618457,ADD,SELL,99.97,100,3,False
103455,2.618732,ADD,SELL,100.03,200,3,False
102147,2.619357,EXECUTE,BUY,99.99,500,7,False
102173,2.619535,EXECUTE,SELL,99.96,300,8,False
103456,2.619735,ADD,SELL,99.98,500,1,False
103236,2.620584,EXECUTE,BUY,100.02,300,10,False
102753,2.620775,EXECUTE,BUY,99.97,300,4,False
101982,2.621724,EXECUTE,SELL,99.99,100,3,False
103457,2.622435,ADD,BUY,100.0,300,1,False
103458,2.622774,ADD,SELL,100.04,100,9,False
103459,2.623181,ADD,SELL,100.0,100,3,False
103460,2.624084,ADD,BUY,99.98,200,5,False
103461,2.624783,ADD,SELL,99.96,100,2,False
103462,2.6249,ADD,BUY,100.0,100,1,False
103463,2.625014,ADD,SELL,100.04,300,7,False
103464,2.625461,ADD,SELL,100.03,200,1,False
103036,2.626096,CANCEL,BUY,100.01,100,10,False
103462,2.626697,EXECUTE,BUY,100.0,100,1,False
103465,2.627364,ADD,BUY,100.03,500,6,False
103466,2.628007,ADD,SELL,100.01,200,1,False
103467,2.628151,ADD,SELL,99.96,100,10,False
103468,2.628747,ADD,SELL,100.05,100,8,False
103469,2.629029,ADD,SELL,100.03,100,4,False
102489,2.629137,EXECUTE,SELL,100.0,300,4,False
103470,2.629633,ADD,BUY,100.0,100,1,False
103471,2.63043,ADD,SELL,99.96,100,7,False
103472,2.631053,ADD,SELL,100.03,300,8,False
103473,2.631223,ADD,SELL,99.95,200,3,False
103474,2.631528,ADD,SELL,99.99,100,6,False
103475,2.632326,ADD,BUY,99.97,200,2,False
103476,2.632658,ADD,SELL,100.01,200,10,False
101533,2.633217,EXECUTE,BUY,100.0,200,6,False
103477,2.63332,ADD,SELL,100.03,200,8,False
103478,2.63423,ADD,SELL,100.05,200,9,False
103479,2.634337,ADD,SELL,99.98,100,10,False
103480,2.63513,ADD,BUY,100.0,200,4,False
103481,2.635947,ADD,SELL,99.96,300,3,False
101580,2.63653,EXECUTE,SELL,100.0,200,4,False
103482,2.63683,ADD,SELL,100.01,300,5,False
103483,2.637448,ADD,BUY,100.01,500,7,False
100876,2.638059,EXECUTE,SELL,100.04,500,8,False
103484,2.638799,ADD,SELL,99.99,200,1,False
102170,2.639141,EXECUTE,BUY,99.99,200,5,False
103485,2.640066,ADD,BUY,100.02,300,3,False
103486,2.64062,ADD,SELL,100.05,300,2,False
103487,2.64143,ADD,BUY,100.03,100,3,False
103488,2.64207,ADD,SELL,99.98,500,5,False
103489,2.64251,ADD,SELL,99.97,200,3,False
102478,2.643186,EXECUTE,BUY,99.99,100,8,False
103490,2.643793,ADD,BUY,99.95,100,8,False
103491,2.644107,ADD,BUY,99.99,1000,1,False
103492,2.644666,ADD,SELL,100.01,1000,10,False
103493,2.645197,ADD,SELL,99.97,100,6,False
103494,2.646092,ADD,SELL,100.01,1000,9,False
103495,2.646639,ADD,BUY,99.96,300,8,False
101142,2.647599,CANCEL,SELL,100.0,10000,11,True
103496,2.648593,ADD,SELL,99.99,20000,11,True
103497,2.648723,ADD,SELL,100.01,100,10,False
103498,2.649316,ADD,BUY,99.98,100,1,False
103499,2.649749,ADD,SELL,100.01,10000,11,True
101680,2.650309,CANCEL,BUY,100.03,300,9,False
103500,2.651036,ADD,SELL,99.96,1000,6,False
103501,2.651195,ADD,BUY,99.96,300,5,False
103502,2.651346,ADD,BUY,100.02,300,10,False
103503,2.652113,ADD,BUY,100.01,20000,11,True
103504,2.652769,ADD,SELL,100.01,200,6,False
102407,2.653466,EXECUTE,BUY,99.98,100,10,False
103505,2.654207,ADD,BUY,99.96,100,9,False
103506,2.654793,ADD,BUY,100.03,200,1,False
103507,2.655513,ADD,BUY,99.97,200,5,False
103508,2.656182,ADD,BUY,100.02,300,9,False
103336,2.656896,EXECUTE,BUY,100.01,200,2,False
101291,2.657565,EXECUTE,BUY,100.04,200,4,False
103509,2.657684,ADD,BUY,99.96,300,1,False
102627,2.6583,EXECUTE,SELL,99.97,100,9,False
103510,2.658808,ADD,SELL,99.97,100,7,False
103511,2.659179,ADD,SELL,100.03,300,6,False
103512,2.660087,ADD,BUY,99.95,500,7,False
101799,2.660853,CANCEL,BUY,100.01,15000,11,True
102012,2.661583,EXECUTE,SELL,99.99,200,1,False
103513,2.66248,ADD,BUY,99.95,100,7,False
101224,2.663441,EXECUTE,SELL,99.96,100,9,False
103514,2.663822,ADD,SELL,99.99,10000,11,True
103515,2.66471,ADD,SELL,99.97,100,5,False
103227,2.665207,EXECUTE,BUY,100.01,100,7,False
103516,2.666157,ADD,SELL,99.95,100,10,False
103517,2.666341,ADD,SELL,99.97,200,8,False
103203,2.666709,EXECUTE,BUY,99.98,200,6,False
100439,2.667674,CANCEL,SELL,99.97,200,10,False
102790,2.668096,CANCEL,SELL,99.97,500,1,False
103518,2.668506,ADD,BUY,100.0,200,10,False
103519,2.669301,ADD,SELL,100.01,1000,4,False
103520,2.670296,ADD,BUY,100.03,200,6,False
103521,2.671094,ADD,BUY,99.99,100,7,False
103522,2.671598,ADD,BUY,100.0,100,9,False
103523,2.672596,ADD,SELL,100.0,20000,11,True
103524,2.673322,ADD,BUY,100.04,100,4,False
103525,2.673986,ADD,BUY,99.99,20000,11,True
103526,2.67421,ADD,BUY,100.0,100,3,False
102777,2.675203,EXECUTE,BUY,99.99,300,2,False
103527,2.675372,ADD,SELL,99.96,200,6,False
100344,2.675556,CANCEL,SELL,100.04,200,4,False
103528,2.67639,ADD,BUY,100.01,200,9,False
103529,2.676702,ADD,SELL,99.99,300,4,False
103530,2.676826,ADD,SELL,100.0,300,1,False
101707,2.677486,EXECUTE,BUY,99.97,200,9,False
103531,2.678241,ADD,SELL,99.96,500,7,False
103532,2.67916,ADD,SELL,100.0,300,7,False
102639,2.680051,EXECUTE,SELL,100.0,200,7,False
103533,2.680182,ADD,BUY,100.05,100,5,False
103534,2.680386,ADD,BUY,100.04,300,6,False
100914,2.680655,EXECUTE,BUY,99.98,300,1,False
103535,2.681058,ADD,BUY,100.03,100,8,False
102688,2.681591,CANCEL,SELL,100.01,1000,6,False
103536,2.682262,ADD,BUY,100.04,300,8,False
102870,2.682527,EXECUTE,SELL,99.98,500,6,False
100935,2.683428,EXECUTE,BUY,100.02,100,10,False
103537,2.684047,ADD,SELL,100.01,20000,11,True
103538,2.684603,ADD,SELL,99.99,100,7,False
103539,2.684747,ADD,SELL,99.99,300,6,False
102618,2.68567,EXECUTE,SELL,99.95,300,6,False
103540,2.686297,ADD,SELL,99.99,100,2,False
102466,2.686946,EXECUTE,SELL,99.98,500,10,False
102785,2.687752,EXECUTE,BUY,99.97,300,9,False
102546,2.688419,CANCEL,BUY,100.04,300,9,False
103070,2.68926,EXECUTE,BUY,99.96,100,9,False
103541,2.690214,ADD,BUY,99.97,200,10,False
103542,2.690407,ADD,BUY,100.03,200,1,False
103543,2.691183,ADD,BUY,100.04,500,10,False
103544,2.691357,ADD,SELL,100.04,100,10,False
103258,2.692143,EXECUTE,BUY,100.04,200,5,False
103545,2.692767,ADD,BUY,99.96,100,5,False
103546,2.693263,ADD,BUY,100.02,100,8,False
102982,2.693388,CANCEL,BUY,99.97,300,6,False
103547,2.694027,ADD,BUY,100.0,100,9,False
103548,2.694803,ADD,SELL,100.04,200,9,False
100797,2.695267,EXECUTE,BUY,100.01,1000,1,False
103549,2.69551,ADD,BUY,100.0,100,7,False
102474,2.695632,EXECUTE,SELL,99.99,200,9,False
103550,2.69584,ADD,BUY,99.99,200,4,False
100465,2.696416,EXECUTE,SELL,100.01,10000,11,True
103551,2.696844,ADD,BUY,99.97,300,10,False
101178,2.69716,EXECUTE,BUY,100.03,500,9,False
103552,2.697355,ADD,SELL,99.95,500,10,False
103451,2.697871,EXECUTE,BUY,100.02,200,1,False
103553,2.698315,ADD,BUY,100.01,100,5,False
103554,2.698513,ADD,SELL,100.0,5000,11,True
103555,2.699291,ADD,SELL,99.98,200,10,False
103556,2.699706,ADD,SELL,100.0,200,1,False
103557,2.699941,ADD,SELL,99.96,300,3,False
102409,2.700748,EXECUTE,SELL,100.02,200,9,False
103558,2.700876,ADD,BUY,99.99,1000,5,False
103559,2.701145,ADD,SELL,99.99,200,3,False
103560,2.701662,ADD,BUY,100.03,300,1,False
103561,2.702408,ADD,SELL,100.04,100,6,False
101955,2.703213,EXECUTE,BUY,99.98,500,7,False
103562,2.703411,ADD,BUY,99.97,200,7,False
103563,2.703677,ADD,SELL,99.95,100,9,False
103288,2.704035,EXECUTE,SELL,99.95,300,2,False
103564,2.704765,ADD,SELL,99.99,100,7,False
100479,2.705658,EXECUTE,SELL,100.01,300,1,False
103519,2.706375,EXECUTE,SELL,100.01,1000,4,False
102116,2.706499,EXECUTE,SELL,100.04,200,6,False
102402,2.707244,EXECUTE,BUY,99.96,200,3,False
103565,2.70771,ADD,BUY,99.96,200,10,False
102603,2.707898,EXECUTE,BUY,99.96,100,4,False
103566,2.708732,ADD,SELL,100.0,5000,11,True
103567,2.709262,ADD,BUY,100.02,100,5,False
103568,2.710062,ADD,SELL,100.04,300,1,False
103405,2.710862,EXECUTE,SELL,100.02,100,7,False
103569,2.711147,ADD,BUY,99.99,200,1,False
103570,2.711274,ADD,SELL,100.02,300,2,False
103571,2.711508,ADD,SELL,100.03,500,8,False
103572,2.711872,ADD,SELL,100.02,100,10,False
100582,2.712172,EXECUTE,BUY,99.97,100,5,False
103573,2.712589,ADD,SELL,100.04,300,2,False
103225,2.71314,CANCEL,SELL,99.95,200,9,False
103574,2.713244,ADD,SELL,99.97,200,10,False
101336,2.71416,CANCEL,BUY,100.0,10000,11,True
103575,2.714449,ADD,BUY,100.04,200,2,False
103576,2.714939,ADD,BUY,100.01,300,2,False
102542,2.715689,EXECUTE,BUY,99.98,200,10,False
103511,2.715911,EXECUTE,SELL,100.03,300,6,False
103577,2.716772,ADD,SELL,100.01,200,7,False
103578,2.716952,ADD,BUY,99.98,300,2,False
103579,2.717493,ADD,BUY,100.0,300,3,False
103580,2.718187,ADD,SELL,100.0,10000,11,True
103581,2.718982,ADD,SELL,99.99,100,5,False
103582,2.719103,ADD,BUY,99.99,200,4,False
103349,2.719387,CANCEL,BUY,100.04,300,4,False
101116,2.71952,EXECUTE,SELL,100.0,200,5,False
103583,2.720015,ADD,SELL,100.04,100,6,False
103584,2.720759,ADD,SELL,100.01,200,10,False
102420,2.721334,CANCEL,BUY,99.97,200,1,False
103585,2.721673,ADD,SELL,99.99,200,7,False
103586,2.72183,ADD,SELL,100.0,500,8,False
103587,2.722823,ADD,BUY,100.04,100,7,False
102324,2.722997,EXECUTE,BUY,100.04,100,2,False
103588,2.723451,ADD,BUY,99.97,300,2,False
103589,2.723996,ADD,BUY,100.03,300,4,False
103135,2.724432,EXECUTE,SELL,100.0,200,6,False
103590,2.725381,ADD,BUY,99.98,300,10,False
103591,2.726053,ADD,SELL,100.01,100,5,False
103401,2.726668,EXECUTE,BUY,100.02,200,7,False
101411,2.72715,CANCEL,BUY,100.04,200,5,False
100786,2.728078,EXECUTE,SELL,100.04,200,7,False
103592,2.728783,ADD,SELL,100.04,500,3,False
103593,2.729781,ADD,SELL,99.97,100,7,False
103594,2.730535,ADD,SELL,100.03,100,7,False
101795,2.73141,EXECUTE,SELL,100.0,100,8,False
103595,2.732179,ADD,SELL,99.97,1000,3,False
100954,2.732468,EXECUTE,SELL,100.03,300,9,False
103596,2.732754,ADD,SELL,99.99,200,9,False
101264,2.733296,CANCEL,SELL,99.96,100,3,False
103597,2.734283,ADD,BUY,100.05,100,10,False
103598,2.734533,ADD,SELL,99.96,200,4,False
103599,2.73511,ADD,BUY,100.02,200,8,False
103600,2.735554,ADD,SELL,100.01,300,9,False
103601,2.736238,ADD,SELL,99.95,500,8,False
103602,2.736976,ADD,BUY,100.0,100,7,False
103603,2.737147,ADD,SELL,99.95,500,6,False
103604,2.737734,ADD,BUY,99.96,200,10,False
103605,2.738183,ADD,BUY,100.0,300,9,False
103606,2.739037,ADD,BUY,99.95,200,7,False
103607,2.740027,ADD,SELL,100.0,200,5,False
102111,2.740952,CANCEL,BUY,99.98,200,1,False
103608,2.741758,ADD,SELL,99.96,300,5,False
103609,2.742342,ADD,BUY,99.98,500,5,False
103610,2.743048,ADD,SELL,99.99,200,6,False
103611,2.74332,ADD,BUY,100.0,500,8,False
103612,2.743646,ADD,BUY,99.97,100,2,False
103613,2.743882,ADD,SELL,100.01,200,8,False
103614,2.744775,ADD,BUY,99.98,300,6,False
102098,2.7457,EXECUTE,BUY,99.97,200,10,False
103615,2.746268,ADD,BUY,99.95,200,9,False
103616,2.747203,ADD,SELL,100.02,200,7,False
103617,2.747789,ADD,SELL,99.98,500,2,False
103618,2.74867,ADD,SELL,99.95,100,4,False
103619,2.749317,ADD,BUY,100.01,100,8,False
102946,2.750088,EXECUTE,BUY,99.99,100,9,False
102084,2.75035,CANCEL,BUY,99.97,100,2,False
103620,2.751025,ADD,SELL,100.0,200,8,False
103621,2.751253,ADD,SELL,100.04,100,3,False
103622,2.751511,ADD,SELL,99.97,300,10,False
103623,2.751811,ADD,BUY,99.98,100,4,False
103624,2.75225,ADD,SELL,99.99,1000,6,False
103028,2.752658,EXECUTE,BUY,99.99,100,4,False
101847,2.75287,CANCEL,BUY,100.01,10000,11,True
103625,2.752994,ADD,SELL,99.97,100,3,False
103626,2.753215,ADD,BUY,100.0,500,1,False
103627,2.753392,ADD,SELL,100.03,100,8,False
103628,2.75423,ADD,BUY,100.04,500,10,False
103629,2.755105,ADD,SELL,99.99,10000,11,True
103630,2.755609,ADD,BUY,100.02,200,1,False
103631,2.756337,ADD,BUY,99.99,100,7,False
102105,2.756887,EXECUTE,BUY,99.97,1000,4,False
103632,2.757271,ADD,BUY,99.97,100,7,False
102149,2.757921,CANCEL,SELL,100.04,500,10,False
103633,2.758475,ADD,SELL,99.99,5000,11,True
103634,2.759018,ADD,SELL,99.99,100,2,False
103635,2.759123,ADD,BUY,99.98,200,5,False
103636,2.759648,ADD,SELL,99.99,200,1,False
103637,2.759973,ADD,BUY,99.97,100,3,False
103403,2.760227,EXECUTE,BUY,100.02,300,10,False
103638,2.760826,ADD,BUY,99.98,100,4,False
103639,2.761724,ADD,BUY,99.99,1000,3,False
103640,2.761907,ADD,SELL,100.04,200,7,False
103641,2.762175,ADD,BUY,99.95,300,5,False
101479,2.762616,EXECUTE,SELL,99.98,100,8,False
103642,2.763286,ADD,BUY,99.97,200,3,False
103643,2.764087,ADD,BUY,99.95,100,6,False
103644,2.76475,ADD,BUY,100.04,100,7,False
103645,2.764877,ADD,SELL,100.04,100,9,False
103646,2.765056,ADD,SELL,99.96,200,4,False
100192,2.765774,EXECUTE,BUY,99.98,200,7,False
102511,2.765966,CANCEL,BUY,100.0,500,9,False
103647,2.766289,ADD,SELL,100.04,300,8,False
102345,2.767143,EXECUTE,BUY,99.96,100,8,False
103648,2.767447,ADD,BUY,100.0,100,10,False
101212,2.767781,CANCEL,BUY,100.02,100,9,False
103296,2.767954,EXECUTE,SELL,99.96,200,7,False
103649,2.768604,ADD,SELL,99.96,200,3,False
103650,2.76921,ADD,BUY,99.99,100,2,False
103651,2.769317,ADD,SELL,100.02,100,2,False
103652,2.769488,ADD,BUY,99.98,200,3,False
103653,2.770262,ADD,SELL,100.0,200,8,False
103654,2.770799,ADD,BUY,100.02,300,7,False
103655,2.771724,ADD,SELL,100.02,300,4,False
103656,2.771881,ADD,BUY,99.97,100,7,False
103657,2.772346,ADD,BUY,99.98,100,4,False
103658,2.772685,ADD,SELL,99.99,500,5,False
103659,2.772995,ADD,SELL,100.02,200,3,False
103660,2.773308,ADD,SELL,99.96,300,1,False
102811,2.773927,EXECUTE,BUY,99.99,300,1,False
103661,2.774181,ADD,BUY,99.98,200,8,False
103662,2.774939,ADD,BUY,99.99,15000,11,True
103663,2.775456,ADD,BUY,100.02,300,4,False
103664,2.775924,ADD,BUY,100.03,300,10,False
103665,2.776365,ADD,BUY,100.0,100,8,False
103666,2.77715,ADD,BUY,99.95,500,6,False
103667,2.777651,ADD,BUY,100.03,300,3,False
103668,2.778264,ADD,BUY,99.99,200,9,False
103669,2.779192,ADD,SELL,100.0,500,4,False
103670,2.77947,ADD,BUY,100.02,100,6,False
103671,2.779936,ADD,SELL,100.0,100,1,False
103340,2.780071,EXECUTE,SELL,99.98,500,9,False
103044,2.780803,CANCEL,SELL,99.98,300,10,False
103672,2.781447,ADD,BUY,100.01,500,6,False
103673,2.782003,ADD,SELL,100.0,20000,11,True
101486,2.782906,CANCEL,BUY,100.0,10000,11,True
103674,2.783591,ADD,BUY,100.0,10000,11,True
103675,2.783936,ADD,BUY,99.97,100,9,False
103676,2.784658,ADD,BUY,99.96,100,8,False
102727,2.784817,EXECUTE,BUY,100.04,200,2,False
103677,2.785444,ADD,BUY,99.98,100,10,False
103678,2.786202,ADD,BUY,100.0,100,3,False
100515,2.786866,EXECUTE,SELL,100.03,200,9,False
103679,2.787726,ADD,SELL,100.0,300,5,False
103680,2.788507,ADD,BUY,99.96,300,7,False
103681,2.788956,ADD,SELL,99.99,200,7,False
100920,2.78948,EXECUTE,SELL,99.95,100,4,False
103682,2.789673,ADD,SELL,100.01,300,2,False
103683,2.790422,ADD,SELL,99.97,100,4,False
103684,2.790801,ADD,SELL,99.97,200,8,False
103685,2.791106,ADD,SELL,100.01,500,10,False
103686,2.791323,ADD,SELL,99.97,200,10,False
103687,2.792096,ADD,BUY,100.0,5000,11,True
103688,2.792399,ADD,BUY,99.96,500,10,False
103689,2.793197,ADD,BUY,99.97,100,4,False
103690,2.793814,ADD,BUY,100.04,100,6,False
103691,2.794334,ADD,SELL,99.99,300,2,False
103692,2.795053,ADD,SELL,100.01,5000,11,True
103445,2.795479,EXECUTE,BUY,100.02,500,2,False
101503,2.795918,CANCEL,BUY,100.0,5000,11,True
103693,2.796704,ADD,SELL,99.97,200,6,False
103694,2.797327,ADD,SELL,100.04,100,8,False
100969,2.797476,CANCEL,SELL,99.96,200,5,False
102410,2.798372,EXECUTE,BUY,99.95,500,2,False
103695,2.799074,ADD,BUY,100.01,100,4,False
103696,2.799246,ADD,SELL,100.01,300,2,False
103697,2.799479,ADD,BUY,100.03,200,5,False
103269,2.800382,EXECUTE,SELL,99.96,100,6,False
103698,2.800648,ADD,SELL,99.97,200,1,False
103699,2.801186,ADD,SELL,99.99,300,8,False
103700,2.801872,ADD,SELL,99.98,200,5,False
103701,2.8023,ADD,SELL,100.04,500,3,False
103624,2.802774,EXECUTE,SELL,99.99,1000,6,False
103548,2.803339,EXECUTE,SELL,100.04,200,9,False
103702,2.803888,ADD,SELL,99.98,200,4,False
103703,2.804867,ADD,SELL,100.04,300,1,False
103704,2.805279,ADD,SELL,100.02,200,2,False
101906,2.805944,EXECUTE,BUY,99.96,200,9,False
103705,2.806076,ADD,SELL,100.02,100,10,False
103706,2.806403,ADD,SELL,99.96,100,7,False
103707,2.806756,ADD,BUY,100.0,100,7,False
103708,2.807326,ADD,SELL,99.99,20000,11,True
103709,2.80767,ADD,SELL,99.99,300,7,False
101221,2.808188,CANCEL,SELL,100.02,300,1,False
103710,2.80894,ADD,BUY,100.01,100,9,False
103262,2.809464,EXECUTE,SELL,100.02,100,9,False
103711,2.809863,ADD,BUY,100.01,300,9,False
103712,2.810224,ADD,SELL,99.99,100,2,False
102640,2.810458,CANCEL,SELL,100.01,10000,11,True
101967,2.811236,EXECUTE,SELL,99.95,200,7,False
103713,2.811926,ADD,BUY,99.96,100,5,False
103542,2.812829,EXECUTE,BUY,100.03,200,1,False
103714,2.813082,ADD,BUY,99.98,100,2,False
103715,2.813292,ADD,BUY,100.03,200,5,False
103716,2.813801,ADD,SELL,99.97,100,1,False
102128,2.813989,EXECUTE,BUY,99.96,200,3,False
103652,2.81417,CANCEL,BUY,99.98,200,3,False
103490,2.814886,EXECUTE,BUY,99.95,100,8,False
103717,2.81565,ADD,SELL,100.03,100,2,False
103718,2.815858,ADD,BUY,99.97,100,9,False
103719,2.816261,ADD,BUY,99.97,300,7,False
103720,2.81641,ADD,BUY,99.97,100,2,False
103721,2.81734,ADD,BUY,100.01,300,6,False
101731,2.817449,EXECUTE,SELL,100.04,200,7,False
103722,2.818427,ADD,BUY,99.98,100,1,False
103723,2.818823,ADD,SELL,99.99,300,4,False
100319,2.819292,EXECUTE,BUY,99.97,200,8,False
103586,2.819517,CANCEL,SELL,100.0,500,8,False
103724,2.820286,ADD,BUY,99.97,200,2,False
103725,2.820768,ADD,BUY,100.04,100,8,False
103726,2.821302,ADD,SELL,100.03,300,8,False
103727,2.821635,ADD,SELL,99.99,5000,11,True
103728,2.821871,ADD,SELL,100.01,20000,11,True
103729,2.822526,ADD,SELL,100.04,300,5,False
103730,2.822805,ADD,BUY,100.01,200,7,False
103188,2.823401,CANCEL,BUY,100.01,5000,11,True
103731,2.823776,ADD,BUY,100.0,100,1,False
103732,2.824076,ADD,SELL,100.04,300,4,False
103733,2.824998,ADD,BUY,99.96,100,3,False
103734,2.825628,ADD,SELL,100.0,100,1,False
103476,2.826071,EXECUTE,SELL,100.01,200,10,False
103735,2.826504,ADD,BUY,99.99,100,10,False
103736,2.827421,ADD,SELL,100.03,200,4,False
101842,2.827966,EXECUTE,SELL,99.95,500,2,False
103737,2.828832,ADD,SELL,100.02,100,4,False
103139,2.829538,EXECUTE,BUY,99.96,200,1,False
103738,2.829907,ADD,SELL,99.97,1000,10,False
103739,2.830393,ADD,BUY,100.0,500,5,False
103740,2.831169,ADD,BUY,100.05,200,3,False
102001,2.831792,EXECUTE,SELL,100.0,300,2,False
103741,2.831922,ADD,BUY,99.99,500,6,False
103145,2.832418,EXECUTE,SELL,99.99,1000,9,False
103550,2.832696,EXECUTE,BUY,99.99,200,4,False
101584,2.832899,EXECUTE,BUY,100.02,500,4,False
103742,2.833874,ADD,SELL,100.0,300,7,False
102470,2.834244,EXECUTE,BUY,99.99,100,4,False
103743,2.835069,ADD,BUY,100.03,300,5,False
103744,2.835876,ADD,BUY,100.02,100,1,False
103745,2.83676,ADD,BUY,100.0,100,10,False
103746,2.837459,ADD,BUY,100.03,200,9,False
103747,2.838331,ADD,SELL,100.01,100,4,False
103748,2.838735,ADD,SELL,99.99,100,7,False
103749,2.839562,ADD,SELL,100.03,100,2,False
103750,2.840274,ADD,SELL,99.97,200,4,False
103601,2.840494,EXECUTE,SELL,99.95,500,8,False
103751,2.840757,ADD,SELL,99.99,200,1,False
103752,2.841033,ADD,BUY,100.0,5000,11,True
103753,2.841392,ADD,BUY,100.0,10000,11,True
103754,2.841829,ADD,SELL,100.02,200,3,False
103755,2.842383,ADD,BUY,100.0,100,10,False
102438,2.842818,EXECUTE,SELL,100.04,500,3,False
101516,2.843626,EXECUTE,BUY,100.03,200,2,False
103756,2.844602,ADD,SELL,100.05,300,7,False
103757,2.845526,ADD,BUY,100.03,200,7,False
103758,2.845732,ADD,BUY,100.03,500,9,False
103759,2.846521,ADD,BUY,99.98,200,2,False
103760,2.847158,ADD,BUY,99.97,100,7,False
103761,2.848099,ADD,BUY,99.96,100,9,False
103762,2.849093,ADD,SELL,100.0,100,7,False
103763,2.849861,ADD,SELL,100.01,100,3,False
103764,2.85063,ADD,SELL,99.99,20000,11,True
100863,2.851465,CANCEL,BUY,100.0,10000,11,True
102737,2.851827,CANCEL,SELL,100.05,200,8,False
103765,2.852776,ADD,BUY,99.96,200,5,False
103766,2.853178,ADD,SELL,100.05,500,5,False
103767,2.853735,ADD,BUY,100.01,300,5,False
103768,2.854053,ADD,BUY,100.01,200,1,False
103769,2.854255,ADD,SELL,99.99,200,9,False
100686,2.85498,EXECUTE,SELL,99.99,500,5,False
103770,2.855838,ADD,SELL,99.96,200,3,False
103771,2.856313,ADD,SELL,100.0,100,6,False
103772,2.857102,ADD,SELL,100.03,200,7,False
100784,2.857222,CANCEL,SELL,99.97,500,4,False
103773,2.857397,ADD,SELL,100.02,200,4,False
103774,2.858083,ADD,BUY,99.98,300,1,False
102463,2.858749,CANCEL,BUY,99.99,100,6,False
103775,2.859268,ADD,SELL,99.97,100,2,False
103776,2.859712,ADD,SELL,99.96,500,7,False
103777,2.859868,ADD,BUY,100.03,100,6,False
100230,2.860652,EXECUTE,BUY,100.02,300,3,False
103778,2.860939,ADD,SELL,100.01,10000,11,True
101159,2.861808,EXECUTE,BUY,100.0,300,10,False
103779,2.862408,ADD,BUY,100.01,200,10,False
103780,2.862625,ADD,SELL,99.95,100,7,False
103781,2.863097,ADD,SELL,100.01,100,4,False
103782,2.863253,ADD,BUY,100.03,500,8,False
103783,2.863893,ADD,BUY,99.98,500,5,False
103784,2.864528,ADD,SELL,100.04,500,9,False
103785,2.865282,ADD,BUY,99.97,300,6,False
103786,2.865648,ADD,SELL,99.98,200,10,False
103787,2.865802,ADD,SELL,100.0,200,3,False
103788,2.866182,ADD,SELL,100.05,200,7,False
103681,2.866513,CANCEL,SELL,99.99,200,7,False
103789,2.866937,ADD,SELL,100.03,100,8,False
103790,2.867882,ADD,BUY,100.04,100,1,False
103791,2.868601,ADD,SELL,100.04,1000,5,False
103248,2.869549,EXECUTE,SELL,99.98,300,8,False
103792,2.870201,ADD,SELL,100.04,200,10,False
103793,2.871009,ADD,SELL,100.04,100,2,False
103794,2.871386,ADD,BUY,99.96,100,2,False
103795,2.872366,ADD,SELL,100.04,1000,10,False
103796,2.872501,ADD,SELL,99.95,100,6,False
103797,2.873242,ADD,BUY,99.98,300,4,False
101994,2.87372,EXECUTE,BUY,99.97,200,9,False
103798,2.874381,ADD,SELL,99.99,10000,11,True
103799,2.874493,ADD,SELL,99.96,300,3,False
100586,2.874906,EXECUTE,SELL,100.03,500,1,False
103800,2.875684,ADD,SELL,100.0,5000,11,True
103801,2.876396,ADD,SELL,99.97,200,8,False
103802,2.876591,ADD,SELL,100.01,200,1,False
103803,2.876814,ADD,BUY,99.96,300,3,False
103804,2.877715,ADD,SELL,100.0,200,9,False
103805,2.878166,ADD,BUY,100.01,100,2,False
103806,2.878704,ADD,BUY,100.0,100,3,False
103807,2.879005,ADD,BUY,100.05,200,1,False
101446,2.879213,EXECUTE,BUY,100.03,300,4,False
103808,2.879398,ADD,BUY,100.01,100,4,False
103809,2.879996,ADD,BUY,100.02,100,1,False
103810,2.880811,ADD,SELL,99.96,100,9,False
103811,2.881488,ADD,SELL,100.02,200,5,False
103812,2.88184,ADD,BUY,100.0,100,8,False
103813,2.882744,ADD,BUY,100.02,200,8,False
102219,2.883566,EXECUTE,SELL,100.04,300,3,False
101246,2.883765,CANCEL,SELL,100.03,300,1,False
103814,2.88415,ADD,SELL,99.95,100,6,False
103815,2.884839,ADD,BUY,100.0,10000,11,True
101691,2.885163,EXECUTE,BUY,100.01,200,6,False
103816,2.886048,ADD,SELL,100.0,100,5,False
103817,2.886947,ADD,BUY,100.0,200,1,False
103818,2.88786,ADD,BUY,99.98,100,1,False
103819,2.888159,ADD,SELL,100.03,100,1,False
102130,2.888811,EXECUTE,SELL,100.02,200,10,False
103820,2.889731,ADD,SELL,99.97,100,9,False
103821,2.890378,ADD,BUY,99.97,100,1,False
102329,2.890586,EXECUTE,SELL,99.98,500,3,False
103822,2.890759,ADD,BUY,100.02,200,1,False
103823,2.891543,ADD,BUY,99.99,10000,11,True
103824,2.89197,ADD,SELL,100.0,100,4,False
103825,2.892073,ADD,SELL,100.05,100,5,False
103826,2.892592,ADD,BUY,100.02,200,8,False
103827,2.893139,ADD,BUY,100.0,500,9,False
103649,2.893634,EXECUTE,SELL,99.96,200,3,False
103828,2.894474,ADD,BUY,100.0,5000,11,True
103829,2.894787,ADD,SELL,99.97,200,1,False
103830,2.895754,ADD,BUY,100.0,5000,11,True
103831,2.896624,ADD,SELL,100.05,100,3,False
103832,2.8968,ADD,SELL,99.99,300,2,False
102859,2.897306,EXECUTE,SELL,100.04,100,5,False
101944,2.897915,EXECUTE,SELL,100.04,200,10,False
101776,2.898829,EXECUTE,SELL,100.01,1000,3,False
103621,2.899346,CANCEL,SELL,100.04,100,3,False
103833,2.900248,ADD,BUY,100.01,100,3,False
103834,2.900698,ADD,BUY,100.01,15000,11,True
103835,2.90103,ADD,BUY,100.01,300,4,False
103836,2.901603,ADD,SELL,99.97,100,4,False
103837,2.902044,ADD,BUY,100.02,100,5,False
103838,2.90246,ADD,SELL,100.0,15000,11,True
103839,2.902602,ADD,BUY,100.01,200,9,False
102610,2.903092,EXECUTE,BUY,100.04,100,5,False
103840,2.90326,ADD,SELL,100.0,10000,11,True
103841,2.903518,ADD,SELL,99.97,300,4,False
103842,2.903672,ADD,BUY,100.01,200,2,False
103843,2.903854,ADD,BUY,100.02,100,5,False
103844,2.904189,ADD,SELL,99.99,300,5,False
102344,2.904309,EXECUTE,SELL,99.98,300,9,False
103581,2.904989,CANCEL,SELL,99.99,100,5,False
103845,2.905226,ADD,BUY,100.01,5000,11,True
101646,2.905468,EXECUTE,BUY,100.02,300,1,False
103846,2.906249,ADD,SELL,99.95,200,10,False
103847,2.906878,ADD,SELL,100.01,200,3,False
103848,2.906994,ADD,SELL,99.99,100,2,False
103663,2.907874,EXECUTE,BUY,100.02,300,4,False
103849,2.908264,ADD,BUY,99.96,200,1,False
103850,2.90839,ADD,SELL,100.0,100,3,False
103851,2.908553,ADD,SELL,99.99,15000,11,True
103852,2.90939,ADD,BUY,100.04,300,9,False
101770,2.909502,EXECUTE,SELL,100.02,100,2,False
103853,2.910252,ADD,BUY,100.02,100,4,False
103854,2.911197,ADD,SELL,100.05,200,6,False
103855,2.912196,ADD,BUY,99.99,500,9,False
103856,2.912497,ADD,SELL,100.02,200,7,False
103857,2.912942,ADD,SELL,100.03,500,7,False
103858,2.913546,ADD,SELL,99.98,300,6,False
103859,2.914324,ADD,SELL,99.99,300,5,False
103860,2.915276,ADD,BUY,100.02,100,8,False
102595,2.915787,CANCEL,SELL,100.02,200,5,False
103861,2.916066,ADD,SELL,100.01,100,9,False
103862,2.916874,ADD,BUY,99.95,200,7,False
103863,2.916988,ADD,BUY,100.02,100,9,False
103864,2.917435,ADD,BUY,100.05,300,10,False
102913,2.91815,EXECUTE,SELL,100.01,100,10,False
103865,2.918278,ADD,SELL,100.02,100,9,False
101597,2.918451,EXECUTE,SELL,100.01,500,6,False
103866,2.918724,ADD,BUY,99.99,20000,11,True
103161,2.919325,EXECUTE,BUY,99.97,1000,5,False
103867,2.919823,ADD,BUY,100.04,200,9,False
103868,2.92037,ADD,BUY,99.96,1000,4,False
103869,2.921268,ADD,BUY,100.04,100,5,False
103870,2.921633,ADD,BUY,100.02,100,5,False
103871,2.922556,ADD,BUY,100.01,15000,11,True
103872,2.922898,ADD,BUY,100.03,300,10,False
101630,2.923486,EXECUTE,SELL,99.96,500,10,False
103873,2.923895,ADD,SELL,100.04,500,1,False
103874,2.924298,ADD,SELL,100.0,300,6,False
103875,2.925231,ADD,SELL,100.0,200,10,False
103876,2.926093,ADD,BUY,99.96,100,7,False
103877,2.92679,ADD,BUY,100.02,200,3,False
101154,2.926919,EXECUTE,BUY,100.0,100,8,False
103878,2.927352,ADD,SELL,100.03,200,10,False
103879,2.927894,ADD,SELL,100.0,10000,11,True
103880,2.928666,ADD,BUY,100.02,100,10,False
103881,2.929397,ADD,SELL,100.0,200,3,False
103530,2.930075,EXECUTE,SELL,100.0,300,1,False
103882,2.930457,ADD,BUY,100.01,100,3,False
103883,2.931317,ADD,SELL,99.96,300,8,False
103884,2.932071,ADD,BUY,100.04,100,6,False
103885,2.932304,ADD,SELL,100.05,500,1,False
103886,2.932621,ADD,SELL,100.02,200,7,False
100589,2.933371,EXECUTE,BUY,100.04,300,5,False
103887,2.933672,ADD,BUY,99.99,100,6,False
103888,2.933975,ADD,BUY,100.01,5000,11,True
100637,2.934783,EXECUTE,SELL,100.02,200,7,False
103889,2.934989,ADD,SELL,99.96,300,9,False
101863,2.935979,EXECUTE,BUY,99.97,300,2,False
103890,2.93643,ADD,SELL,100.02,300,6,False
101124,2.937238,EXECUTE,SELL,99.97,200,6,False
103891,2.937927,ADD,SELL,100.03,300,3,False
103892,2.938635,ADD,SELL,99.99,500,8,False
103893,2.939135,ADD,SELL,100.03,200,9,False
102221,2.939278,CANCEL,SELL,99.99,15000,11,True
103894,2.939555,ADD,SELL,100.0,100,5,False
103895,2.940196,ADD,BUY,100.02,100,5,False
103896,2.940625,ADD,BUY,100.02,300,2,False
103897,2.941265,ADD,SELL,100.0,15000,11,True
103898,2.942029,ADD,SELL,100.0,200,7,False
103899,2.942338,ADD,SELL,99.99,500,6,False
101075,2.943007,EXECUTE,BUY,99.99,300,2,False
102732,2.943718,CANCEL,SELL,100.05,200,5,False
103900,2.944154,ADD,BUY,100.04,100,5,False
103901,2.944784,ADD,SELL,100.02,100,6,False
103902,2.944976,ADD,BUY,100.05,300,1,False
103903,2.945198,ADD,BUY,99.98,1000,9,False
103904,2.945323,ADD,SELL,100.04,300,10,False
103905,2.945957,ADD,BUY,99.99,15000,11,True
103906,2.946774,ADD,SELL,99.98,500,8,False
103907,2.947441,ADD,SELL,99.98,200,6,False
103908,2.947814,ADD,BUY,100.05,200,5,False
103001,2.948077,EXECUTE,SELL,100.01,300,3,False
103909,2.948967,ADD,SELL,100.0,300,8,False
103910,2.949082,ADD,SELL,99.98,100,4,False
103911,2.949968,ADD,SELL,100.0,100,2,False
102868,2.95034,CANCEL,BUY,100.0,15000,11,True
103912,2.950933,ADD,BUY,99.99,200,6,False
101535,2.951099,CANCEL,SELL,100.0,5000,11,True
103913,2.951238,ADD,SELL,100.02,100,4,False
103914,2.952203,ADD,SELL,99.97,1000,1,False
103915,2.952754,ADD,BUY,100.02,500,4,False
103916,2.953619,ADD,SELL,100.03,100,8,False
103917,2.954474,ADD,SELL,99.95,100,3,False
103918,2.955155,ADD,SELL,100.02,300,10,False
101171,2.955467,EXECUTE,BUY,99.99,200,8,False
101676,2.9564,EXECUTE,SELL,99.97,100,9,False
103919,2.956769,ADD,BUY,100.01,200,3,False
103197,2.957039,EXECUTE,BUY,100.02,100,3,False
103920,2.957842,ADD,BUY,100.0,500,5,False
103921,2.958645,ADD,BUY,100.05,100,7,False
103922,2.959224,ADD,SELL,100.02,100,2,False
103923,2.959514,ADD,SELL,100.03,100,6,False
103924,2.96004,ADD,BUY,99.99,500,9,False
101074,2.961011,CANCEL,SELL,100.03,100,2,False
103925,2.961839,ADD,BUY,100.04,200,7,False
101883,2.962828,EXECUTE,BUY,99.97,100,1,False
103926,2.963561,ADD,BUY,100.01,500,4,False
103927,2.964351,ADD,SELL,99.97,200,6,False
103928,2.964811,ADD,SELL,99.97,200,5,False
103307,2.965263,EXECUTE,SELL,100.0,200,7,False
103526,2.966028,EXECUTE,BUY,100.0,100,3,False
103929,2.966859,ADD,BUY,100.0,10000,11,True
103930,2.967561,ADD,BUY,99.99,100,7,False
101136,2.968141,EXECUTE,BUY,100.03,100,1,False
103931,2.968414,ADD,BUY,99.95,100,6,False
103932,2.969224,ADD,BUY,100.0,500,6,False
103933,2.969656,ADD,BUY,99.97,100,7,False
103934,2.970126,ADD,BUY,99.98,100,3,False
103388,2.970936,EXECUTE,BUY,100.02,500,2,False
102959,2.971238,EXECUTE,SELL,100.03,100,10,False
103935,2.971666,ADD,BUY,99.96,200,4,False
103936,2.972412,ADD,SELL,100.04,200,9,False
103937,2.973297,ADD,BUY,100.01,100,8,False
103938,2.974242,ADD,SELL,100.01,15000,11,True
103939,2.974399,ADD,BUY,99.98,1000,1,False
103940,2.975327,ADD,SELL,100.0,10000,11,True
103941,2.976011,ADD,SELL,99.99,200,4,False
103942,2.976147,ADD,SELL,100.03,200,8,False
103669,2.976284,EXECUTE,SELL,100.0,500,4,False
103943,2.976698,ADD,SELL,99.95,100,4,False
103944,2.977317,ADD,SELL,99.98,100,8,False
102889,2.977808,EXECUTE,BUY,100.03,100,6,False
102411,2.978509,CANCEL,SELL,100.0,100,6,False
101757,2.979494,CANCEL,SELL,100.0,100,3,False
103305,2.980164,EXECUTE,SELL,99.98,200,9,False
103945,2.980343,ADD,SELL,100.04,300,1,False
103946,2.980541,ADD,BUY,100.05,300,6,False
103947,2.981354,ADD,BUY,99.97,100,4,False
103948,2.98197,ADD,SELL,100.02,200,2,False
101530,2.982628,EXECUTE,BUY,100.04,200,6,False
103949,2.982796,ADD,BUY,100.02,100,8,False
103950,2.983092,ADD,SELL,99.97,100,3,False
103314,2.984041,EXECUTE,BUY,99.96,200,1,False
103951,2.984538,ADD,SELL,99.99,500,2,False
103952,2.984858,ADD,BUY,100.0,100,3,False
103747,2.985259,EXECUTE,SELL,100.01,100,4,False
101068,2.985521,CANCEL,SELL,99.99,20000,11,True
103953,2.986081,ADD,SELL,99.95,200,8,False
103954,2.986755,ADD,SELL,100.03,300,10,False
103955,2.986866,ADD,SELL,100.03,200,9,False
103956,2.987158,ADD,SELL,100.02,200,2,False
103957,2.987799,ADD,BUY,99.99,300,10,False
103958,2.988429,ADD,BUY,100.0,10000,11,True
103959,2.988665,ADD,BUY,100.02,300,1,False
103960,2.988924,ADD,SELL,99.99,200,4,False
103665,2.989268,EXECUTE,BUY,100.0,100,8,False
103961,2.989588,ADD,SELL,99.97,200,2,False
103962,2.990488,ADD,SELL,100.05,200,3,False
102233,2.991081,EXECUTE,BUY,100.05,200,2,False
103744,2.991272,EXECUTE,BUY,100.02,100,1,False
100337,2.991396,CANCEL,SELL,100.0,5000,11,True
103963,2.992031,ADD,BUY,99.99,20000,11,True
103964,2.992582,ADD,BUY,99.99,10000,11,True
103965,2.993103,ADD,BUY,99.99,100,3,False
103966,2.993582,ADD,BUY,100.03,100,7,False
103967,2.994207,ADD,SELL,100.0,10000,11,True
103968,2.994613,ADD,BUY,99.98,100,7,False
103969,2.994828,ADD,BUY,100.01,100,5,False
101930,2.995015,EXECUTE,SELL,100.01,100,1,False
103970,2.995289,ADD,SELL,99.97,100,2,False
103971,2.996127,ADD,SELL,99.97,300,8,False
103972,2.996802,ADD,BUY,100.05,300,1,False
103973,2.997455,ADD,BUY,99.97,100,5,False
101693,2.998016,EXECUTE,SELL,99.98,500,7,False
101239,2.998805,EXECUTE,SELL,99.99,100,10,False
103974,2.999418,ADD,BUY,100.01,100,9,False
103975,2.999608,ADD,SELL,99.97,300,9,False
103944,2.999732,EXECUTE,SELL,99.98,100,8,False
103976,3.0006,ADD,BUY,100.0,100,7,False
103977,3.001305,ADD,BUY,100.0,10000,11,True
103978,3.001835,ADD,BUY,100.05,1000,1,False
103979,3.002051,ADD,SELL,100.04,300,7,False
103980,3.003039,ADD,BUY,100.05,300,3,False
102579,3.003384,EXECUTE,SELL,100.03,300,4,False
103981,3.003824,ADD,BUY,100.03,100,8,False
103982,3.003992,ADD,SELL,100.01,500,7,False
103983,3.004321,ADD,SELL,100.0,10000,11,True
103984,3.004998,ADD,BUY,99.98,300,10,False
103985,3.005167,ADD,BUY,100.0,500,4,False
103986,3.005816,ADD,SELL,99.99,100,8,False
103987,3.006135,ADD,SELL,100.04,100,2,False
103988,3.006536,ADD,SELL,100.03,300,3,False
103989,3.006681,ADD,SELL,99.96,300,7,False
103990,3.007372,ADD,BUY,99.96,200,1,False
102217,3.007833,EXECUTE,SELL,99.97,200,9,False
103991,3.008018,ADD,SELL,100.01,5000,11,True
103888,3.008441,CANCEL,BUY,100.01,5000,11,True
103326,3.009158,CANCEL,BUY,99.97,100,1,False
103992,3.009364,ADD,BUY,100.02,200,1,False
103993,3.009915,ADD,SELL,100.02,500,8,False
103994,3.010242,ADD,BUY,100.01,100,5,False
103995,3.010553,ADD,SELL,99.99,200,2,False
103996,3.011424,ADD,BUY,100.05,300,9,False
103997,3.012106,ADD,BUY,100.02,500,2,False
103998,3.012721,ADD,SELL,100.01,200,6,False
103449,3.013612,CANCEL,BUY,100.0,10000,11,True
103999,3.013768,ADD,SELL,100.0,1000,7,False
104000,3.013957,ADD,SELL,99.97,200,9,False
100712,3.014629,EXECUTE,BUY,100.01,100,4,False
104001,3.014975,ADD,SELL,99.96,200,5,False
104002,3.015308,ADD,SELL,100.01,300,2,False
101718,3.015489,EXECUTE,SELL,100.04,200,2,False
100938,3.015881,EXECUTE,BUY,100.0,200,6,False
104003,3.016305,ADD,BUY,100.03,100,7,False
104004,3.017227,ADD,BUY,100.04,1000,10,False
103992,3.017465,EXECUTE,BUY,100.02,200,1,False
104005,3.01827,ADD,SELL,99.99,5000,11,True
104006,3.0186,ADD,SELL,99.97,300,2,False
101608,3.019266,CANCEL,BUY,100.01,300,9,False
104007,3.019595,ADD,BUY,100.02,100,3,False
102351,3.019985,EXECUTE,SELL,99.97,100,2,False
104008,3.020859,ADD,SELL,100.03,1000,3,False
104009,3.021154,ADD,BUY,100.03,500,6,False
102211,3.022033,EXECUTE,SELL,100.01,500,9,False
104010,3.022147,ADD,SELL,99.97,100,10,False
104011,3.022381,ADD,SELL,99.98,1000,6,False
101933,3.022992,EXECUTE,BUY,99.95,100,7,False
104012,3.023746,ADD,BUY,99.97,200,2,False
102565,3.023861,EXECUTE,BUY,100.0,500,3,False
104013,3.024328,ADD,SELL,99.96,200,5,False
103463,3.024893,CANCEL,SELL,100.04,300,7,False
104014,3.025559,ADD,BUY,100.0,10000,11,True
104015,3.026411,ADD,BUY,99.98,300,4,False
104016,3.026813,ADD,BUY,100.0,200,10,False
104017,3.027695,ADD,SELL,99.98,100,1,False
104018,3.027957,ADD,BUY,99.97,500,8,False
104019,3.028289,ADD,SELL,100.02,200,7,False
104020,3.028663,ADD,SELL,99.96,1000,8,False
100133,3.029272,EXECUTE,BUY,100.03,100,2,False
104021,3.03022,ADD,BUY,100.01,200,10,False
102865,3.030855,EXECUTE,SELL,100.04,200,7,False
100836,3.031574,CANCEL,BUY,100.02,500,3,False
104022,3.031716,ADD,BUY,100.04,500,4,False
104023,3.032135,ADD,SELL,100.0,500,8,False
104024,3.032306,ADD,SELL,99.98,500,4,False
104025,3.033287,ADD,BUY,100.01,300,6,False
104026,3.034079,ADD,BUY,100.03,100,8,False
104027,3.035057,ADD,SELL,99.99,100,1,False
104028,3.035642,ADD,BUY,100.0,300,10,False
104029,3.035772,ADD,BUY,100.02,200,6,False
104030,3.036217,ADD,BUY,100.0,20000,11,True
100922,3.036788,CANCEL,SELL,99.98,100,9,False
103821,3.037238,EXECUTE,BUY,99.97,100,1,False
102745,3.037568,CANCEL,SELL,99.99,10000,11,True
104031,3.038091,ADD,SELL,99.99,200,1,False
104032,3.038844,ADD,BUY,100.0,15000,11,True
104033,3.039525,ADD,BUY,100.04,1000,8,False
104034,3.039967,ADD,BUY,99.99,200,2,False
104035,3.04072,ADD,BUY,99.96,300,10,False
104036,3.041004,ADD,BUY,100.05,200,5,False
104037,3.041342,ADD,BUY,100.02,500,3,False
103667,3.042237,CANCEL,BUY,100.03,300,3,False
104038,3.043011,ADD,BUY,99.97,500,1,False
104039,3.043529,ADD,SELL,99.99,200,3,False
104040,3.043876,ADD,BUY,100.02,100,7,False
104041,3.044232,ADD,BUY,99.99,300,9,False
104042,3.044346,ADD,BUY,99.95,200,4,False
104043,3.045114,ADD,BUY,99.98,300,10,False
101854,3.045742,CANCEL,SELL,100.0,10000,11,True
101215,3.046398,EXECUTE,BUY,100.0,500,8,False
104044,3.047253,ADD,BUY,99.99,100,3,False
104045,3.047784,ADD,SELL,99.96,300,3,False
104046,3.048536,ADD,BUY,100.04,100,4,False
104047,3.04884,ADD,SELL,100.05,100,3,False
104048,3.048943,ADD,BUY,100.03,500,9,False
103049,3.049421,EXECUTE,SELL,99.97,300,10,False
104049,3.049851,ADD,SELL,100.01,200,4,False
104050,3.050057,ADD,BUY,100.03,100,5,False
104051,3.050396,ADD,BUY,100.01,15000,11,True
100492,3.051135,EXECUTE,BUY,99.99,300,7,False
104052,3.051992,ADD,BUY,99.99,20000,11,True
104053,3.052228,ADD,SELL,100.02,100,5,False
104054,3.052379,ADD,BUY,100.0,10000,11,True
104055,3.05274,ADD,SELL,100.0,200,9,False
104056,3.053066,ADD,SELL,100.01,15000,11,True
104057,3.053203,ADD,SELL,100.0,5000,11,True
104058,3.053678,ADD,BUY,99.96,200,2,False
104059,3.053794,ADD,BUY,99.99,500,8,False
100078,3.054162,CANCEL,SELL,99.96,300,10,False
102705,3.054308,EXECUTE,BUY,99.95,200,4,False
104060,3.054894,ADD,BUY,99.96,100,9,False
104061,3.055234,ADD,SELL,100.0,200,2,False
104062,3.05612,ADD,SELL,99.96,100,3,False
104063,3.056811,ADD,SELL,99.99,100,5,False
104064,3.057328,ADD,SELL,100.02,100,3,False
104065,3.057687,ADD,SELL,100.03,200,6,False
103824,3.058104,EXECUTE,SELL,100.0,100,4,False
104066,3.058418,ADD,BUY,99.99,100,10,False
103333,3.058647,EXECUTE,BUY,99.96,100,8,False
104067,3.05922,ADD,SELL,100.01,10000,11,True
104068,3.059848,ADD,SELL,99.95,300,2,False
102925,3.059992,EXECUTE,SELL,99.95,200,9,False
101905,3.060864,CANCEL,BUY,99.99,100,1,False
104069,3.061129,ADD,BUY,100.0,500,2,False
104070,3.061393,ADD,SELL,99.96,200,4,False
104071,3.062223,ADD,SELL,100.04,500,7,False
104072,3.062865,ADD,BUY,99.97,100,9,False
104073,3.063596,ADD,BUY,99.95,200,3,False
104074,3.063951,ADD,SELL,100.01,200,3,False
104075,3.064552,ADD,BUY,100.02,100,1,False
104076,3.065202,ADD,BUY,99.98,100,7,False
104077,3.065672,ADD,SELL,100.05,200,2,False
104078,3.066662,ADD,SELL,99.96,100,5,False
104049,3.066906,EXECUTE,SELL,100.01,200,4,False
104079,3.067791,ADD,SELL,100.02,200,5,False
102090,3.068021,EXECUTE,SELL,99.96,200,10,False
101756,3.068753,CANCEL,SELL,100.04,100,4,False
104080,3.069145,ADD,SELL,100.03,300,6,False
104081,3.06961,ADD,SELL,100.05,100,2,False
102030,3.070566,EXECUTE,SELL,100.03,100,4,False
104082,3.070717,ADD,SELL,100.02,100,9,False
104083,3.071471,ADD,BUY,99.98,200,7,False
104084,3.072431,ADD,BUY,99.99,300,1,False
104085,3.073422,ADD,SELL,100.0,300,10,False
104086,3.074329,ADD,BUY,100.02,200,5,False
104087,3.075206,ADD,BUY,99.96,200,10,False
104088,3.076193,ADD,SELL,99.97,500,7,False
104089,3.076946,ADD,SELL,99.99,500,5,False
104090,3.077287,ADD,BUY,100.03,500,1,False
104091,3.077693,ADD,SELL,100.01,200,6,False
104092,3.078478,ADD,BUY,99.98,300,1,False
104093,3.079454,ADD,BUY,100.05,300,7,False
100153,3.08014,CANCEL,SELL,99.99,15000,11,True
104094,3.080534,ADD,SELL,100.01,200,7,False
104095,3.081034,ADD,BUY,100.03,200,2,False
104096,3.081618,ADD,SELL,100.0,300,3,False
104097,3.082074,ADD,SELL,100.02,200,7,False
104098,3.082407,ADD,BUY,100.02,100,3,False
104099,3.083163,ADD,BUY,100.04,200,10,False
102374,3.083559,EXECUTE,SELL,99.97,200,7,False
104100,3.084187,ADD,SELL,99.98,1000,3,False
104101,3.084937,ADD,SELL,99.98,500,1,False
103407,3.085202,EXECUTE,SELL,100.01,300,5,False
104102,3.085989,ADD,BUY,99.95,100,5,False
104103,3.086718,ADD,BUY,100.01,300,8,False
100841,3.087413,EXECUTE,SELL,100.01,100,5,False
104104,3.088316,ADD,SELL,100.01,300,6,False
104105,3.089022,ADD,BUY,100.0,200,5,False
104106,3.089413,ADD,SELL,100.04,500,6,False
104107,3.089879,ADD,SELL,100.03,200,2,False
104108,3.09058,ADD,SELL,99.97,100,9,False
103241,3.091005,EXECUTE,SELL,99.98,100,9,False
104109,3.091468,ADD,SELL,100.0,200,8,False
104110,3.092117,ADD,BUY,100.0,300,8,False
104111,3.092621,ADD,SELL,100.02,200,5,False
104112,3.093166,ADD,BUY,100.05,100,8,False
104113,3.093347,ADD,SELL,100.03,200,3,False
102961,3.093944,EXECUTE,SELL,99.96,100,9,False
104114,3.094053,ADD,SELL,99.99,100,4,False
104115,3.094634,ADD,SELL,99.97,200,5,False
100828,3.095319,EXECUTE,SELL,100.01,100,5,False
103785,3.095847,CANCEL,BUY,99.97,300,6,False
102650,3.096369,EXECUTE,BUY,99.96,1000,10,False
104116,3.096676,ADD,BUY,99.95,300,7,False
104117,3.096855,ADD,SELL,99.97,1000,1,False
104118,3.097157,ADD,BUY,99.96,100,5,False
102362,3.097772,EXECUTE,SELL,99.98,200,9,False
104119,3.098728,ADD,BUY,99.98,100,1,False
104120,3.099489,ADD,SELL,100.02,200,8,False
104121,3.100317,ADD,SELL,99.98,200,2,False
104122,3.10112,ADD,BUY,100.05,100,2,False
103475,3.101822,CANCEL,BUY,99.97,200,2,False
104123,3.102721,ADD,BUY,99.98,100,4,False
104124,3.103613,ADD,BUY,99.95,500,6,False
104125,3.104534,ADD,BUY,99.95,100,9,False
104126,3.105162,ADD,SELL,100.02,300,4,False
104127,3.10548,ADD,SELL,99.98,200,8,False
104128,3.105864,ADD,SELL,100.03,100,7,False
104129,3.106089,ADD,SELL,100.03,200,8,False
103962,3.106813,EXECUTE,SELL,100.05,200,3,False
101937,3.107628,EXECUTE,BUY,99.96,100,7,False
104130,3.108278,ADD,BUY,99.98,200,7,False
104131,3.108494,ADD,SELL,99.95,100,1,False
104132,3.108798,ADD,BUY,100.02,200,7,False
103933,3.109468,EXECUTE,BUY,99.97,100,7,False
103097,3.110233,EXECUTE,SELL,99.96,200,7,False
104133,3.111059,ADD,BUY,100.01,100,8,False
104134,3.111637,ADD,SELL,100.05,100,10,False
104135,3.112149,ADD,SELL,99.95,500,5,False
104136,3.112525,ADD,SELL,99.98,300,8,False
104137,3.113388,ADD,BUY,99.96,200,1,False
103655,3.113807,EXECUTE,SELL,100.02,300,4,False
102031,3.114292,EXECUTE,BUY,100.0,100,8,False
104138,3.114578,ADD,SELL,99.97,100,4,False
104139,3.114829,ADD,BUY,99.97,300,7,False
103701,3.115808,EXECUTE,SELL,100.04,500,3,False
103666,3.116032,EXECUTE,BUY,99.95,500,6,False
104140,3.116889,ADD,SELL,99.96,200,5,False
104141,3.117667,ADD,SELL,100.01,200,6,False
104142,3.118261,ADD,BUY,99.99,300,3,False
104143,3.118611,ADD,SELL,99.99,200,9,False
104144,3.119029,ADD,BUY,100.0,15000,11,True
103684,3.119724,EXECUTE,SELL,99.97,200,8,False
102355,3.120429,EXECUTE,BUY,100.04,300,7,False
104145,3.120996,ADD,BUY,100.0,15000,11,True
104146,3.121759,ADD,SELL,100.03,300,2,False
104147,3.122579,ADD,SELL,100.04,100,6,False
104148,3.123054,ADD,BUY,100.02,300,4,False
104149,3.123453,ADD,SELL,99.99,200,1,False
104150,3.124137,ADD,BUY,99.99,20000,11,True
104151,3.124652,ADD,BUY,99.99,200,9,False
103056,3.125437,EXECUTE,BUY,100.04,100,3,False
103734,3.125732,EXECUTE,SELL,100.0,100,1,False
104152,3.12645,ADD,SELL,100.01,100,4,False
104153,3.127123,ADD,BUY,100.05,100,4,False
104154,3.127689,ADD,SELL,99.98,500,5,False
104155,3.127946,ADD,BUY,100.0,100,3,False
101317,3.128448,EXECUTE,SELL,99.97,100,7,False
104156,3.128692,ADD,BUY,100.0,200,8,False
101505,3.128974,EXECUTE,BUY,100.0,100,3,False
104157,3.129328,ADD,SELL,100.01,15000,11,True
104158,3.129716,ADD,BUY,99.97,300,9,False
101995,3.130252,CANCEL,BUY,100.0,15000,11,True
104159,3.130358,ADD,SELL,100.04,300,4,False
104160,3.131351,ADD,BUY,100.0,10000,11,True
102587,3.131698,EXECUTE,BUY,100.05,200,7,False
104161,3.132151,ADD,BUY,100.0,10000,11,True
104162,3.132285,ADD,BUY,100.03,100,1,False
104163,3.132488,ADD,BUY,100.04,200,7,False
104164,3.132954,ADD,BUY,99.95,100,10,False
104165,3.133786,ADD,SELL,99.96,100,1,False
104162,3.134434,CANCEL,BUY,100.03,100,1,False
104166,3.134632,ADD,BUY,100.01,20000,11,True
103450,3.135062,CANCEL,SELL,100.01,5000,11,True
104167,3.135734,ADD,BUY,100.04,200,5,False
104168,3.136021,ADD,BUY,99.98,200,3,False
104169,3.136389,ADD,SELL,99.97,200,6,False
104170,3.137348,ADD,SELL,99.99,300,4,False
104171,3.137843,ADD,SELL,100.02,200,6,False
104172,3.138239,ADD,BUY,99.99,300,6,False
102731,3.13876,EXECUTE,BUY,100.0,100,5,False
103726,3.139575,CANCEL,SELL,100.03,300,8,False
104173,3.139858,ADD,SELL,100.04,300,9,False
104174,3.140319,ADD,SELL,99.99,100,6,False
104175,3.140881,ADD,BUY,100.01,500,6,False
104176,3.141866,ADD,BUY,100.04,100,3,False
104177,3.142223,ADD,SELL,99.97,100,2,False
104178,3.142762,ADD,BUY,99.98,100,1,False
104179,3.143495,ADD,BUY,100.02,300,7,False
103366,3.143631,EXECUTE,SELL,99.97,200,5,False
104180,3.143783,ADD,BUY,100.01,1000,9,False
104181,3.144357,ADD,BUY,99.96,100,9,False
104182,3.144612,ADD,BUY,99.99,100,9,False
103527,3.14542,EXECUTE,SELL,99.96,200,6,False
101627,3.146034,CANCEL,BUY,99.99,10000,11,True
104183,3.146474,ADD,BUY,100.05,200,10,False
104184,3.147433,ADD,SELL,99.97,100,6,False
104185,3.147664,ADD,BUY,100.02,100,2,False
104186,3.148537,ADD,SELL,99.99,1000,4,False
102979,3.149443,EXECUTE,BUY,99.97,300,9,False
104187,3.14999,ADD,BUY,100.0,5000,11,True
104188,3.150814,ADD,SELL,100.04,500,9,False
104189,3.151655,ADD,SELL,99.96,500,5,False
104190,3.152652,ADD,SELL,100.01,100,3,False
103948,3.153218,CANCEL,SELL,100.02,200,2,False
104191,3.153544,ADD,BUY,99.97,300,8,False
104192,3.153882,ADD,SELL,99.99,200,8,False
104193,3.154682,ADD,SELL,99.97,500,6,False
103523,3.155083,CANCEL,SELL,100.0,20000,11,True
104194,3.155995,ADD,BUY,99.98,500,9,False
104195,3.156117,ADD,SELL,100.05,300,6,False
103558,3.15625,EXECUTE,BUY,99.99,1000,5,False
104196,3.15718,ADD,BUY,100.01,100,9,False
104197,3.157605,ADD,BUY,99.98,500,3,False
104198,3.158409,ADD,BUY,100.05,100,2,False
104199,3.158867,ADD,SELL,99.99,100,8,False
104200,3.159483,ADD,SELL,100.0,10000,11,True
104201,3.160327,ADD,BUY,99.99,1000,6,False
104202,3.161253,ADD,SELL,100.05,200,6,False
101146,3.162203,CANCEL,SELL,99.98,1000,2,False
104203,3.163202,ADD,BUY,100.03,1000,6,False
104204,3.163327,ADD,BUY,100.04,200,8,False
104205,3.164314,ADD,BUY,100.0,100,1,False
104206,3.164763,ADD,BUY,100.05,200,8,False
103335,3.165598,EXECUTE,SELL,99.98,300,5,False
104207,3.166231,ADD,BUY,99.99,100,3,False
104208,3.166449,ADD,BUY,99.97,1000,2,False
102029,3.167329,CANCEL,SELL,100.02,300,1,False
102934,3.168026,EXECUTE,SELL,99.97,200,9,False
102560,3.168671,CANCEL,SELL,99.97,200,6,False
100357,3.169544,EXECUTE,SELL,100.04,500,10,False
103310,3.169645,CANCEL,BUY,99.99,100,3,False
101975,3.169779,CANCEL,SELL,99.99,15000,11,True
102928,3.170151,EXECUTE,SELL,99.95,300,2,False
101222,3.17076,EXECUTE,SELL,99.99,300,3,False
104209,3.171027,ADD,BUY,100.04,100,6,False
104210,3.171695,ADD,BUY,100.01,10000,11,True
104211,3.172271,ADD,BUY,100.03,100,6,False
101084,3.172734,EXECUTE,SELL,99.98,200,5,False
104212,3.173172,ADD,BUY,100.0,100,3,False
104213,3.17398,ADD,BUY,100.01,200,4,False
100370,3.174386,EXECUTE,SELL,99.99,100,8,False
104214,3.174966,ADD,SELL,100.01,200,4,False
102558,3.175245,EXECUTE,SELL,99.96,1000,1,False
104215,3.175549,ADD,SELL,100.01,100,8,False
104216,3.176203,ADD,SELL,100.02,200,9,False
104217,3.176376,ADD,BUY,100.04,100,6,False
103010,3.177006,EXECUTE,SELL,99.98,500,3,False
102017,3.177288,EXECUTE,BUY,99.98,200,4,False
104218,3.177505,ADD,SELL,100.01,15000,11,True
104219,3.178011,ADD,SELL,99.99,100,2,False
104220,3.178297,ADD,SELL,100.0,15000,11,True
104027,3.178605,CANCEL,SELL,99.99,100,1,False
104221,3.178886,ADD,BUY,100.0,200,10,False
102931,3.179387,CANCEL,SELL,100.01,200,4,False
104222,3.179674,ADD,BUY,100.0,500,2,False
104223,3.179978,ADD,BUY,99.98,100,4,False
104224,3.180729,ADD,BUY,100.02,300,5,False
104225,3.181297,ADD,SELL,99.96,200,10,False
104191,3.182053,EXECUTE,BUY,99.97,300,8,False
104226,3.182678,ADD,SELL,100.01,100,7,False
104227,3.183284,ADD,BUY,100.04,200,4,False
103274,3.183773,EXECUTE,SELL,100.03,100,8,False
104228,3.184145,ADD,BUY,100.0,500,4,False
101857,3.185142,EXECUTE,SELL,99.98,500,9,False
103620,3.18598,EXECUTE,SELL,100.0,200,8,False
104229,3.186484,ADD,SELL,100.0,200,8,False
102510,3.187022,CANCEL,BUY,99.98,300,5,False
104230,3.18756,ADD,SELL,100.04,100,9,False
103121,3.188365,EXECUTE,BUY,100.02,200,9,False
104231,3.189297,ADD,BUY,100.0,100,5,False
104232,3.189932,ADD,BUY,100.02,1000,6,False
104233,3.190437,ADD,BUY,99.97,100,4,False
104234,3.191249,ADD,BUY,99.98,1000,10,False
104235,3.192095,ADD,BUY,99.99,200,2,False
104236,3.192523,ADD,SELL,99.97,300,10,False
104237,3.193091,ADD,BUY,100.0,15000,11,True
104238,3.193407,ADD,BUY,100.0,5000,11,True
103104,3.194157,CANCEL,BUY,100.02,200,6,False
104239,3.194641,ADD,SELL,100.0,5000,11,True
104240,3.195511,ADD,BUY,100.03,100,8,False
104241,3.195636,ADD,SELL,100.0,200,9,False
103551,3.196169,EXECUTE,BUY,99.97,300,10,False
102517,3.196458,EXECUTE,BUY,99.99,300,1,False
104242,3.19707,ADD,SELL,99.99,1000,8,False
104243,3.197525,ADD,SELL,99.98,300,5,False
104244,3.197645,ADD,SELL,99.98,200,6,False
104115,3.198112,EXECUTE,SELL,99.97,200,5,False
104245,3.198877,ADD,BUY,99.97,100,5,False
104246,3.199147,ADD,SELL,99.98,200,5,False
103312,3.199911,EXECUTE,BUY,100.04,300,2,False
104247,3.200213,ADD,BUY,100.03,300,6,False
104248,3.200718,ADD,BUY,100.05,100,6,False
104249,3.201244,ADD,SELL,99.96,500,8,False
104007,3.201396,EXECUTE,BUY,100.02,100,3,False
104250,3.20151,ADD,SELL,99.95,100,2,False
101803,3.201902,EXECUTE,SELL,99.97,200,8,False
104251,3.202662,ADD,SELL,99.95,100,8,False
104252,3.203551,ADD,BUY,100.0,10000,11,True
104253,3.204543,ADD,BUY,100.04,200,3,False
104160,3.205527,CANCEL,BUY,100.0,10000,11,True
104254,3.206236,ADD,BUY,100.04,100,5,False
104255,3.20671,ADD,BUY,100.0,200,9,False
103381,3.207288,EXECUTE,SELL,99.98,200,10,False
102862,3.207681,CANCEL,SELL,99.99,20000,11,True
104256,3.207895,ADD,SELL,100.05,100,7,False
104168,3.208324,CANCEL,BUY,99.98,200,3,False
101388,3.208996,EXECUTE,SELL,100.02,200,1,False
104224,3.209907,EXECUTE,BUY,100.02,300,5,False
104257,3.210262,ADD,BUY,100.0,100,3,False
102142,3.21062,EXECUTE,SELL,99.97,300,2,False
104258,3.210847,ADD,BUY,100.01,100,4,False
104259,3.210967,ADD,BUY,99.97,200,9,False
104260,3.211711,ADD,BUY,100.02,100,4,False
104261,3.212612,ADD,BUY,99.97,100,10,False
100924,3.212809,EXECUTE,SELL,100.0,200,5,False
104262,3.213603,ADD,BUY,99.98,1000,5,False
100868,3.213928,CANCEL,SELL,100.04,200,9,False
104263,3.214321,ADD,BUY,99.98,300,3,False
104264,3.214607,ADD,BUY,100.01,1000,7,False
104265,3.215484,ADD,SELL,99.97,300,8,False
104266,3.216427,ADD,BUY,100.02,500,1,False
103024,3.216897,EXECUTE,BUY,99.97,100,7,False
104267,3.217532,ADD,SELL,100.01,5000,11,True
104268,3.217762,ADD,BUY,100.05,500,1,False
104269,3.218073,ADD,SELL,100.0,15000,11,True
104270,3.218383,ADD,BUY,100.04,200,10,False
104271,3.21889,ADD,SELL,99.98,100,3,False
104272,3.219741,ADD,SELL,100.0,100,2,False
104273,3.220447,ADD,BUY,100.0,100,3,False
104198,3.22124,EXECUTE,BUY,100.05,100,2,False
104274,3.221426,ADD,SELL,100.03,100,10,False
104275,3.22228,ADD,BUY,100.03,100,7,False
104276,3.222636,ADD,SELL,100.04,100,1,False
103894,3.223358,EXECUTE,SELL,100.0,100,5,False
104277,3.224189,ADD,SELL,100.04,200,5,False
100107,3.224895,EXECUTE,BUY,100.04,100,6,False
104278,3.225573,ADD,BUY,99.97,1000,5,False
104279,3.225969,ADD,SELL,100.0,200,3,False
104280,3.226302,ADD,BUY,99.96,500,5,False
101299,3.226917,EXECUTE,SELL,100.01,200,8,False
102938,3.22721,EXECUTE,BUY,99.97,100,7,False
104281,3.227959,ADD,SELL,100.02,100,4,False
104282,3.228294,ADD,BUY,99.99,100,4,False
104283,3.228643,ADD,BUY,99.99,15000,11,True
104284,3.229531,ADD,SELL,99.98,100,10,False
101496,3.2301,CANCEL,BUY,100.0,15000,11,True
104285,3.230784,ADD,SELL,100.03,200,2,False
101741,3.230937,EXECUTE,SELL,99.97,300,8,False
104286,3.23153,ADD,BUY,99.98,100,6,False
104287,3.231712,ADD,BUY,99.96,100,7,False
104288,3.232683,ADD,SELL,99.95,100,1,False
104289,3.233126,ADD,SELL,99.99,15000,11,True
101293,3.233446,EXECUTE,SELL,99.99,100,6,False
104290,3.234386,ADD,BUY,99.96,200,4,False
104291,3.235297,ADD,SELL,99.98,300,8,False
103862,3.236244,EXECUTE,BUY,99.95,200,7,False
104292,3.237085,ADD,BUY,99.98,100,1,False
104293,3.237963,ADD,SELL,100.03,500,1,False
104294,3.238573,ADD,BUY,100.01,200,1,False
104295,3.23906,ADD,BUY,100.03,200,2,False
104296,3.23977,ADD,SELL,99.96,100,2,False
104297,3.240409,ADD,BUY,100.0,100,5,False
104298,3.24074,ADD,SELL,100.0,200,7,False
104299,3.241301,ADD,BUY,100.0,200,4,False
104300,3.242221,ADD,SELL,100.04,100,6,False
104301,3.243058,ADD,BUY,100.0,1000,1,False
104302,3.243741,ADD,BUY,100.01,300,5,False
104067,3.244541,CANCEL,SELL,100.01,10000,11,True
104303,3.245059,ADD,SELL,99.98,100,4,False
104304,3.245287,ADD,SELL,100.04,100,7,False
103389,3.24543,EXECUTE,SELL,100.01,200,6,False
104305,3.246032,ADD,SELL,99.97,300,9,False
104306,3.247031,ADD,BUY,99.98,200,3,False
104307,3.247715,ADD,SELL,100.01,100,7,False
100643,3.24795,EXECUTE,SELL,100.02,200,10,False
104308,3.248729,ADD,SELL,100.01,200,5,False
104309,3.249438,ADD,BUY,100.05,200,9,False
104310,3.250257,ADD,BUY,100.02,200,2,False
104311,3.250371,ADD,SELL,100.04,100,9,False
104312,3.250663,ADD,BUY,100.0,300,4,False
104313,3.250887,ADD,BUY,100.0,300,10,False
104314,3.25187,ADD,SELL,99.96,500,1,False
104315,3.252382,ADD,SELL,99.97,200,2,False
104118,3.252737,EXECUTE,BUY,99.96,100,5,False
104316,3.253071,ADD,BUY,99.96,300,6,False
100941,3.254066,CANCEL,SELL,100.01,100,9,False
104317,3.254516,ADD,SELL,100.02,300,4,False
104318,3.25514,ADD,SELL,100.04,200,1,False
104319,3.255911,ADD,SELL,100.04,300,2,False
104320,3.256697,ADD,BUY,100.0,100,1,False
104321,3.257509,ADD,SELL,99.98,300,3,False
103946,3.257989,EXECUTE,BUY,100.05,300,6,False
104322,3.258432,ADD,BUY,100.03,100,4,False
104323,3.258856,ADD,BUY,100.04,100,5,False
104324,3.259491,ADD,BUY,99.99,500,10,False
102985,3.259766,CANCEL,BUY,100.0,500,10,False
102364,3.26016,EXECUTE,BUY,99.98,300,7,False
104325,3.260512,ADD,BUY,100.03,500,10,False
103765,3.260841,EXECUTE,BUY,99.96,200,5,False
100867,3.261358,EXECUTE,BUY,100.01,200,8,False
104326,3.261916,ADD,BUY,99.96,100,8,False
104327,3.262643,ADD,SELL,100.01,1000,6,False
102926,3.263154,EXECUTE,SELL,99.99,100,10,False
104111,3.263255,CANCEL,SELL,100.02,200,5,False
104328,3.263719,ADD,BUY,100.03,300,6,False
102109,3.264208,EXECUTE,BUY,99.97,300,5,False
104190,3.265034,EXECUTE,SELL,100.01,100,3,False
103831,3.266027,CANCEL,SELL,100.05,100,3,False
104329,3.266224,ADD,BUY,100.03,100,9,False
100808,3.267091,CANCEL,SELL,100.03,100,3,False
101700,3.268041,CANCEL,SELL,99.99,10000,11,True
104330,3.268223,ADD,SELL,99.97,300,9,False
104331,3.268484,ADD,SELL,99.95,200,7,False
103628,3.269247,EXECUTE,BUY,100.04,500,10,False
104332,3.27006,ADD,BUY,100.04,100,9,False
104333,3.270831,ADD,SELL,99.99,300,1,False
102521,3.271163,CANCEL,SELL,100.05,100,4,False
104334,3.271361,ADD,SELL,100.04,200,4,False
104335,3.27173,ADD,BUY,99.97,200,4,False
104336,3.272031,ADD,SELL,99.99,500,8,False
104337,3.273029,ADD,BUY,100.02,200,9,False
104338,3.273514,ADD,BUY,99.98,300,3,False
104339,3.273968,ADD,BUY,99.99,100,4,False
104340,3.274921,ADD,SELL,100.03,100,10,False
103328,3.275522,EXECUTE,BUY,99.95,300,2,False
102679,3.275729,EXECUTE,BUY,100.03,200,5,False
104341,3.276312,ADD,BUY,99.99,15000,11,True
104342,3.276729,ADD,SELL,100.03,200,5,False
104343,3.276894,ADD,BUY,100.03,100,4,False
103079,3.277582,CANCEL,BUY,100.0,10000,11,True
104344,3.277856,ADD,SELL,99.97,300,4,False
104345,3.278255,ADD,SELL,99.96,100,3,False
104346,3.278406,ADD,BUY,99.97,200,7,False
104347,3.278789,ADD,SELL,99.99,200,3,False
104348,3.279316,ADD,BUY,100.03,500,8,False
104349,3.280043,ADD,BUY,100.04,200,3,False
104350,3.28087,ADD,SELL,99.97,200,3,False
100766,3.281224,EXECUTE,SELL,99.98,100,2,False
101753,3.282097,EXECUTE,SELL,100.0,100,6,False
103237,3.282327,EXECUTE,SELL,100.03,100,2,False
104351,3.28258,ADD,SELL,99.99,20000,11,True
104352,3.283023,ADD,BUY,100.04,100,9,False
104353,3.283733,ADD,SELL,99.99,100,8,False
104354,3.284512,ADD,BUY,99.96,200,3,False
104355,3.284946,ADD,SELL,99.97,200,10,False
104356,3.28547,ADD,BUY,100.04,300,10,False
104357,3.28573,ADD,BUY,99.99,200,5,False
104358,3.286092,ADD,SELL,99.96,100,8,False
104359,3.286613,ADD,BUY,99.97,300,3,False
103158,3.287442,EXECUTE,SELL,99.96,100,5,False
101561,3.28832,EXECUTE,BUY,100.04,500,10,False
103483,3.289255,CANCEL,BUY,100.01,500,7,False
104360,3.290226,ADD,BUY,100.0,200,10,False
102851,3.291023,CANCEL,BUY,99.97,100,3,False
102980,3.291334,CANCEL,SELL,99.96,200,8,False
104361,3.29216,ADD,SELL,100.04,300,10,False
104362,3.292543,ADD,BUY,99.99,100,3,False
104363,3.293514,ADD,SELL,100.02,200,8,False
104364,3.293823,ADD,BUY,99.99,1000,5,False
104365,3.294682,ADD,SELL,99.99,100,2,False
104366,3.295472,ADD,BUY,99.97,300,10,False
104367,3.295661,ADD,BUY,99.98,200,3,False
104368,3.296138,ADD,SELL,100.03,100,8,False
102486,3.296918,EXECUTE,BUY,99.98,300,7,False
100664,3.297325,EXECUTE,BUY,99.98,100,1,False
102140,3.29769,EXECUTE,BUY,100.01,100,10,False
101126,3.297947,EXECUTE,SELL,100.03,300,3,False
104369,3.298404,ADD,SELL,99.96,200,1,False
102711,3.299042,EXECUTE,BUY,99.96,500,10,False
104370,3.29924,ADD,BUY,99.99,200,8,False
104371,3.299446,ADD,BUY,100.0,15000,11,True
103849,3.299986,EXECUTE,BUY,99.96,200,1,False
104372,3.300884,ADD,SELL,99.97,300,9,False
103116,3.301499,CANCEL,SELL,100.03,300,7,False
104373,3.301808,ADD,SELL,99.95,200,4,False
104374,3.302316,ADD,BUY,99.98,200,10,False
103347,3.303265,CANCEL,BUY,100.02,100,10,False
104375,3.303975,ADD,SELL,100.04,200,8,False
104376,3.304333,ADD,BUY,100.04,100,1,False
102272,3.30528,CANCEL,SELL,100.01,200,6,False
104377,3.305443,ADD,BUY,100.04,300,9,False
104378,3.305956,ADD,BUY,99.97,300,8,False
103174,3.306112,CANCEL,BUY,99.98,200,5,False
104379,3.307028,ADD,SELL,100.05,200,10,False
104380,3.307599,ADD,SELL,100.05,100,1,False
104381,3.308026,ADD,BUY,99.97,200,3,False
103927,3.308906,EXECUTE,SELL,99.97,200,6,False
104382,3.309343,ADD,BUY,99.96,300,6,False
104383,3.309975,ADD,BUY,100.03,300,10,False
101457,3.310437,EXECUTE,SELL,100.02,200,3,False
103219,3.311268,EXECUTE,SELL,99.99,100,7,False
104384,3.311425,ADD,SELL,99.98,300,4,False
104385,3.311913,ADD,SELL,100.0,200,7,False
103481,3.312737,EXECUTE,SELL,99.96,300,3,False
104386,3.312927,ADD,SELL,99.98,1000,1,False
104387,3.313482,ADD,SELL,100.03,500,8,False
104388,3.314468,ADD,BUY,100.04,500,7,False
104389,3.314609,ADD,BUY,100.0,200,8,False
104390,3.314744,ADD,BUY,99.98,200,7,False
104391,3.315427,ADD,BUY,100.04,100,10,False
104392,3.316308,ADD,SELL,99.97,300,5,False
104393,3.317177,ADD,SELL,100.05,300,8,False
104377,3.318091,EXECUTE,BUY,100.04,300,9,False
104394,3.318196,ADD,SELL,99.96,100,9,False
104395,3.318999,ADD,BUY,99.97,200,8,False
104396,3.319529,ADD,SELL,100.02,200,2,False
104395,3.32034,EXECUTE,BUY,99.97,200,8,False
102591,3.321097,EXECUTE,BUY,99.99,200,9,False
104397,3.321843,ADD,BUY,99.98,300,6,False
104398,3.322661,ADD,BUY,100.02,200,9,False
104399,3.323661,ADD,BUY,99.98,100,3,False
104400,3.324211,ADD,BUY,99.95,300,6,False
104401,3.324833,ADD,BUY,100.01,15000,11,True
102623,3.325425,EXECUTE,BUY,100.01,500,2,False
104402,3.326362,ADD,BUY,100.03,200,8,False
104403,3.32698,ADD,SELL,100.04,100,7,False
104404,3.327527,ADD,BUY,99.95,200,10,False
104238,3.328004,CANCEL,BUY,100.0,5000,11,True
104405,3.328595,ADD,BUY,100.01,100,2,False
100864,3.328897,EXECUTE,SELL,100.02,200,4,False
104406,3.329524,ADD,SELL,99.96,1000,5,False
104407,3.329679,ADD,SELL,100.0,100,3,False
101009,3.330499,EXECUTE,BUY,100.03,200,6,False
104408,3.331213,ADD,SELL,100.0,100,2,False
104409,3.331889,ADD,SELL,100.02,500,6,False
104410,3.332443,ADD,SELL,99.95,200,10,False
104411,3.332857,ADD,BUY,100.02,1000,9,False
100564,3.33309,EXECUTE,BUY,100.05,500,9,False
104412,3.333469,ADD,BUY,100.01,500,6,False
104413,3.33433,ADD,SELL,99.96,200,2,False
102065,3.335086,EXECUTE,SELL,99.99,200,2,False
104414,3.335307,ADD,SELL,100.0,200,9,False
103764,3.335872,CANCEL,SELL,99.99,20000,11,True
104415,3.336606,ADD,BUY,100.01,100,6,False
104416,3.336805,ADD,SELL,99.96,200,3,False
104417,3.33721,ADD,BUY,99.98,300,6,False
104418,3.337746,ADD,BUY,99.99,500,3,False
104419,3.33835,ADD,SELL,100.0,300,10,False
104420,3.338911,ADD,BUY,99.96,200,5,False
104421,3.339048,ADD,SELL,99.98,100,3,False
102994,3.339196,CANCEL,BUY,100.02,200,9,False
104422,3.340127,ADD,BUY,99.99,100,7,False
104423,3.340833,ADD,BUY,100.01,15000,11,True
104424,3.341443,ADD,SELL,99.97,100,4,False
104425,3.342078,ADD,BUY,99.97,1000,3,False
104426,3.342782,ADD,BUY,99.96,300,3,False
104427,3.343325,ADD,BUY,99.97,500,2,False
104428,3.343787,ADD,SELL,100.0,15000,11,True
104383,3.344633,EXECUTE,BUY,100.03,300,10,False
103364,3.345211,EXECUTE,BUY,100.03,100,9,False
104429,3.345977,ADD,BUY,100.0,10000,11,True
104430,3.34661,ADD,SELL,100.02,500,8,False
101734,3.34723,EXECUTE,SELL,100.04,300,1,False
104431,3.347587,ADD,SELL,99.96,300,2,False
104432,3.348026,ADD,BUY,100.0,200,4,False
104433,3.349009,ADD,SELL,99.98,100,10,False
104434,3.34934,ADD,BUY,99.97,200,4,False
102271,3.349605,EXECUTE,SELL,99.97,100,7,False
103460,3.35051,CANCEL,BUY,99.98,200,5,False
102167,3.350821,CANCEL,SELL,99.99,100,5,False
104435,3.35117,ADD,BUY,100.01,500,8,False
101966,3.351529,EXECUTE,BUY,99.97,300,3,False
104436,3.351792,ADD,SELL,99.98,200,2,False
104437,3.352096,ADD,SELL,99.98,500,10,False
104438,3.35304,ADD,BUY,100.01,200,4,False
104439,3.353549,ADD,SELL,99.99,300,5,False
101430,3.354223,EXECUTE,BUY,100.02,300,7,False
104440,3.354469,ADD,SELL,100.04,500,2,False
104441,3.355383,ADD,SELL,99.97,200,7,False
104442,3.35551,ADD,SELL,100.01,100,8,False
104443,3.356071,ADD,BUY,99.99,200,7,False
104444,3.356964,ADD,SELL,100.0,5000,11,True
104445,3.357863,ADD,BUY,99.96,500,9,False
104446,3.358329,ADD,SELL,99.98,200,4,False
104302,3.359114,EXECUTE,BUY,100.01,300,5,False
104447,3.360081,ADD,BUY,100.05,100,4,False
104448,3.36072,ADD,BUY,99.98,100,10,False
102443,3.361662,EXECUTE,BUY,99.95,100,8,False
104449,3.361783,ADD,BUY,100.04,100,6,False
104450,3.362395,ADD,BUY,99.98,100,5,False
104451,3.363034,ADD,BUY,99.97,200,1,False
103290,3.363643,EXECUTE,BUY,100.01,200,1,False
104452,3.363933,ADD,SELL,100.05,300,4,False
103611,3.36475,EXECUTE,BUY,100.0,500,8,False
104453,3.365696,ADD,SELL,100.01,500,7,False
104454,3.366329,ADD,BUY,99.98,1000,6,False
102176,3.367118,CANCEL,SELL,100.0,15000,11,True
103103,3.367741,EXECUTE,BUY,100.0,200,7,False
102648,3.368629,CANCEL,SELL,100.01,10000,11,True
103264,3.36918,EXECUTE,BUY,99.99,500,8,False
104455,3.369299,ADD,SELL,99.97,300,6,False
104456,3.369614,ADD,SELL,99.99,10000,11,True
104457,3.369943,ADD,BUY,100.04,300,4,False
102812,3.37015,EXECUTE,SELL,100.04,300,8,False
104458,3.370554,ADD,BUY,100.0,10000,11,True
104459,3.370655,ADD,SELL,99.99,100,5,False
102281,3.370762,EXECUTE,SELL,100.03,200,8,False
103128,3.371179,EXECUTE,SELL,99.96,100,1,False
104460,3.372088,ADD,BUY,100.02,300,7,False
102861,3.372663,EXECUTE,BUY,99.98,100,10,False
104461,3.373066,ADD,BUY,99.96,200,8,False
104462,3.373965,ADD,BUY,99.97,100,7,False
104463,3.374664,ADD,BUY,100.04,200,6,False
101449,3.375498,CANCEL,SELL,99.98,100,2,False
104464,3.375736,ADD,BUY,100.01,15000,11,True
103345,3.376063,EXECUTE,SELL,99.96,300,3,False
104465,3.376999,ADD,BUY,99.95,200,7,False
104466,3.377786,ADD,BUY,99.99,10000,11,True
104467,3.378072,ADD,BUY,100.0,15000,11,True
104468,3.37895,ADD,BUY,100.04,200,8,False
103631,3.379797,CANCEL,BUY,99.99,100,7,False
103532,3.380697,EXECUTE,SELL,100.0,300,7,False
104469,3.381422,ADD,SELL,100.01,100,1,False
104470,3.381696,ADD,SELL,100.0,500,5,False
104471,3.382232,ADD,BUY,99.96,100,8,False
104472,3.382959,ADD,BUY,99.95,100,2,False
104473,3.383077,ADD,BUY,100.05,200,8,False
104474,3.383359,ADD,BUY,99.98,100,7,False
104475,3.383726,ADD,SELL,100.0,10000,11,True
104476,3.384428,ADD,BUY,100.04,300,6,False
104477,3.385202,ADD,SELL,100.03,200,3,False
104478,3.385498,ADD,BUY,99.96,300,7,False
104479,3.386359,ADD,BUY,99.98,1000,5,False
104480,3.387078,ADD,SELL,100.05,1000,6,False
104481,3.387977,ADD,SELL,100.03,500,1,False
104482,3.388144,ADD,BUY,100.04,500,6,False
104483,3.388765,ADD,BUY,100.0,15000,11,True
104484,3.389635,ADD,SELL,100.02,100,8,False
100743,3.390482,EXECUTE,SELL,99.95,500,8,False
104485,3.391205,ADD,BUY,99.99,100,2,False
104486,3.391923,ADD,SELL,100.03,500,7,False
104487,3.392704,ADD,SELL,99.98,300,2,False
104342,3.393246,EXECUTE,SELL,100.03,200,5,False
104488,3.39347,ADD,BUY,100.04,500,5,False
104489,3.394101,ADD,BUY,100.05,200,7,False
103996,3.394262,EXECUTE,BUY,100.05,300,9,False
104490,3.394698,ADD,SELL,100.03,100,9,False
104491,3.395564,ADD,BUY,100.03,300,8,False
104492,3.396084,ADD,BUY,100.0,500,9,False
104493,3.396549,ADD,SELL,100.05,100,3,False
104494,3.397522,ADD,BUY,100.04,100,1,False
104495,3.397634,ADD,BUY,99.95,300,9,False
104496,3.398203,ADD,SELL,100.01,100,4,False
104497,3.398917,ADD,BUY,99.99,200,7,False
104498,3.399905,ADD,SELL,100.02,500,2,False
104499,3.400221,ADD,BUY,100.03,100,6,False
104500,3.400484,ADD,BUY,99.98,100,2,False
104501,3.400747,ADD,SELL,100.01,15000,11,True
103166,3.400976,EXECUTE,SELL,100.04,100,5,False
104502,3.401931,ADD,SELL,100.02,200,10,False
104503,3.402032,ADD,BUY,100.01,200,9,False
104504,3.402739,ADD,SELL,99.99,200,9,False
101922,3.403514,CANCEL,BUY,100.0,10000,11,True
103170,3.403643,EXECUTE,SELL,99.99,200,5,False
104505,3.404557,ADD,SELL,100.01,200,6,False
104506,3.404767,ADD,SELL,100.03,100,6,False
104507,3.405027,ADD,BUY,100.05,300,9,False
104508,3.405262,ADD,SELL,100.01,500,5,False
103587,3.405561,EXECUTE,BUY,100.04,100,7,False
104487,3.405946,EXECUTE,SELL,99.98,300,2,False
101147,3.406208,CANCEL,BUY,99.99,20000,11,True
104509,3.406909,ADD,SELL,99.99,500,5,False
104510,3.407392,ADD,SELL,100.0,20000,11,True
104511,3.407825,ADD,SELL,100.0,100,4,False
101500,3.40821,EXECUTE,BUY,100.01,100,9,False
104512,3.40843,ADD,BUY,99.95,200,9,False
104513,3.408649,ADD,SELL,100.05,100,5,False
102850,3.409381,CANCEL,SELL,99.98,200,4,False
104514,3.40979,ADD,SELL,100.03,300,4,False
104515,3.410762,ADD,BUY,100.02,200,9,False
104516,3.411419,ADD,SELL,100.03,100,9,False
104517,3.412383,ADD,BUY,100.0,15000,11,True
103711,3.412783,CANCEL,BUY,100.01,300,9,False
104518,3.413781,ADD,SELL,99.99,100,5,False
104519,3.414555,ADD,SELL,100.04,100,4,False
104520,3.414909,ADD,SELL,100.0,15000,11,True
104521,3.415607,ADD,SELL,100.04,1000,1,False
104522,3.416176,ADD,SELL,100.02,300,10,False
104523,3.416559,ADD,BUY,100.04,200,3,False
104524,3.417159,ADD,SELL,100.0,200,10,False
104525,3.417509,ADD,BUY,100.03,100,9,False
104526,3.418384,ADD,BUY,100.02,200,7,False
103563,3.419288,CANCEL,SELL,99.95,100,9,False
104527,3.419696,ADD,BUY,100.01,1000,8,False
104528,3.420311,ADD,BUY,100.05,200,8,False
104529,3.42126,ADD,SELL,99.96,200,4,False
104530,3.421601,ADD,SELL,99.97,1000,3,False
104531,3.421715,ADD,SELL,99.98,200,4,False
104532,3.422196,ADD,BUY,100.0,100,4,False
104533,3.422763,ADD,BUY,99.96,100,5,False
104534,3.423668,ADD,BUY,100.0,15000,11,True
104535,3.424639,ADD,SELL,99.95,300,6,False
104536,3.425425,ADD,BUY,99.96,300,8,False
104537,3.426122,ADD,SELL,99.96,100,4,False
104538,3.42678,ADD,SELL,100.02,500,1,False
104539,3.427204,ADD,SELL,100.04,200,3,False
104540,3.427771,ADD,SELL,99.95,100,3,False
102526,3.428447,EXECUTE,BUY,100.0,100,9,False
104541,3.429153,ADD,BUY,99.99,100,1,False
102902,3.429693,EXECUTE,BUY,99.95,100,2,False
104542,3.430472,ADD,SELL,99.98,300,5,False
102967,3.430939,EXECUTE,SELL,99.97,200,1,False
103353,3.431266,EXECUTE,BUY,100.02,300,5,False
104543,3.4315,ADD,BUY,100.05,100,7,False
104544,3.432014,ADD,BUY,99.96,100,3,False
102372,3.432844,EXECUTE,SELL,99.97,200,2,False
104545,3.433658,ADD,BUY,100.01,15000,11,True
104546,3.434185,ADD,BUY,99.96,100,10,False
102815,3.434443,EXECUTE,SELL,100.03,1000,1,False
103817,3.435083,EXECUTE,BUY,100.0,200,1,False
104547,3.435328,ADD,BUY,99.98,100,10,False
103378,3.435541,CANCEL,BUY,100.02,200,5,False
104548,3.43601,ADD,BUY,99.97,200,8,False
104549,3.436184,ADD,BUY,100.04,200,4,False
104550,3.436915,ADD,BUY,99.96,100,6,False
104551,3.437556,ADD,BUY,100.05,200,6,False
104552,3.438238,ADD,SELL,99.97,100,8,False
104553,3.438758,ADD,SELL,99.97,300,8,False
104554,3.439278,ADD,SELL,99.95,100,4,False
104555,3.440236,ADD,SELL,99.99,5000,11,True
104556,3.441144,ADD,BUY,99.97,100,5,False
104557,3.441499,ADD,BUY,100.03,200,9,False
103682,3.441956,CANCEL,SELL,100.01,300,2,False
104558,3.442454,ADD,SELL,100.0,200,10,False
101606,3.443443,EXECUTE,BUY,100.03,200,5,False
104559,3.44419,ADD,SELL,100.05,300,7,False
104560,3.44477,ADD,BUY,100.04,100,9,False
104561,3.445311,ADD,SELL,99.99,5000,11,True
104562,3.44571,ADD,BUY,100.05,200,9,False
102168,3.445898,EXECUTE,BUY,100.02,200,9,False
104563,3.446055,ADD,BUY,100.02,500,5,False
104564,3.446613,ADD,BUY,100.0,10000,11,True
104565,3.447025,ADD,SELL,99.98,100,5,False
104566,3.44801,ADD,BUY,99.97,300,7,False
104567,3.448629,ADD,BUY,100.03,300,9,False
104568,3.448924,ADD,SELL,100.02,300,7,False
104569,3.449237,ADD,SELL,99.95,1000,5,False
104570,3.449554,ADD,SELL,99.96,200,5,False
104571,3.449981,ADD,SELL,100.02,1000,3,False
104572,3.450313,ADD,BUY,99.98,200,3,False
104573,3.450673,ADD,BUY,100.03,100,2,False
101611,3.45085,CANCEL,SELL,99.95,100,7,False
104574,3.451607,ADD,SELL,100.0,500,2,False
102858,3.451897,CANCEL,BUY,99.99,10000,11,True
104575,3.452215,ADD,SELL,100.02,100,5,False
102223,3.453024,EXECUTE,SELL,99.95,200,9,False
102120,3.453539,EXECUTE,BUY,99.98,100,9,False
103057,3.454435,EXECUTE,SELL,99.97,200,5,False
104576,3.454972,ADD,SELL,100.01,200,9,False
104577,3.455608,ADD,BUY,99.99,5000,11,True
102108,3.455899,EXECUTE,SELL,100.01,500,6,False
104578,3.456443,ADD,SELL,99.95,500,7,False
103249,3.457198,EXECUTE,SELL,99.95,200,5,False
104579,3.45794,ADD,BUY,100.04,200,6,False
104580,3.458854,ADD,BUY,100.0,300,4,False
104581,3.459149,ADD,SELL,100.01,100,3,False
104582,3.460104,ADD,BUY,99.96,200,10,False
104583,3.460285,ADD,BUY,100.05,200,2,False
104584,3.460632,ADD,BUY,100.01,300,9,False
104585,3.460957,ADD,SELL,99.99,300,10,False
102230,3.461675,EXECUTE,SELL,99.97,300,5,False
104586,3.462593,ADD,SELL,99.97,100,6,False
104587,3.46348,ADD,SELL,99.97,100,5,False
104022,3.464445,EXECUTE,BUY,100.04,500,4,False
104588,3.465271,ADD,SELL,99.95,300,1,False
104589,3.466214,ADD,SELL,99.98,300,9,False
104590,3.466787,ADD,BUY,99.96,300,9,False
104591,3.467308,ADD,SELL,99.97,300,5,False
104592,3.46766,ADD,SELL,99.98,500,3,False
104593,3.468308,ADD,BUY,99.99,100,4,False
104457,3.468582,EXECUTE,BUY,100.04,300,4,False
104594,3.468834,ADD,BUY,100.03,100,2,False
103964,3.469631,CANCEL,BUY,99.99,10000,11,True
103302,3.470189,CANCEL,SELL,100.0,15000,11,True
104595,3.470811,ADD,SELL,99.99,100,2,False
101412,3.471666,EXECUTE,SELL,99.99,200,7,False
104161,3.472445,CANCEL,BUY,100.0,10000,11,True
104596,3.473363,ADD,BUY,99.97,100,9,False
104597,3.474184,ADD,BUY,100.01,300,7,False
104598,3.47445,ADD,BUY,99.97,300,2,False
103806,3.474747,EXECUTE,BUY,100.0,100,3,False
104599,3.475118,ADD,SELL,99.97,300,5,False
104600,3.475692,ADD,BUY,100.01,100,9,False
104601,3.476063,ADD,BUY,100.02,100,2,False
104536,3.476593,CANCEL,BUY,99.96,300,8,False
100670,3.477085,EXECUTE,BUY,100.01,300,10,False
104602,3.477926,ADD,SELL,100.02,200,4,False
103954,3.478733,EXECUTE,SELL,100.03,300,10,False
104603,3.479138,ADD,SELL,100.05,200,8,False
104604,3.479722,ADD,SELL,100.0,1000,8,False
104323,3.480263,CANCEL,BUY,100.04,100,5,False
104605,3.480698,ADD,SELL,99.95,100,6,False
104606,3.480891,ADD,SELL,99.96,100,10,False
104607,3.48185,ADD,BUY,99.98,500,2,False
103106,3.482321,EXECUTE,BUY,100.02,200,3,False
104608,3.482986,ADD,SELL,100.0,15000,11,True
101286,3.483669,EXECUTE,SELL,100.02,200,7,False
104609,3.484354,ADD,SELL,99.98,100,9,False
104610,3.485338,ADD,SELL,100.0,100,9,False
101819,3.485711,EXECUTE,SELL,100.04,300,6,False
104611,3.48611,ADD,SELL,100.03,200,2,False
104612,3.487095,ADD,BUY,99.97,200,2,False
104613,3.487601,ADD,SELL,99.95,100,1,False
104453,3.488503,EXECUTE,SELL,100.01,500,7,False
104614,3.488875,ADD,BUY,99.96,1000,3,False
104615,3.489211,ADD,BUY,99.97,200,1,False
104616,3.48977,ADD,SELL,100.0,100,10,False
104617,3.490711,ADD,SELL,100.03,1000,4,False
100662,3.491091,EXECUTE,BUY,100.02,200,10,False
101008,3.491883,CANCEL,BUY,99.96,300,6,False
102700,3.492075,EXECUTE,BUY,100.04,1000,4,False
102671,3.492429,EXECUTE,BUY,100.05,100,10,False
104618,3.493286,ADD,SELL,99.95,100,9,False
104619,3.493908,ADD,SELL,100.0,20000,11,True
104620,3.494058,ADD,BUY,100.01,100,6,False
103192,3.495056,EXECUTE,BUY,100.04,200,10,False
104621,3.495828,ADD,SELL,99.99,300,8,False
103369,3.4963,EXECUTE,SELL,99.98,500,6,False
104622,3.496972,ADD,SELL,100.02,200,4,False
104623,3.497099,ADD,SELL,100.01,10000,11,True
104624,3.497369,ADD,SELL,99.97,300,5,False
104625,3.498062,ADD,SELL,100.04,300,3,False
104626,3.498471,ADD,BUY,100.0,200,9,False
104627,3.498764,ADD,BUY,99.96,300,6,False
104628,3.49894,ADD,SELL,99.96,100,5,False
104629,3.499641,ADD,BUY,99.96,300,7,False
104630,3.499955,ADD,SELL,99.99,200,8,False
104420,3.500327,EXECUTE,BUY,99.96,200,5,False
104631,3.501039,ADD,SELL,99.97,300,9,False
104632,3.501521,ADD,SELL,99.99,1000,1,False
104633,3.502481,ADD,SELL,100.01,100,6,False
104634,3.502953,ADD,SELL,100.01,500,6,False
104635,3.503423,ADD,SELL,100.02,300,1,False
104636,3.50404,ADD,BUY,100.03,100,9,False
104637,3.504586,ADD,BUY,100.03,500,5,False
102201,3.50548,EXECUTE,BUY,99.97,1000,1,False
104638,3.506381,ADD,SELL,99.95,300,9,False
101474,3.507327,CANCEL,SELL,99.98,100,1,False
104639,3.507821,ADD,BUY,100.04,200,9,False
104640,3.507957,ADD,SELL,100.03,200,5,False
102459,3.508591,CANCEL,BUY,100.0,15000,11,True
104641,3.509365,ADD,BUY,100.0,100,2,False
104210,3.509812,CANCEL,BUY,100.01,10000,11,True
104642,3.51007,ADD,BUY,100.02,100,1,False
104643,3.510824,ADD,BUY,99.99,15000,11,True
104644,3.511806,ADD,BUY,99.98,500,3,False
104254,3.512544,CANCEL,BUY,100.04,100,5,False
104185,3.512814,EXECUTE,BUY,100.02,100,2,False
104645,3.513796,ADD,SELL,99.96,300,7,False
104646,3.514494,ADD,BUY,100.01,100,1,False
104647,3.514876,ADD,BUY,100.0,100,3,False
104648,3.515005,ADD,SELL,99.97,1000,8,False
104649,3.515656,ADD,SELL,99.97,200,6,False
104650,3.516354,ADD,BUY,99.97,200,9,False
104651,3.517327,ADD,BUY,99.96,100,9,False
104652,3.51769,ADD,SELL,100.02,200,3,False
101415,3.517832,EXECUTE,BUY,100.01,300,7,False
104653,3.518352,ADD,BUY,100.02,100,1,False
104654,3.519238,ADD,SELL,100.02,300,9,False
104655,3.51957,ADD,BUY,99.96,300,10,False
104656,3.520294,ADD,BUY,100.05,200,6,False
103306,3.520637,EXECUTE,BUY,99.97,300,8,False
104657,3.5208,ADD,BUY,100.03,300,10,False
102892,3.521168,EXECUTE,SELL,99.95,300,8,False
104658,3.522095,ADD,BUY,100.04,100,9,False
102431,3.523066,EXECUTE,SELL,99.98,100,10,False
104659,3.523873,ADD,SELL,100.01,1000,5,False
104660,3.524135,ADD,BUY,99.99,100,8,False
104661,3.524431,ADD,SELL,100.0,5000,11,True
104662,3.52482,ADD,SELL,99.98,200,4,False
104663,3.525132,ADD,SELL,100.03,100,10,False
104664,3.525992,ADD,SELL,99.98,300,5,False
104665,3.526509,ADD,SELL,99.99,15000,11,True
104666,3.526733,ADD,SELL,99.99,200,5,False
104479,3.527552,EXECUTE,BUY,99.98,1000,5,False
103600,3.528123,EXECUTE,SELL,100.01,300,9,False
104667,3.528378,ADD,BUY,100.01,5000,11,True
104668,3.528613,ADD,BUY,100.03,300,1,False
104669,3.52934,ADD,SELL,100.04,500,2,False
104670,3.530125,ADD,BUY,99.96,300,7,False
104671,3.531114,ADD,BUY,99.95,1000,10,False
100311,3.531535,EXECUTE,SELL,100.02,100,3,False
104672,3.532397,ADD,SELL,100.0,300,9,False
104673,3.532811,ADD,BUY,100.01,15000,11,True
100284,3.533148,EXECUTE,SELL,99.99,300,7,False
103425,3.533567,EXECUTE,SELL,99.96,100,4,False
103609,3.534135,EXECUTE,BUY,99.98,500,5,False
104674,3.534943,ADD,BUY,99.96,500,2,False
104675,3.535432,ADD,SELL,99.99,5000,11,True
104676,3.536303,ADD,BUY,100.02,100,6,False
104677,3.536483,ADD,BUY,100.05,200,2,False
103932,3.53659,EXECUTE,BUY,100.0,500,6,False
104678,3.537141,ADD,SELL,100.0,100,4,False
104496,3.537434,EXECUTE,SELL,100.01,100,4,False
104679,3.538239,ADD,BUY,100.02,100,8,False
101730,3.538828,EXECUTE,SELL,99.97,500,10,False
103868,3.539147,EXECUTE,BUY,99.96,1000,4,False
104680,3.539796,ADD,SELL,99.96,300,10,False
104681,3.540625,ADD,BUY,99.95,100,5,False
103589,3.541112,EXECUTE,BUY,100.03,300,4,False
102653,3.541878,EXECUTE,SELL,99.97,1000,7,False
101035,3.542155,CANCEL,BUY,100.04,300,8,False
104682,3.542847,ADD,SELL,100.0,500,7,False
104683,3.543284,ADD,BUY,99.96,100,10,False
104217,3.543959,CANCEL,BUY,100.04,100,6,False
104002,3.544842,EXECUTE,SELL,100.01,300,2,False
104684,3.545479,ADD,SELL,99.97,200,8,False
104685,3.546433,ADD,BUY,99.97,300,2,False
103836,3.547247,EXECUTE,SELL,99.97,100,4,False
103224,3.547702,CANCEL,BUY,99.96,1000,7,False
104686,3.548273,ADD,BUY,99.97,300,2,False
104687,3.548941,ADD,BUY,100.05,300,6,False
104055,3.549533,EXECUTE,SELL,100.0,200,9,False
104688,3.550082,ADD,BUY,100.0,15000,11,True
104689,3.551013,ADD,SELL,100.01,10000,11,True
104690,3.551253,ADD,BUY,99.97,300,10,False
103387,3.551878,EXECUTE,SELL,99.99,200,7,False
103695,3.552485,CANCEL,BUY,100.01,100,4,False
104691,3.552826,ADD,BUY,99.99,200,5,False
104692,3.55296,ADD,BUY,100.02,100,9,False
104693,3.553483,ADD,SELL,100.01,300,6,False
104694,3.55438,ADD,SELL,99.99,100,6,False
104695,3.554691,ADD,BUY,99.99,300,8,False
103703,3.555678,EXECUTE,SELL,100.04,300,1,False
104696,3.556641,ADD,SELL,99.99,500,7,False
104697,3.556989,ADD,BUY,100.03,100,8,False
102853,3.557225,CANCEL,BUY,99.98,200,2,False
104698,3.557576,ADD,SELL,99.98,200,1,False
104699,3.557691,ADD,BUY,100.0,100,10,False
104700,3.558475,ADD,BUY,100.01,10000,11,True
101277,3.558879,EXECUTE,BUY,100.05,200,7,False
104701,3.559451,ADD,BUY,99.99,100,10,False
103844,3.56037,EXECUTE,SELL,99.99,300,5,False
104702,3.561038,ADD,SELL,100.01,300,2,False
104703,3.561747,ADD,BUY,100.01,300,2,False
104704,3.562702,ADD,SELL,99.99,100,4,False
104705,3.563632,ADD,SELL,100.02,500,1,False
104706,3.564402,ADD,BUY,100.0,500,4,False
104707,3.565349,ADD,SELL,100.01,10000,11,True
104708,3.565978,ADD,BUY,99.97,100,6,False
104709,3.566807,ADD,SELL,100.01,100,10,False
104710,3.567337,ADD,BUY,100.02,300,6,False
101925,3.568241,EXECUTE,BUY,100.0,200,4,False
104711,3.568441,ADD,SELL,99.96,500,7,False
104712,3.56943,ADD,BUY,100.03,200,5,False
104713,3.570258,ADD,SELL,100.02,200,7,False
104714,3.571134,ADD,BUY,100.01,100,5,False
102504,3.571458,EXECUTE,BUY,100.03,200,2,False
104715,3.572433,ADD,BUY,99.97,300,3,False
104716,3.57333,ADD,BUY,100.0,200,10,False
104717,3.574261,ADD,BUY,100.01,1000,5,False
104718,3.574867,ADD,BUY,99.97,100,3,False
104719,3.574981,ADD,BUY,99.99,100,4,False
104720,3.575522,ADD,BUY,100.04,100,5,False
104721,3.575802,ADD,BUY,99.98,200,5,False
104722,3.576735,ADD,BUY,100.0,20000,11,True
101616,3.577116,EXECUTE,SELL,99.95,100,3,False
101326,3.578089,CANCEL,SELL,100.03,300,7,False
104723,3.578268,ADD,SELL,100.04,100,6,False
104724,3.578914,ADD,SELL,99.95,300,5,False
104725,3.579619,ADD,BUY,100.04,100,7,False
104726,3.580117,ADD,BUY,99.99,20000,11,True
104727,3.580351,ADD,SELL,100.01,20000,11,True
104728,3.580771,ADD,SELL,100.01,20000,11,True
104440,3.580887,EXECUTE,SELL,100.04,500,2,False
104729,3.581129,ADD,BUY,99.98,300,9,False
104730,3.581428,ADD,BUY,100.03,100,6,False
103574,3.58238,EXECUTE,SELL,99.97,200,10,False
104731,3.583106,ADD,BUY,100.01,10000,11,True
104732,3.583246,ADD,BUY,100.03,200,2,False
104733,3.583346,ADD,BUY,99.96,200,1,False
104734,3.583761,ADD,BUY,100.04,500,6,False
104735,3.584126,ADD,BUY,100.04,100,3,False
104736,3.584845,ADD,BUY,100.0,500,10,False
104737,3.585572,ADD,SELL,100.02,200,3,False
104738,3.586413,ADD,BUY,99.99,1000,10,False
103245,3.586793,EXECUTE,BUY,99.96,200,7,False
104739,3.587664,ADD,SELL,100.05,1000,9,False
104740,3.588081,ADD,SELL,100.0,5000,11,True
104741,3.588561,ADD,SELL,99.96,100,10,False
104742,3.589301,ADD,BUY,99.95,200,1,False
104743,3.590254,ADD,SELL,100.04,300,6,False
104744,3.591167,ADD,SELL,100.04,300,2,False
104745,3.591285,ADD,SELL,99.95,200,1,False
104746,3.591675,ADD,SELL,99.96,500,6,False
103339,3.59209,EXECUTE,BUY,99.98,300,7,False
104747,3.592851,ADD,SELL,100.04,300,7,False
104748,3.593288,ADD,BUY,99.97,200,4,False
104749,3.59385,ADD,SELL,99.96,300,2,False
102356,3.594608,EXECUTE,BUY,99.96,200,6,False
104750,3.595016,ADD,SELL,100.01,100,3,False
104751,3.595127,ADD,SELL,100.01,300,6,False
104752,3.5955,ADD,BUY,100.01,100,1,False
104753,3.595805,ADD,SELL,100.01,500,5,False
104754,3.596706,ADD,SELL,99.95,200,8,False
104755,3.597445,ADD,BUY,100.04,200,2,False
104756,3.597614,ADD,BUY,100.03,200,2,False
104757,3.598204,ADD,BUY,99.98,100,3,False
104758,3.598929,ADD,SELL,100.01,100,2,False
104759,3.599147,ADD,SELL,100.04,200,3,False
104760,3.599556,ADD,SELL,99.96,500,6,False
103625,3.599909,EXECUTE,SELL,99.97,100,3,False
104761,3.600433,ADD,SELL,100.02,100,5,False
104762,3.601121,ADD,BUY,99.97,300,8,False
104763,3.601891,ADD,SELL,99.98,200,8,False
101498,3.602388,EXECUTE,BUY,99.98,300,9,False
104614,3.602565,EXECUTE,BUY,99.96,1000,3,False
104764,3.603421,ADD,SELL,99.99,1000,2,False
104765,3.604022,ADD,BUY,99.96,300,5,False
103453,3.604815,EXECUTE,SELL,99.99,300,8,False
104766,3.605414,ADD,SELL,99.96,300,10,False
104767,3.606174,ADD,SELL,100.03,100,5,False
104768,3.60682,ADD,SELL,100.02,200,8,False
104769,3.607113,ADD,BUY,99.96,300,3,False
100274,3.60784,EXECUTE,BUY,100.03,200,8,False
104770,3.608109,ADD,SELL,99.99,500,8,False
104637,3.609082,EXECUTE,BUY,100.03,500,5,False
101813,3.610021,EXECUTE,BUY,100.04,200,9,False
104771,3.610309,ADD,SELL,100.01,100,5,False
104772,3.610873,ADD,SELL,99.98,100,3,False
104773,3.611589,ADD,BUY,100.0,200,3,False
101696,3.611827,EXECUTE,BUY,100.01,300,10,False
104774,3.612153,ADD,BUY,100.03,100,7,False
104775,3.612294,ADD,BUY,99.97,100,7,False
103819,3.612647,EXECUTE,SELL,100.03,100,1,False
103809,3.61304,EXECUTE,BUY,100.02,100,1,False
104776,3.61403,ADD,BUY,100.05,100,3,False
104777,3.614273,ADD,BUY,100.01,200,5,False
101248,3.614714,CANCEL,BUY,100.0,200,8,False
104778,3.615204,ADD,BUY,100.01,100,2,False
101342,3.616005,EXECUTE,BUY,100.03,500,8,False
104779,3.616875,ADD,BUY,100.01,100,10,False
104780,3.617812,ADD,SELL,100.05,200,9,False
104781,3.618556,ADD,BUY,100.01,200,3,False
104370,3.618829,EXECUTE,BUY,99.99,200,8,False
104782,3.619168,ADD,BUY,99.97,100,6,False
101787,3.619742,EXECUTE,SELL,100.0,100,9,False
104783,3.620452,ADD,BUY,99.97,200,6,False
102263,3.621416,EXECUTE,BUY,99.96,300,6,False
104784,3.622145,ADD,BUY,100.0,200,3,False
104785,3.623131,ADD,BUY,99.99,300,8,False
104277,3.623887,EXECUTE,SELL,100.04,200,5,False
100880,3.624461,EXECUTE,SELL,100.02,300,5,False
104786,3.624577,ADD,SELL,100.02,200,1,False
104787,3.625352,ADD,BUY,100.0,100,2,False
103350,3.626173,EXECUTE,SELL,100.01,1000,7,False
104788,3.62656,ADD,SELL,100.02,200,1,False
104789,3.626827,ADD,SELL,99.97,100,9,False
104790,3.627277,ADD,BUY,100.02,200,8,False
101106,3.62815,EXECUTE,BUY,99.98,500,2,False
104791,3.628637,ADD,BUY,100.0,15000,11,True
104792,3.629061,ADD,BUY,100.0,500,5,False
104793,3.629748,ADD,BUY,100.03,200,6,False
104794,3.630712,ADD,SELL,100.0,200,9,False
104795,3.631313,ADD,SELL,100.01,100,6,False
104796,3.631945,ADD,BUY,100.0,300,8,False
104797,3.632846,ADD,SELL,100.03,500,8,False
102002,3.633596,EXECUTE,SELL,100.03,300,10,False
104798,3.634383,ADD,SELL,100.03,100,2,False
104799,3.63533,ADD,SELL,100.04,500,9,False
104800,3.635615,ADD,BUY,100.03,300,8,False
101836,3.63595,EXECUTE,BUY,99.98,500,8,False
104801,3.636633,ADD,BUY,99.98,100,4,False
104802,3.637456,ADD,SELL,99.99,100,5,False
104803,3.637578,ADD,BUY,100.0,100,5,False
104804,3.638035,ADD,BUY,100.04,100,4,False
104805,3.638188,ADD,SELL,99.98,200,6,False
104806,3.638454,ADD,SELL,100.02,300,8,False
104807,3.638658,ADD,SELL,100.04,100,10,False
104808,3.63907,ADD,BUY,100.01,5000,11,True
104809,3.639645,ADD,SELL,99.96,100,3,False
103851,3.640503,CANCEL,SELL,99.99,15000,11,True
104810,3.64119,ADD,SELL,100.05,500,5,False
104811,3.641419,ADD,SELL,100.0,20000,11,True
104812,3.642006,ADD,BUY,100.01,100,7,False
104500,3.642661,EXECUTE,BUY,99.98,100,2,False
104813,3.643204,ADD,SELL,99.99,100,8,False
104814,3.643577,ADD,SELL,100.01,100,5,False
104815,3.64382,ADD,BUY,100.0,300,10,False
104816,3.644626,ADD,BUY,99.99,100,2,False
104817,3.644999,ADD,BUY,99.96,100,6,False
104818,3.645813,ADD,BUY,99.97,300,1,False
104819,3.645948,ADD,BUY,100.05,200,4,False
104820,3.646447,ADD,SELL,100.0,100,9,False
104821,3.646977,ADD,BUY,100.0,300,9,False
100970,3.647378,EXECUTE,SELL,99.95,100,2,False
104822,3.648172,ADD,BUY,100.03,200,3,False
104823,3.649088,ADD,BUY,100.04,100,7,False
104824,3.649312,ADD,SELL,100.03,100,5,False
104825,3.650282,ADD,BUY,99.95,500,1,False
104826,3.650449,ADD,SELL,100.0,15000,11,True
104827,3.650769,ADD,SELL,99.98,100,6,False
104639,3.651393,EXECUTE,BUY,100.04,200,9,False
102299,3.651986,CANCEL,BUY,100.03,200,3,False
100402,3.652924,CANCEL,SELL,99.96,500,4,False
104828,3.653571,ADD,BUY,100.01,300,1,False
104829,3.65381,ADD,BUY,100.0,500,7,False
104830,3.65419,ADD,SELL,100.04,100,1,False
104831,3.654665,ADD,BUY,100.01,100,10,False
103914,3.655345,CANCEL,SELL,99.97,1000,1,False
104832,3.655888,ADD,BUY,100.03,500,9,False
104833,3.656455,ADD,SELL,99.99,200,2,False
104834,3.656882,ADD,SELL,99.99,100,4,False
103501,3.657328,EXECUTE,BUY,99.96,300,5,False
103244,3.658139,CANCEL,SELL,100.03,300,10,False
104835,3.658552,ADD,BUY,100.02,200,9,False
104836,3.659334,ADD,BUY,99.96,100,7,False
104837,3.659914,ADD,SELL,99.97,200,6,False
104838,3.660735,ADD,SELL,99.95,100,10,False
104839,3.661612,ADD,SELL,100.01,100,1,False
104840,3.661977,ADD,BUY,99.95,200,5,False
104841,3.662433,ADD,BUY,99.98,100,9,False
102874,3.663425,EXECUTE,BUY,100.0,300,9,False
104842,3.664006,ADD,BUY,99.95,300,10,False
104843,3.664566,ADD,SELL,99.96,300,3,False
104844,3.665318,ADD,BUY,100.03,100,6,False
104845,3.666212,ADD,SELL,100.01,1000,2,False
103285,3.666625,EXECUTE,SELL,99.99,1000,1,False
104846,3.667504,ADD,BUY,100.0,10000,11,True
101026,3.667887,EXECUTE,SELL,99.98,300,5,False
104847,3.668514,ADD,SELL,99.99,200,6,False
101801,3.668691,EXECUTE,BUY,100.01,100,7,False
103536,3.669629,EXECUTE,BUY,100.04,300,8,False
104848,3.670081,ADD,BUY,100.04,500,5,False
102405,3.670999,EXECUTE,SELL,100.03,500,1,False
104849,3.671366,ADD,SELL,100.0,200,6,False
104850,3.672338,ADD,BUY,99.96,1000,8,False
101729,3.672905,EXECUTE,BUY,99.95,100,4,False
104851,3.673355,ADD,SELL,100.05,100,2,False
101959,3.673889,EXECUTE,SELL,100.02,200,8,False
104852,3.674099,ADD,BUY,100.0,20000,11,True
104853,3.674564,ADD,BUY,100.02,300,8,False
104854,3.675181,ADD,SELL,100.01,5000,11,True
103636,3.676036,EXECUTE,SELL,99.99,200,1,False
104855,3.676803,ADD,SELL,99.95,100,10,False
103261,3.677698,CANCEL,BUY,99.96,100,8,False
104856,3.677976,ADD,BUY,100.01,1000,9,False
104857,3.678754,ADD,SELL,100.03,1000,1,False
104858,3.679223,ADD,BUY,100.0,100,8,False
104859,3.679509,ADD,BUY,99.99,20000,11,True
104860,3.679733,ADD,BUY,99.95,200,6,False
104861,3.679865,ADD,BUY,100.01,500,3,False
104862,3.680193,ADD,SELL,99.99,5000,11,True
104863,3.68041,ADD,SELL,99.99,300,8,False
104864,3.681089,ADD,SELL,100.01,200,1,False
104865,3.681256,ADD,SELL,100.03,200,10,False
104866,3.681641,ADD,BUY,100.03,500,2,False
104867,3.681862,ADD,SELL,99.96,200,1,False
104868,3.68261,ADD,SELL,100.03,200,3,False
103465,3.683423,EXECUTE,BUY,100.03,500,6,False
104869,3.683616,ADD,SELL,100.0,10000,11,True
104870,3.684282,ADD,BUY,99.99,300,1,False
104871,3.684588,ADD,SELL,100.01,100,5,False
103562,3.685026,CANCEL,BUY,99.97,200,7,False
101091,3.685578,CANCEL,SELL,100.02,100,5,False
104872,3.686462,ADD,BUY,99.96,100,8,False
104873,3.687027,ADD,SELL,99.97,100,9,False
104041,3.687464,EXECUTE,BUY,99.99,300,9,False
104874,3.688319,ADD,BUY,100.03,300,1,False
104875,3.688657,ADD,BUY,99.99,100,10,False
104876,3.688879,ADD,SELL,100.03,200,8,False
104877,3.689697,ADD,BUY,100.04,200,10,False
104878,3.690334,ADD,SELL,100.01,200,4,False
104879,3.691051,ADD,BUY,99.99,200,7,False
104880,3.69174,ADD,SELL,100.01,100,9,False
104881,3.692288,ADD,SELL,100.04,500,1,False
104882,3.692897,ADD,SELL,100.04,200,10,False
104883,3.69362,ADD,SELL,99.95,500,8,False
104884,3.694268,ADD,SELL,100.01,300,10,False
104885,3.695039,ADD,BUY,100.01,300,6,False
104886,3.69569,ADD,SELL,99.99,200,3,False
103199,3.696311,CANCEL,SELL,99.97,1000,1,False
104887,3.696705,ADD,BUY,100.03,300,9,False
104888,3.69743,ADD,BUY,99.98,1000,6,False
104889,3.697691,ADD,SELL,99.96,200,6,False
104513,3.698343,EXECUTE,SELL,100.05,100,5,False
102758,3.698663,CANCEL,SELL,99.99,200,8,False
104890,3.698806,ADD,BUY,99.97,100,4,False
104891,3.699301,ADD,SELL,99.99,200,7,False
104892,3.699832,ADD,BUY,99.99,200,2,False
104893,3.700492,ADD,SELL,100.01,100,9,False
103509,3.701175,EXECUTE,BUY,99.96,300,1,False
104894,3.701456,ADD,SELL,100.02,200,9,False
104895,3.70162,ADD,SELL,99.96,100,9,False
104896,3.702457,ADD,BUY,99.96,200,1,False
104897,3.703111,ADD,BUY,100.01,200,10,False
103560,3.703479,CANCEL,BUY,100.03,300,1,False
104898,3.704462,ADD,BUY,99.98,300,3,False
104899,3.705238,ADD,SELL,99.96,1000,6,False
104900,3.705807,ADD,SELL,99.99,200,5,False
104901,3.706151,ADD,SELL,100.03,1000,10,False
104902,3.706407,ADD,SELL,100.03,100,9,False
104903,3.706628,ADD,BUY,99.98,100,10,False
104904,3.707227,ADD,BUY,99.95,100,5,False
104905,3.70784,ADD,BUY,100.05,200,10,False
104906,3.708713,ADD,SELL,100.01,300,5,False
104907,3.709105,ADD,SELL,100.01,100,6,False
104908,3.709559,ADD,BUY,100.03,300,4,False
104909,3.709856,ADD,SELL,100.04,200,6,False
104910,3.710541,ADD,SELL,100.04,300,10,False
104911,3.711201,ADD,SELL,100.03,200,7,False
104579,3.711488,EXECUTE,BUY,100.04,200,6,False
104912,3.712015,ADD,BUY,100.01,100,8,False
104913,3.71283,ADD,SELL,100.02,300,6,False
104914,3.713659,ADD,BUY,100.0,100,2,False
103196,3.714251,EXECUTE,SELL,100.03,200,4,False
104915,3.71451,ADD,SELL,99.96,200,9,False
104916,3.714943,ADD,SELL,100.03,100,1,False
104917,3.715292,ADD,BUY,100.04,100,1,False
104918,3.715955,ADD,BUY,100.01,500,2,False
104919,3.716783,ADD,SELL,99.99,20000,11,True
102619,3.717397,EXECUTE,BUY,99.95,500,9,False
104920,3.718176,ADD,BUY,99.99,100,1,False
101683,3.718521,EXECUTE,BUY,100.0,100,7,False
104921,3.719244,ADD,SELL,100.02,500,6,False
104802,3.719858,EXECUTE,SELL,99.99,100,5,False
102119,3.720741,EXECUTE,BUY,100.04,500,10,False
104922,3.721533,ADD,BUY,99.97,200,3,False
104923,3.721855,ADD,BUY,100.02,500,4,False
104924,3.722294,ADD,SELL,99.96,100,4,False
104925,3.722639,ADD,SELL,100.0,100,5,False
104926,3.722837,ADD,BUY,100.03,200,8,False
104927,3.723681,ADD,SELL,99.97,100,2,False
102566,3.724032,CANCEL,BUY,100.0,100,3,False
104928,3.724508,ADD,SELL,99.96,300,1,False
104929,3.725454,ADD,BUY,99.96,200,1,False
103195,3.725646,EXECUTE,SELL,99.97,100,5,False
104930,3.726312,ADD,BUY,100.02,100,1,False
104931,3.726905,ADD,BUY,99.99,5000,11,True
104932,3.727235,ADD,SELL,100.04,300,5,False
100832,3.728114,EXECUTE,BUY,100.02,100,3,False
104933,3.728557,ADD,SELL,100.04,1000,4,False
104934,3.729326,ADD,SELL,100.05,200,6,False
104935,3.729588,ADD,BUY,100.02,300,4,False
104729,3.73025,EXECUTE,BUY,99.98,300,9,False
104936,3.731211,ADD,SELL,100.01,100,7,False
104937,3.732113,ADD,BUY,99.99,15000,11,True
102160,3.732239,EXECUTE,SELL,100.02,200,2,False
104706,3.732881,EXECUTE,BUY,100.0,500,4,False
104938,3.733641,ADD,BUY,100.05,300,10,False
104939,3.733875,ADD,SELL,100.01,200,2,False
104940,3.734477,ADD,SELL,100.03,200,6,False
104941,3.735423,ADD,SELL,100.0,100,5,False
104942,3.735885,ADD,SELL,99.97,300,5,False
103675,3.736306,CANCEL,BUY,99.97,100,9,False
104943,3.736466,ADD,BUY,99.96,100,1,False
104944,3.737275,ADD,BUY,100.0,100,10,False
101135,3.737645,EXECUTE,SELL,99.98,200,1,False
104945,3.737791,ADD,BUY,100.04,100,7,False
104946,3.737959,ADD,BUY,100.03,200,10,False
104947,3.738723,ADD,SELL,99.99,10000,11,True
101577,3.73892,EXECUTE,SELL,99.95,300,6,False
102358,3.739425,CANCEL,BUY,99.99,15000,11,True
104948,3.740151,ADD,SELL,100.04,100,10,False
104949,3.74052,ADD,BUY,99.97,100,7,False
104950,3.740621,ADD,BUY,100.05,100,7,False
104951,3.740792,ADD,BUY,99.99,100,6,False
104952,3.741731,ADD,BUY,99.96,100,6,False
104953,3.742181,ADD,SELL,100.04,200,9,False
102780,3.742674,EXECUTE,BUY,99.99,500,5,False
104954,3.743626,ADD,BUY,100.03,100,5,False
104955,3.744088,ADD,BUY,100.01,1000,9,False
104789,3.744481,EXECUTE,SELL,99.97,100,9,False
104956,3.744754,ADD,SELL,99.99,100,8,False
104957,3.745417,ADD,SELL,99.95,200,3,False
104958,3.745674,ADD,BUY,99.99,100,9,False
104959,3.746578,ADD,BUY,100.0,300,7,False
104960,3.747178,ADD,SELL,100.03,300,8,False
104443,3.748146,EXECUTE,BUY,99.99,200,7,False
104961,3.748463,ADD,BUY,100.02,100,9,False
104962,3.748745,ADD,BUY,99.97,100,6,False
104963,3.749324,ADD,BUY,100.03,300,2,False
102855,3.749948,EXECUTE,SELL,99.95,300,5,False
104964,3.750496,ADD,SELL,99.99,10000,11,True
104965,3.751315,ADD,BUY,99.95,100,8,False
104966,3.752153,ADD,SELL,100.05,200,3,False
104967,3.753134,ADD,BUY,99.97,500,7,False
104968,3.754085,ADD,SELL,99.97,300,10,False
104969,3.754649,ADD,SELL,99.98,100,4,False
104970,3.754868,ADD,SELL,100.01,10000,11,True
104971,3.755152,ADD,SELL,99.99,500,6,False
104972,3.755707,ADD,BUY,100.02,500,7,False
104973,3.756183,ADD,BUY,99.97,300,8,False
104974,3.756739,ADD,BUY,100.0,500,4,False
104975,3.756915,ADD,BUY,100.0,100,3,False
104976,3.757865,ADD,BUY,100.0,100,4,False
101402,3.758649,EXECUTE,SELL,99.95,200,10,False
102836,3.758826,CANCEL,SELL,100.0,5000,11,True
104977,3.759556,ADD,SELL,100.0,100,2,False
102306,3.760093,EXECUTE,SELL,100.02,200,2,False
104978,3.760281,ADD,SELL,99.99,100,8,False
102186,3.760705,EXECUTE,SELL,99.99,100,4,False
104979,3.761603,ADD,BUY,100.01,100,8,False
104980,3.761975,ADD,SELL,99.99,100,5,False
104981,3.762417,ADD,SELL,99.98,100,4,False
104982,3.763354,ADD,BUY,99.99,15000,11,True
104983,3.764106,ADD,BUY,99.98,100,1,False
104984,3.764856,ADD,BUY,99.98,100,5,False
102408,3.76561,CANCEL,SELL,99.99,5000,11,True
104985,3.766003,ADD,BUY,99.96,200,8,False
104986,3.766284,ADD,SELL,100.01,100,8,False
102241,3.766421,EXECUTE,BUY,100.03,300,8,False
103584,3.767402,EXECUTE,SELL,100.01,200,10,False
104725,3.767531,CANCEL,BUY,100.04,100,7,False
103623,3.768329,CANCEL,BUY,99.98,100,4,False
104987,3.768858,ADD,SELL,100.03,100,8,False
104988,3.769495,ADD,BUY,100.05,200,4,False
104989,3.769902,ADD,BUY,99.95,300,2,False
100620,3.770408,EXECUTE,BUY,100.05,500,4,False
100733,3.770686,EXECUTE,SELL,99.99,1000,6,False
104990,3.771276,ADD,SELL,100.0,15000,11,True
104991,3.771911,ADD,SELL,100.04,200,10,False
103493,3.772044,EXECUTE,SELL,99.97,100,6,False
101571,3.772577,EXECUTE,SELL,99.97,200,5,False
104992,3.77284,ADD,SELL,100.04,200,1,False
104993,3.773137,ADD,BUY,100.04,200,5,False
104177,3.77349,CANCEL,SELL,99.97,100,2,False
104994,3.774152,ADD,BUY,99.98,100,10,False
102903,3.774873,EXECUTE,BUY,100.01,200,3,False
104995,3.775402,ADD,SELL,100.01,20000,11,True
104996,3.776242,ADD,SELL,99.95,100,10,False
104997,3.77709,ADD,BUY,100.05,200,6,False
104998,3.778022,ADD,BUY,100.04,300,8,False
104999,3.778547,ADD,SELL,100.04,100,4,False
103604,3.778974,EXECUTE,BUY,99.96,200,10,False
105000,3.779501,ADD,SELL,99.98,300,7,False
105001,3.780014,ADD,SELL,100.03,500,2,False
105002,3.780363,ADD,SELL,100.01,500,7,False
104935,3.781,EXECUTE,BUY,100.02,300,4,False
105003,3.781786,ADD,BUY,99.99,500,8,False
105004,3.782067,ADD,BUY,100.04,100,6,False
104811,3.782986,CANCEL,SELL,100.0,20000,11,True
105005,3.783733,ADD,SELL,99.98,500,6,False
105006,3.784404,ADD,BUY,99.96,100,1,False
105007,3.784846,ADD,BUY,99.99,1000,4,False
105008,3.785791,ADD,SELL,100.01,500,4,False
105009,3.786019,ADD,BUY,99.97,300,2,False
105010,3.78642,ADD,SELL,100.0,1000,6,False
103025,3.786818,EXECUTE,BUY,100.0,500,5,False
105011,3.787355,ADD,BUY,99.97,100,2,False
104878,3.788283,EXECUTE,SELL,100.01,200,4,False
104518,3.78856,EXECUTE,SELL,99.99,100,5,False
103762,3.789526,EXECUTE,SELL,100.0,100,7,False
105012,3.790194,ADD,BUY,99.97,200,8,False
105013,3.790676,ADD,SELL,100.01,300,4,False
105014,3.791302,ADD,SELL,100.0,15000,11,True
105015,3.79179,ADD,BUY,100.04,300,10,False
101969,3.792116,CANCEL,SELL,100.05,300,8,False
105016,3.793067,ADD,BUY,100.04,500,9,False
105017,3.793917,ADD,BUY,99.96,100,4,False
100882,3.794458,EXECUTE,SELL,99.98,300,8,False
105018,3.795434,ADD,SELL,99.99,15000,11,True
105019,3.795717,ADD,SELL,100.03,200,9,False
105020,3.796487,ADD,SELL,100.01,300,9,False
104009,3.797088,EXECUTE,BUY,100.03,500,6,False
103722,3.797857,EXECUTE,BUY,99.98,100,1,False
102702,3.798234,EXECUTE,SELL,100.02,100,2,False
105021,3.798437,ADD,BUY,99.96,1000,4,False
100206,3.798683,EXECUTE,SELL,99.98,300,9,False
105022,3.799167,ADD,SELL,99.98,200,9,False
105023,3.799977,ADD,SELL,99.97,100,5,False
105024,3.800536,ADD,SELL,99.95,100,6,False
105025,3.800841,ADD,SELL,100.01,200,5,False
105026,3.801761,ADD,BUY,99.99,200,8,False
105027,3.802151,ADD,BUY,100.03,500,7,False
100717,3.802715,EXECUTE,BUY,100.01,200,1,False
105028,3.803164,ADD,SELL,100.01,300,10,False
101427,3.803352,EXECUTE,BUY,99.98,300,8,False
104082,3.804198,EXECUTE,SELL,100.02,100,9,False
105029,3.804986,ADD,BUY,100.04,300,6,False
105030,3.805809,ADD,BUY,99.95,200,10,False
105031,3.806445,ADD,SELL,99.98,100,8,False
103678,3.806672,EXECUTE,BUY,100.0,100,3,False
104173,3.807418,EXECUTE,SELL,100.04,300,9,False
105032,3.807561,ADD,SELL,99.95,200,1,False
102101,3.80823,EXECUTE,SELL,99.98,500,5,False
105033,3.808456,ADD,SELL,100.03,100,1,False
105034,3.808671,ADD,BUY,100.05,100,7,False
101720,3.809431,EXECUTE,SELL,99.99,100,2,False
105035,3.809694,ADD,SELL,100.01,15000,11,True
104744,3.810569,EXECUTE,SELL,100.04,300,2,False
105036,3.810919,ADD,BUY,100.0,300,5,False
100770,3.811684,EXECUTE,BUY,99.99,300,6,False
105037,3.811879,ADD,BUY,100.04,200,3,False
105038,3.812874,ADD,BUY,100.02,200,2,False
105039,3.813661,ADD,BUY,100.01,300,4,False
102744,3.814631,CANCEL,SELL,99.96,100,6,False
105040,3.814781,ADD,SELL,100.02,200,7,False
102835,3.815189,CANCEL,SELL,99.96,1000,3,False
105041,3.815403,ADD,BUY,100.04,200,2,False
103474,3.81563,CANCEL,SELL,99.99,100,6,False
105042,3.816139,ADD,BUY,99.97,200,7,False
105043,3.816267,ADD,SELL,100.03,500,10,False
101102,3.816526,CANCEL,BUY,99.96,1000,2,False
105044,3.817285,ADD,SELL,99.96,100,9,False
105045,3.817992,ADD,SELL,100.0,10000,11,True
101910,3.818148,EXECUTE,SELL,99.99,100,3,False
105046,3.818727,ADD,BUY,100.02,200,5,False
102227,3.819044,EXECUTE,SELL,100.04,100,2,False
105047,3.819602,ADD,BUY,100.03,300,1,False
105048,3.820324,ADD,SELL,99.97,200,7,False
105049,3.821169,ADD,SELL,100.0,100,1,False
104156,3.821398,EXECUTE,BUY,100.0,200,8,False
105050,3.82163,ADD,BUY,100.05,100,10,False
105051,3.821751,ADD,SELL,99.98,1000,1,False
101314,3.822019,EXECUTE,SELL,100.04,500,2,False
105052,3.822195,ADD,BUY,100.05,200,7,False
105053,3.822543,ADD,BUY,100.04,100,10,False
105054,3.823001,ADD,SELL,99.97,500,8,False
105055,3.823996,ADD,SELL,100.03,300,2,False
105056,3.824534,ADD,SELL,100.0,200,2,False
105057,3.825119,ADD,BUY,100.05,100,9,False
105058,3.825879,ADD,SELL,100.02,200,6,False
105059,3.826624,ADD,SELL,100.0,200,7,False
105060,3.827135,ADD,SELL,100.01,200,1,False
105061,3.827833,ADD,SELL,100.05,300,5,False
105062,3.828423,ADD,SELL,99.98,500,7,False
105063,3.829024,ADD,SELL,99.97,500,1,False
105064,3.829545,ADD,BUY,99.98,200,8,False
104612,3.829858,EXECUTE,BUY,99.97,200,2,False
105065,3.830283,ADD,SELL,100.01,200,9,False
104998,3.831165,EXECUTE,BUY,100.04,300,8,False
105066,3.831326,ADD,SELL,100.01,10000,11,True
105067,3.83191,ADD,BUY,100.04,200,5,False
105068,3.832039,ADD,BUY,99.95,100,7,False
105069,3.832899,ADD,SELL,100.0,100,5,False
102450,3.833524,EXECUTE,BUY,100.02,100,7,False
105070,3.833838,ADD,BUY,99.98,100,6,False
103392,3.834757,CANCEL,BUY,99.97,300,5,False
105071,3.834895,ADD,BUY,100.04,200,4,False
105072,3.835116,ADD,SELL,99.99,5000,11,True
105073,3.835503,ADD,BUY,100.03,300,7,False
104272,3.835639,EXECUTE,SELL,100.0,100,2,False
105074,3.836412,ADD,SELL,100.0,10000,11,True
105075,3.837203,ADD,BUY,99.96,200,8,False
105076,3.837888,ADD,BUY,99.99,100,4,False
103970,3.838238,EXECUTE,SELL,99.97,100,2,False
105066,3.838399,CANCEL,SELL,100.01,10000,11,True
105077,3.838626,ADD,SELL,99.96,500,10,False
105078,3.83903,ADD,SELL,100.0,300,7,False
104533,3.839412,EXECUTE,BUY,99.96,100,5,False
102193,3.840126,CANCEL,BUY,99.98,500,10,False
105079,3.840526,ADD,SELL,100.03,200,1,False
105080,3.841517,ADD,SELL,99.97,200,7,False
105081,3.841903,ADD,SELL,99.95,200,9,False
105082,3.842436,ADD,BUY,100.0,200,1,False
105083,3.843074,ADD,SELL,100.02,200,2,False
101488,3.843473,EXECUTE,SELL,99.98,100,8,False
101027,3.8438,EXECUTE,SELL,99.99,100,9,False
102717,3.844682,EXECUTE,BUY,99.98,100,7,False
103742,3.844891,EXECUTE,SELL,100.0,300,7,False
105084,3.845473,ADD,SELL,100.03,100,9,False
105085,3.846313,ADD,BUY,99.95,300,5,False
105086,3.846818,ADD,BUY,100.01,500,8,False
100270,3.847676,EXECUTE,BUY,100.03,100,7,False
105087,3.848502,ADD,SELL,100.01,500,5,False
105088,3.849349,ADD,BUY,99.96,100,7,False
105089,3.850334,ADD,BUY,99.99,500,3,False
105090,3.850693,ADD,BUY,100.04,200,8,False
105091,3.851156,ADD,BUY,100.04,200,3,False
102216,3.851664,EXECUTE,BUY,100.01,100,3,False
102139,3.851857,EXECUTE,SELL,100.02,100,8,False
105092,3.852286,ADD,SELL,100.03,200,1,False
101894,3.853234,CANCEL,BUY,100.0,100,7,False
105093,3.853965,ADD,BUY,100.0,10000,11,True
105094,3.85443,ADD,SELL,100.02,100,1,False
105095,3.854651,ADD,SELL,100.03,100,3,False
104165,3.855591,EXECUTE,SELL,99.96,100,1,False
103583,3.855823,EXECUTE,SELL,100.04,100,6,False
105096,3.856677,ADD,SELL,100.0,200,6,False
101993,3.857405,CANCEL,SELL,100.0,5000,11,True
105097,3.85837,ADD,BUY,99.97,100,9,False
105098,3.85906,ADD,BUY,100.02,100,1,False
105099,3.85984,ADD,SELL,100.05,200,9,False
102718,3.86,CANCEL,SELL,100.0,100,6,False
105100,3.86023,ADD,SELL,100.0,5000,11,True
104144,3.86102,CANCEL,BUY,100.0,15000,11,True
105101,3.861865,ADD,BUY,99.99,100,8,False
103750,3.862803,EXECUTE,SELL,99.97,200,4,False
105102,3.862904,ADD,BUY,99.96,300,6,False
102418,3.863783,EXECUTE,SELL,100.01,500,6,False
105103,3.864236,ADD,SELL,99.95,300,6,False
105104,3.864521,ADD,BUY,99.99,10000,11,True
105105,3.864813,ADD,SELL,100.01,200,6,False
105106,3.865019,ADD,BUY,99.99,100,1,False
103432,3.865737,EXECUTE,BUY,99.96,100,8,False
105107,3.86638,ADD,BUY,100.03,500,1,False
105108,3.867309,ADD,SELL,99.96,100,8,False
105109,3.868253,ADD,SELL,99.98,200,9,False
105019,3.86905,EXECUTE,SELL,100.03,200,9,False
105110,3.86978,ADD,BUY,99.96,300,2,False
105111,3.87004,ADD,SELL,100.01,15000,11,True
105112,3.870891,ADD,SELL,99.95,300,7,False
105113,3.871029,ADD,BUY,99.97,500,7,False
105114,3.871539,ADD,SELL,99.95,200,3,False
105115,3.872418,ADD,SELL,100.01,1000,7,False
104452,3.872841,EXECUTE,SELL,100.05,300,4,False
105116,3.873164,ADD,SELL,99.99,300,10,False
104374,3.87406,EXECUTE,BUY,99.98,200,10,False
104418,3.874997,EXECUTE,BUY,99.99,500,3,False
105117,3.875351,ADD,SELL,100.01,300,1,False
103818,3.875757,EXECUTE,BUY,99.98,100,1,False
103815,3.876304,CANCEL,BUY,100.0,10000,11,True
102768,3.876973,CANCEL,SELL,100.03,200,10,False
105118,3.877912,ADD,SELL,99.95,100,1,False
105119,3.878103,ADD,BUY,99.95,100,9,False
105120,3.878698,ADD,BUY,99.96,300,6,False
105121,3.87913,ADD,BUY,99.97,200,5,False
105122,3.880033,ADD,SELL,99.97,200,6,False
103626,3.880191,CANCEL,BUY,100.0,500,1,False
105123,3.880413,ADD,SELL,100.0,100,8,False
105124,3.881272,ADD,SELL,99.98,300,5,False
103043,3.881684,EXECUTE,BUY,99.97,200,4,False
105125,3.88241,ADD,BUY,99.95,200,5,False
105126,3.882841,ADD,BUY,99.96,100,10,False
100404,3.883433,EXECUTE,SELL,99.98,300,5,False
105127,3.883551,ADD,BUY,100.03,300,10,False
105128,3.884054,ADD,SELL,99.99,100,1,False
105129,3.884819,ADD,SELL,100.05,100,4,False
105130,3.885508,ADD,SELL,99.97,100,7,False
105131,3.886104,ADD,SELL,100.03,200,10,False
105132,3.886279,ADD,BUY,99.96,200,7,False
104205,3.886507,CANCEL,BUY,100.0,100,1,False
100923,3.88721,EXECUTE,SELL,100.0,200,2,False
105133,3.887406,ADD,SELL,100.02,200,9,False
104246,3.888028,CANCEL,SELL,99.98,200,5,False
105134,3.888839,ADD,BUY,100.0,200,9,False
105135,3.889788,ADD,SELL,100.04,100,2,False
105136,3.890086,ADD,BUY,100.01,500,6,False
105137,3.890382,ADD,SELL,99.98,1000,10,False
105138,3.890913,ADD,BUY,100.0,10000,11,True
105139,3.891424,ADD,SELL,99.96,100,5,False
104816,3.891672,EXECUTE,BUY,99.99,100,2,False
100425,3.892165,CANCEL,BUY,99.96,100,1,False
105140,3.892855,ADD,SELL,99.97,100,1,False
105141,3.893415,ADD,SELL,100.03,100,8,False
105142,3.894317,ADD,SELL,100.03,500,1,False
103751,3.894599,EXECUTE,SELL,99.99,200,1,False
100927,3.895172,CANCEL,SELL,100.03,100,2,False
104943,3.895662,EXECUTE,BUY,99.96,100,1,False
103537,3.896088,CANCEL,SELL,100.01,20000,11,True
105143,3.896255,ADD,SELL,100.0,200,10,False
105144,3.89692,ADD,SELL,99.99,200,3,False
105145,3.897127,ADD,BUY,100.01,10000,11,True
103660,3.89743,EXECUTE,SELL,99.96,300,1,False
105146,3.897642,ADD,SELL,100.03,100,8,False
105147,3.898184,ADD,SELL,99.99,200,5,False
101829,3.898768,EXECUTE,BUY,99.96,200,10,False
105148,3.899471,ADD,SELL,100.01,100,2,False
105149,3.900403,ADD,BUY,100.02,100,9,False
105150,3.900991,ADD,SELL,100.04,100,3,False
105151,3.901104,ADD,BUY,100.01,200,8,False
105152,3.901276,ADD,SELL,99.99,100,4,False
105153,3.901535,ADD,SELL,99.97,300,3,False
105154,3.902498,ADD,SELL,99.99,100,9,False
100617,3.903265,EXECUTE,SELL,100.02,100,5,False
105155,3.903704,ADD,SELL,99.97,1000,2,False
105156,3.904253,ADD,SELL,99.96,100,4,False
105157,3.904655,ADD,BUY,100.02,100,6,False
105158,3.904887,ADD,BUY,100.04,100,5,False
105159,3.905626,ADD,BUY,99.97,100,6,False
105160,3.905963,ADD,BUY,99.97,200,6,False
105161,3.906288,ADD,BUY,100.03,1000,2,False
105162,3.906903,ADD,BUY,100.02,100,1,False
105163,3.907182,ADD,SELL,99.99,10000,11,True
105164,3.907477,ADD,SELL,99.96,100,10,False
105165,3.908084,ADD,BUY,100.0,100,1,False
105166,3.908955,ADD,BUY,99.99,10000,11,True
105167,3.909226,ADD,SELL,99.99,100,6,False
102789,3.909488,EXECUTE,BUY,100.01,100,8,False
105168,3.909792,ADD,BUY,100.04,100,10,False
105169,3.91055,ADD,SELL,99.96,100,5,False
105170,3.910973,ADD,SELL,99.97,300,4,False
105171,3.911732,ADD,BUY,99.99,100,3,False
104137,3.912264,EXECUTE,BUY,99.96,200,1,False
105172,3.912474,ADD,BUY,100.0,300,1,False
105173,3.913052,ADD,SELL,99.96,100,2,False
103746,3.913249,CANCEL,BUY,100.03,200,9,False
102890,3.914188,EXECUTE,SELL,100.03,100,6,False
105118,3.9147,EXECUTE,SELL,99.95,100,1,False
105174,3.915354,ADD,SELL,99.99,100,4,False
105175,3.916254,ADD,BUY,99.98,100,6,False
105176,3.917229,ADD,BUY,99.99,100,8,False
105177,3.917852,ADD,SELL,99.98,100,6,False
105178,3.918334,ADD,SELL,99.95,100,6,False
105179,3.918997,ADD,SELL,100.02,100,4,False
103668,3.919423,EXECUTE,BUY,99.99,200,9,False
105180,3.920019,ADD,SELL,100.02,300,5,False
105181,3.920284,ADD,SELL,100.0,200,4,False
105182,3.920591,ADD,BUY,100.02,100,5,False
105183,3.921317,ADD,BUY,100.01,200,1,False
105184,3.921551,ADD,BUY,100.05,200,2,False
105185,3.922067,ADD,SELL,100.03,500,10,False
105186,3.922182,ADD,BUY,100.01,200,5,False
105187,3.922434,ADD,BUY,100.04,300,4,False
103497,3.922986,CANCEL,SELL,100.01,100,10,False
105188,3.923883,ADD,BUY,99.99,300,6,False
105189,3.924177,ADD,SELL,100.01,5000,11,True
105190,3.925032,ADD,BUY,99.99,300,8,False
105191,3.925263,ADD,BUY,100.04,1000,2,False
104117,3.925967,EXECUTE,SELL,99.97,1000,1,False
105192,3.926854,ADD,SELL,100.0,5000,11,True
105193,3.927815,ADD,BUY,100.01,5000,11,True
105194,3.928353,ADD,BUY,100.02,200,3,False
105195,3.928529,ADD,SELL,100.04,300,8,False
105196,3.92873,ADD,SELL,99.96,1000,7,False
105197,3.92947,ADD,BUY,100.04,100,3,False
103239,3.929855,EXECUTE,SELL,100.0,100,8,False
105198,3.930381,ADD,SELL,99.99,200,5,False
105199,3.930934,ADD,BUY,100.01,10000,11,True
105200,3.931177,ADD,SELL,99.96,200,3,False
105201,3.931949,ADD,SELL,99.98,200,8,False
105202,3.932164,ADD,BUY,100.02,300,1,False
105203,3.932728,ADD,BUY,99.99,5000,11,True
103228,3.932997,EXECUTE,SELL,99.97,300,3,False
105204,3.933745,ADD,BUY,99.97,100,3,False
104182,3.934275,EXECUTE,BUY,99.99,100,9,False
102741,3.934762,EXECUTE,SELL,100.01,100,4,False
105205,3.935162,ADD,SELL,99.99,200,3,False
105206,3.935895,ADD,BUY,99.96,200,1,False
101943,3.93614,EXECUTE,BUY,99.97,300,3,False
105207,3.936478,ADD,SELL,100.01,100,1,False
105208,3.937112,ADD,SELL,99.98,300,5,False
105209,3.93792,ADD,BUY,99.98,300,5,False
104625,3.93838,CANCEL,SELL,100.04,300,3,False
105210,3.938572,ADD,SELL,100.03,100,7,False
105072,3.938985,CANCEL,SELL,99.99,5000,11,True
105211,3.939654,ADD,BUY,100.0,1000,6,False
105212,3.939926,ADD,BUY,100.0,100,4,False
105213,3.940163,ADD,SELL,100.05,500,5,False
105214,3.940718,ADD,BUY,99.99,200,3,False
105215,3.940877,ADD,BUY,99.98,100,7,False
105216,3.941243,ADD,BUY,99.97,300,10,False
105217,3.942011,ADD,BUY,100.01,1000,9,False
105218,3.942425,ADD,BUY,100.0,10000,11,True
104338,3.943073,EXECUTE,BUY,99.98,300,3,False
105219,3.943977,ADD,BUY,99.98,500,9,False
105220,3.944932,ADD,BUY,99.98,200,8,False
102692,3.94577,EXECUTE,SELL,99.98,500,1,False
105221,3.945991,ADD,SELL,100.03,500,8,False
102141,3.946756,EXECUTE,BUY,99.97,100,9,False
105222,3.947569,ADD,BUY,99.97,200,5,False
105223,3.948012,ADD,BUY,100.01,200,9,False
105167,3.948798,CANCEL,SELL,99.99,100,6,False
105224,3.949428,ADD,SELL,100.04,100,10,False
105225,3.950183,ADD,BUY,100.04,100,4,False
105226,3.950928,ADD,BUY,100.0,300,2,False
105227,3.95157,ADD,BUY,99.99,200,9,False
105228,3.952343,ADD,BUY,99.98,300,5,False
100024,3.952497,EXECUTE,BUY,99.97,200,4,False
105229,3.952875,ADD,SELL,100.02,100,4,False
105230,3.953619,ADD,SELL,100.03,300,7,False
105231,3.953997,ADD,SELL,99.98,100,8,False
105232,3.954253,ADD,BUY,99.96,100,3,False
105233,3.954712,ADD,SELL,100.0,15000,11,True
105234,3.955039,ADD,SELL,100.04,200,7,False
105235,3.955635,ADD,SELL,99.99,10000,11,True
105236,3.956158,ADD,BUY,100.04,200,3,False
105237,3.956414,ADD,SELL,99.96,100,5,False
105238,3.956797,ADD,SELL,100.03,300,7,False
105239,3.957455,ADD,BUY,100.04,200,2,False
105240,3.957808,ADD,SELL,99.97,500,7,False
103218,3.958518,EXECUTE,SELL,100.04,100,9,False
105241,3.959019,ADD,SELL,100.0,20000,11,True
104723,3.959183,EXECUTE,SELL,100.04,100,6,False
103358,3.959834,EXECUTE,BUY,100.01,15000,11,True
105136,3.960052,EXECUTE,BUY,100.01,500,6,False
101477,3.960385,CANCEL,SELL,99.98,200,3,False
102514,3.961354,CANCEL,SELL,99.96,100,4,False
105242,3.961558,ADD,SELL,99.96,100,6,False
105243,3.962351,ADD,SELL,99.97,300,8,False
105244,3.963113,ADD,SELL,99.96,100,10,False
105245,3.963431,ADD,SELL,99.96,100,6,False
105246,3.964152,ADD,BUY,99.99,100,4,False
102665,3.964758,EXECUTE,BUY,100.0,1000,7,False
100729,3.965097,EXECUTE,BUY,100.02,500,9,False
104063,3.965782,EXECUTE,SELL,99.99,100,5,False
105247,3.966113,ADD,SELL,100.04,100,6,False
104013,3.96655,EXECUTE,SELL,99.96,200,5,False
105248,3.9672,ADD,SELL,99.98,1000,9,False
105249,3.967684,ADD,SELL,100.01,15000,11,True
105250,3.968594,ADD,BUY,100.05,500,10,False
101833,3.969533,EXECUTE,SELL,99.96,300,6,False
105251,3.969685,ADD,SELL,99.96,1000,5,False
103275,3.970573,EXECUTE,BUY,99.98,200,8,False
105252,3.970841,ADD,SELL,100.04,200,5,False
102308,3.971035,CANCEL,SELL,100.04,100,3,False
102289,3.971224,CANCEL,BUY,100.04,300,10,False
105253,3.971549,ADD,BUY,99.96,100,2,False
105254,3.972352,ADD,SELL,99.99,300,10,False
105255,3.973186,ADD,SELL,99.99,300,2,False
105037,3.973533,EXECUTE,BUY,100.04,200,3,False
105256,3.974041,ADD,SELL,100.0,200,6,False
105257,3.974742,ADD,SELL,100.0,200,10,False
105258,3.975116,ADD,BUY,99.97,100,5,False
105259,3.976085,ADD,SELL,100.0,300,8,False
105260,3.976812,ADD,SELL,99.98,300,5,False
105261,3.977003,ADD,SELL,99.97,200,1,False
104617,3.977471,EXECUTE,SELL,100.03,1000,4,False
103784,3.978379,EXECUTE,SELL,100.04,500,9,False
105262,3.979284,ADD,SELL,100.01,200,8,False
105263,3.979476,ADD,SELL,100.01,200,10,False
105264,3.980333,ADD,SELL,99.96,100,7,False
105265,3.980504,ADD,BUY,99.97,100,8,False
105266,3.981386,ADD,BUY,99.97,300,9,False
105267,3.981618,ADD,BUY,100.03,100,7,False
105268,3.982539,ADD,SELL,99.95,100,7,False
105269,3.983516,ADD,SELL,99.96,500,5,False
104768,3.984026,EXECUTE,SELL,100.02,200,8,False
102380,3.984302,EXECUTE,SELL,99.99,200,4,False
102045,3.984404,CANCEL,BUY,100.04,300,10,False
105270,3.985175,ADD,BUY,100.04,1000,2,False
105271,3.986012,ADD,SELL,99.98,100,3,False
105272,3.986551,ADD,BUY,99.97,100,6,False
105273,3.98701,ADD,BUY,99.98,200,10,False
103330,3.987961,EXECUTE,SELL,99.97,200,6,False
105274,3.988945,ADD,BUY,99.96,100,5,False
105275,3.989086,ADD,SELL,99.97,300,9,False
104167,3.989964,EXECUTE,BUY,100.04,200,5,False
105276,3.990797,ADD,SELL,100.01,200,10,False
105277,3.991492,ADD,SELL,99.97,300,7,False
105278,3.992312,ADD,BUY,100.01,100,3,False
105279,3.993175,ADD,BUY,99.98,100,2,False
105280,3.993807,ADD,SELL,99.97,100,2,False
105281,3.994211,ADD,BUY,100.0,200,10,False
105126,3.994607,EXECUTE,BUY,99.96,100,10,False
105282,3.994977,ADD,SELL,99.97,100,5,False
102719,3.995485,CANCEL,SELL,100.01,10000,11,True
105283,3.996153,ADD,BUY,100.01,200,3,False
100677,3.996426,CANCEL,SELL,100.0,500,6,False
105284,3.997404,ADD,BUY,100.02,200,1,False
101292,3.998188,EXECUTE,SELL,100.01,200,2,False
105285,3.998381,ADD,SELL,99.99,500,1,False
105286,3.998893,ADD,SELL,100.03,200,3,False
105287,3.999261,ADD,SELL,100.02,300,4,False
105182,3.999436,EXECUTE,BUY,100.02,100,5,False
105288,3.99964,ADD,BUY,100.02,500,3,False
105289,4.000521,ADD,BUY,100.0,5000,11,True
105290,4.001373,ADD,SELL,100.0,1000,9,False
105291,4.001691,ADD,SELL,99.98,1000,4,False
105292,4.002533,ADD,BUY,99.96,200,9,False
105293,4.003172,ADD,BUY,100.05,300,9,False
105294,4.003726,ADD,SELL,100.02,200,10,False
105025,4.004409,EXECUTE,SELL,100.01,200,5,False
105295,4.005136,ADD,SELL,100.01,100,4,False
105296,4.005265,ADD,SELL,100.01,100,8,False
103416,4.006059,CANCEL,SELL,100.05,100,9,False
105297,4.00693,ADD,SELL,100.0,200,9,False
105298,4.007157,ADD,SELL,100.02,200,7,False
105299,4.007491,ADD,BUY,99.96,300,6,False
105300,4.007868,ADD,SELL,100.0,10000,11,True
105301,4.008218,ADD,SELL,100.0,100,5,False
105302,4.008994,ADD,BUY,99.95,100,6,False
105303,4.009391,ADD,BUY,100.03,100,2,False
105304,4.010064,ADD,BUY,100.01,100,3,False
105305,4.01066,ADD,BUY,99.96,1000,4,False
105306,4.010991,ADD,SELL,100.02,1000,8,False
105307,4.011558,ADD,SELL,100.03,500,2,False
102556,4.012523,EXECUTE,BUY,99.96,500,4,False
105308,4.012798,ADD,SELL,100.03,1000,10,False
105309,4.012964,ADD,BUY,100.02,200,2,False
105310,4.013219,ADD,BUY,99.96,300,9,False
105311,4.013349,ADD,SELL,99.96,100,1,False
105312,4.014338,ADD,SELL,100.05,100,9,False
105313,4.01488,ADD,BUY,99.99,100,10,False
104369,4.015193,CANCEL,SELL,99.96,200,1,False
105314,4.015908,ADD,SELL,100.04,100,7,False
105315,4.016387,ADD,SELL,99.98,200,6,False
105316,4.017029,ADD,SELL,99.99,200,6,False
105317,4.017682,ADD,BUY,100.05,100,10,False
105318,4.018607,ADD,BUY,100.01,300,8,False
105319,4.01902,ADD,SELL,100.02,200,9,False
105320,4.019625,ADD,BUY,100.0,300,7,False
105321,4.020222,ADD,SELL,99.98,100,2,False
105322,4.020575,ADD,SELL,100.0,200,7,False
105323,4.02072,ADD,BUY,100.02,300,10,False
103791,4.020876,EXECUTE,SELL,100.04,1000,5,False
105324,4.021741,ADD,BUY,100.0,20000,11,True
101370,4.022321,EXECUTE,SELL,99.99,100,5,False
103811,4.022876,EXECUTE,SELL,100.02,200,5,False
105325,4.023106,ADD,SELL,99.96,100,2,False
104183,4.024064,CANCEL,BUY,100.05,200,10,False
105326,4.024178,ADD,SELL,100.0,15000,11,True
105327,4.024306,ADD,BUY,100.04,200,6,False
105328,4.025239,ADD,BUY,100.01,15000,11,True
103569,4.026234,EXECUTE,BUY,99.99,200,1,False
105329,4.026838,ADD,BUY,99.97,300,10,False
105330,4.02755,ADD,BUY,99.97,300,1,False
105331,4.028448,ADD,BUY,99.95,300,1,False
103251,4.028698,EXECUTE,SELL,100.0,100,4,False
105332,4.029496,ADD,SELL,100.03,1000,4,False
102384,4.029914,EXECUTE,BUY,100.04,500,6,False
105333,4.030142,ADD,BUY,99.98,100,6,False
105334,4.030719,ADD,BUY,100.04,100,4,False
105335,4.031249,ADD,BUY,100.03,300,10,False
105336,4.032207,ADD,BUY,99.96,300,6,False
105337,4.032594,ADD,SELL,99.98,500,10,False
104563,4.03339,EXECUTE,BUY,100.02,500,5,False
105338,4.033843,ADD,BUY,99.97,100,4,False
104247,4.034427,EXECUTE,BUY,100.03,300,6,False
103498,4.035196,CANCEL,BUY,99.98,100,1,False
104858,4.035347,CANCEL,BUY,100.0,100,8,False
105339,4.036076,ADD,SELL,100.02,100,9,False
105340,4.036885,ADD,SELL,99.99,200,5,False
105341,4.037155,ADD,BUY,100.0,300,10,False
105342,4.037562,ADD,BUY,99.96,100,10,False
105343,4.037843,ADD,BUY,100.04,100,6,False
105344,4.038253,ADD,BUY,100.0,10000,11,True
105345,4.038936,ADD,BUY,99.98,200,1,False
105346,4.039632,ADD,SELL,99.96,200,7,False
105347,4.039878,ADD,SELL,99.96,100,7,False
105348,4.040727,ADD,BUY,99.99,15000,11,True
105349,4.041136,ADD,BUY,99.98,200,2,False
105350,4.041688,ADD,BUY,99.99,300,2,False
102133,4.042407,EXECUTE,BUY,99.98,300,4,False
105351,4.043165,ADD,SELL,99.95,100,5,False
105352,4.044068,ADD,BUY,99.99,100,5,False
105353,4.04468,ADD,SELL,99.99,300,6,False
102070,4.04529,EXECUTE,SELL,99.97,100,1,False
105354,4.045936,ADD,SELL,100.0,300,9,False
102492,4.046152,EXECUTE,SELL,100.0,200,9,False
103286,4.04714,EXECUTE,BUY,100.05,100,4,False
105355,4.047814,ADD,SELL,100.0,300,4,False
105356,4.047916,ADD,BUY,100.01,300,3,False
105357,4.04884,ADD,BUY,99.99,200,6,False
103662,4.049603,CANCEL,BUY,99.99,15000,11,True
105358,4.049818,ADD,SELL,99.99,300,1,False
105359,4.049995,ADD,BUY,100.0,100,1,False
105360,4.050516,ADD,SELL,100.01,20000,11,True
105361,4.050807,ADD,BUY,99.98,100,1,False
105362,4.051232,ADD,SELL,100.03,300,4,False
104030,4.052066,CANCEL,BUY,100.0,20000,11,True
105047,4.052645,EXECUTE,BUY,100.03,300,1,False
105363,4.053467,ADD,SELL,99.96,200,2,False
105364,4.054081,ADD,SELL,100.05,200,6,False
105365,4.054407,ADD,SELL,100.05,100,3,False
105366,4.054512,ADD,BUY,99.96,100,10,False
105367,4.055118,ADD,SELL,99.95,300,10,False
105368,4.055386,ADD,SELL,100.0,300,9,False
102951,4.055655,EXECUTE,BUY,99.96,200,7,False
105369,4.056043,ADD,BUY,100.0,200,9,False
105370,4.056314,ADD,SELL,100.03,1000,9,False
105371,4.056786,ADD,BUY,99.97,100,7,False
105372,4.056932,ADD,BUY,100.03,300,8,False
105373,4.057583,ADD,BUY,99.97,300,1,False
105374,4.058472,ADD,SELL,100.05,100,6,False
105375,4.059118,ADD,BUY,100.03,200,2,False
105376,4.059423,ADD,BUY,100.01,100,2,False
105377,4.059986,ADD,SELL,100.03,500,1,False
105378,4.060329,ADD,SELL,99.98,200,8,False
101726,4.061118,EXECUTE,SELL,99.98,200,4,False
105379,4.06131,ADD,SELL,100.02,100,7,False
105380,4.061789,ADD,SELL,99.96,500,7,False
105381,4.062435,ADD,SELL,99.99,200,1,False
105382,4.062818,ADD,SELL,100.0,500,8,False
105383,4.063476,ADD,SELL,99.97,300,5,False
105384,4.064265,ADD,SELL,100.01,200,7,False
103567,4.064676,CANCEL,BUY,100.02,100,5,False
105385,4.065211,ADD,SELL,99.99,300,5,False
105386,4.065449,ADD,SELL,100.0,200,3,False
105387,4.06641,ADD,BUY,100.0,300,2,False
105388,4.066819,ADD,SELL,100.03,300,5,False
105389,4.067488,ADD,BUY,100.04,300,4,False
105390,4.067709,ADD,SELL,99.99,100,1,False
105391,4.068594,ADD,SELL,100.04,100,10,False
105392,4.068738,ADD,SELL,100.02,100,8,False
105393,4.068928,ADD,SELL,100.03,300,9,False
105394,4.069918,ADD,BUY,100.04,1000,10,False
105395,4.070632,ADD,SELL,100.01,200,10,False
105396,4.071302,ADD,SELL,100.04,300,1,False
105397,4.072254,ADD,SELL,100.05,200,7,False
100100,4.07283,EXECUTE,BUY,100.03,100,1,False
105398,4.073471,ADD,BUY,99.99,100,6,False
105399,4.074441,ADD,SELL,100.02,200,8,False
103987,4.074872,CANCEL,SELL,100.04,100,2,False
105400,4.075744,ADD,SELL,99.98,1000,4,False
104444,4.076742,CANCEL,SELL,100.0,5000,11,True
105401,4.077081,ADD,BUY,99.99,300,1,False
105402,4.077347,ADD,SELL,100.0,15000,11,True
105403,4.077467,ADD,BUY,100.01,15000,11,True
105404,4.077997,ADD,BUY,99.96,300,7,False
104474,4.078238,EXECUTE,BUY,99.98,100,7,False
104011,4.078971,EXECUTE,SELL,99.98,1000,6,False
105405,4.079155,ADD,SELL,99.97,100,6,False
105406,4.079453,ADD,BUY,100.02,100,2,False
105407,4.080388,ADD,SELL,100.01,500,2,False
105408,4.080782,ADD,SELL,100.02,200,2,False
105409,4.081284,ADD,BUY,99.96,300,10,False
103214,4.081629,EXECUTE,BUY,99.96,200,6,False
105410,4.082579,ADD,BUY,99.98,200,6,False
105411,4.082724,ADD,SELL,99.99,100,7,False
105412,4.083685,ADD,SELL,99.99,300,10,False
105413,4.08446,ADD,BUY,100.01,20000,11,True
105414,4.085247,ADD,BUY,99.96,100,10,False
104018,4.08617,EXECUTE,BUY,99.97,500,8,False
105415,4.086814,ADD,BUY,99.99,500,1,False
105416,4.08717,ADD,SELL,99.96,200,4,False
105417,4.087613,ADD,BUY,100.05,500,1,False
105418,4.088432,ADD,SELL,100.0,10000,11,True
105419,4.089071,ADD,SELL,100.0,100,6,False
105420,4.089739,ADD,BUY,99.98,100,5,False
105421,4.090618,ADD,SELL,99.97,300,3,False
101554,4.091054,EXECUTE,SELL,99.98,200,4,False
105422,4.091563,ADD,SELL,99.99,100,7,False
105423,4.092422,ADD,SELL,100.01,200,4,False
105424,4.093002,ADD,BUY,99.97,100,8,False
105425,4.093957,ADD,BUY,99.95,200,10,False
105426,4.094437,ADD,SELL,99.96,1000,10,False
105427,4.094698,ADD,BUY,100.01,15000,11,True
105428,4.095081,ADD,BUY,100.0,200,2,False
103002,4.09576,EXECUTE,BUY,100.01,300,2,False
102367,4.096699,CANCEL,SELL,99.96,200,5,False
105429,4.097284,ADD,BUY,99.96,100,4,False
103041,4.097757,EXECUTE,SELL,100.05,200,6,False
100507,4.098359,EXECUTE,BUY,99.96,100,10,False
101484,4.098623,EXECUTE,BUY,100.02,500,8,False
104746,4.099366,EXECUTE,SELL,99.96,500,6,False
105430,4.099836,ADD,SELL,100.03,200,7,False
105431,4.100406,ADD,SELL,100.0,100,7,False
105432,4.100832,ADD,BUY,100.04,100,1,False
105433,4.101196,ADD,SELL,100.02,300,1,False
105434,4.101834,ADD,SELL,99.99,100,6,False
102300,4.102664,EXECUTE,BUY,100.02,300,10,False
105435,4.103153,ADD,SELL,99.96,200,3,False
104873,4.103848,EXECUTE,SELL,99.97,100,9,False
105436,4.104003,ADD,SELL,100.01,15000,11,True
105437,4.104995,ADD,BUY,99.98,500,7,False
103598,4.105271,CANCEL,SELL,99.96,200,4,False
102085,4.105854,EXECUTE,SELL,99.95,200,2,False
105438,4.106197,ADD,SELL,99.96,100,9,False
105439,4.106943,ADD,BUY,100.03,100,3,False
105440,4.107399,ADD,SELL,99.98,200,1,False
105132,4.10798,EXECUTE,BUY,99.96,200,7,False
105441,4.108506,ADD,SELL,100.05,1000,9,False
105442,4.109133,ADD,SELL,100.03,300,7,False
105443,4.109353,ADD,BUY,99.96,100,10,False
105444,4.110016,ADD,BUY,100.0,20000,11,True
105208,4.110748,EXECUTE,SELL,99.98,300,5,False
104264,4.110886,EXECUTE,BUY,100.01,1000,7,False
105445,4.111331,ADD,SELL,99.98,100,1,False
105446,4.11233,ADD,BUY,99.96,100,3,False
105447,4.112494,ADD,SELL,99.98,300,8,False
105448,4.113115,ADD,SELL,100.04,300,10,False
104145,4.113564,CANCEL,BUY,100.0,15000,11,True
105449,4.114228,ADD,SELL,100.02,200,7,False
105450,4.115208,ADD,SELL,100.03,300,1,False
102955,4.115899,CANCEL,SELL,100.01,10000,11,True
105451,4.116421,ADD,BUY,100.0,200,9,False
105452,4.117081,ADD,BUY,100.01,500,8,False
101015,4.118037,EXECUTE,SELL,100.01,200,7,False
105453,4.118607,ADD,SELL,100.0,5000,11,True
102441,4.119273,CANCEL,SELL,100.0,300,5,False
105454,4.120154,ADD,BUY,99.98,200,8,False
100904,4.120282,EXECUTE,BUY,100.02,200,7,False
105455,4.120838,ADD,SELL,100.02,300,8,False
105456,4.121233,ADD,BUY,100.0,200,1,False
101003,4.121594,EXECUTE,BUY,99.99,300,3,False
105457,4.121915,ADD,SELL,99.95,300,8,False
105458,4.12263,ADD,BUY,99.97,300,8,False
105459,4.123416,ADD,SELL,99.97,200,2,False
105460,4.124237,ADD,BUY,100.04,100,10,False
105117,4.125073,EXECUTE,SELL,100.01,300,1,False
105461,4.125912,ADD,SELL,100.01,100,6,False
103900,4.126597,EXECUTE,BUY,100.04,100,5,False
105462,4.127317,ADD,BUY,99.97,100,10,False
105463,4.128142,ADD,BUY,99.98,100,6,False
105464,4.129075,ADD,BUY,100.05,100,6,False
105465,4.129577,ADD,SELL,99.98,200,5,False
105466,4.130299,ADD,SELL,99.99,300,5,False
105467,4.1312,ADD,SELL,100.05,1000,7,False
105468,4.131313,ADD,BUY,100.05,500,10,False
105469,4.131713,ADD,SELL,99.95,100,5,False
105470,4.132481,ADD,SELL,100.04,200,4,False
105471,4.13316,ADD,BUY,99.99,100,1,False
105472,4.133265,ADD,BUY,100.04,300,2,False
105473,4.134233,ADD,BUY,99.99,200,10,False
105474,4.134659,ADD,SELL,99.98,300,9,False
102371,4.134983,EXECUTE,BUY,100.0,100,4,False
100714,4.13598,EXECUTE,SELL,100.01,100,6,False
105475,4.136517,ADD,SELL,99.99,200,5,False
105476,4.137157,ADD,BUY,100.01,200,6,False
105477,4.138083,ADD,SELL,100.0,100,6,False
101442,4.13828,EXECUTE,BUY,100.02,100,1,False
105478,4.138626,ADD,BUY,99.96,1000,5,False
105479,4.139009,ADD,SELL,100.0,5000,11,True
105480,4.139272,ADD,BUY,99.99,200,7,False
105481,4.140245,ADD,BUY,99.97,300,9,False
101073,4.141015,EXECUTE,BUY,99.96,500,10,False
105482,4.141536,ADD,BUY,99.97,300,8,False
105483,4.142471,ADD,SELL,100.01,200,1,False
105484,4.142807,ADD,SELL,100.0,10000,11,True
105485,4.143597,ADD,BUY,100.02,500,10,False
105486,4.143848,ADD,BUY,99.96,200,8,False
105487,4.144224,ADD,BUY,100.0,200,3,False
105488,4.14454,ADD,SELL,99.97,100,10,False
105489,4.145295,ADD,BUY,99.97,200,6,False
105490,4.145942,ADD,BUY,100.01,200,4,False
105491,4.146386,ADD,BUY,99.99,200,7,False
105492,4.147119,ADD,BUY,100.05,300,5,False
105493,4.147486,ADD,BUY,100.03,300,7,False
105494,4.148203,ADD,BUY,100.02,100,6,False
103456,4.148438,EXECUTE,SELL,99.98,500,1,False
105495,4.149196,ADD,BUY,99.99,300,5,False
105496,4.149468,ADD,BUY,100.03,1000,5,False
105497,4.150068,ADD,SELL,99.95,100,10,False
105498,4.150475,ADD,SELL,100.05,200,4,False
105499,4.151093,ADD,SELL,100.05,300,8,False
105500,4.151364,ADD,BUY,100.0,200,6,False
105501,4.151943,ADD,BUY,99.98,100,3,False
105502,4.152811,ADD,BUY,99.99,15000,11,True
105503,4.153536,ADD,BUY,100.0,10000,11,True
105504,4.15374,ADD,SELL,100.0,300,10,False
105505,4.154014,ADD,SELL,100.0,100,8,False
103486,4.154259,EXECUTE,SELL,100.05,300,2,False
103459,4.155136,EXECUTE,SELL,100.0,100,3,False
105506,4.155615,ADD,BUY,99.96,200,3,False
105507,4.15592,ADD,BUY,99.97,300,6,False
105508,4.156243,ADD,SELL,99.98,100,9,False
105509,4.156891,ADD,SELL,100.01,5000,11,True
105510,4.157156,ADD,BUY,99.96,200,5,False
105511,4.157758,ADD,BUY,100.01,10000,11,True
105512,4.157866,ADD,SELL,99.99,200,4,False
105513,4.158736,ADD,SELL,100.03,200,2,False
105514,4.159418,ADD,BUY,100.04,300,9,False
105515,4.159778,ADD,SELL,99.99,100,7,False
105516,4.160703,ADD,SELL,100.03,100,5,False
104104,4.160908,EXECUTE,SELL,100.01,300,6,False
105517,4.16112,ADD,SELL,99.98,300,6,False
104070,4.161625,EXECUTE,SELL,99.96,200,4,False
105518,4.161933,ADD,SELL,99.98,200,5,False
105519,4.162744,ADD,BUY,99.98,1000,8,False
105520,4.163549,ADD,BUY,100.04,100,8,False
105521,4.163886,ADD,SELL,99.99,300,8,False
105522,4.164503,ADD,SELL,99.98,100,5,False
105523,4.165495,ADD,SELL,100.03,1000,4,False
105524,4.166065,ADD,BUY,99.99,100,8,False
105302,4.166584,EXECUTE,BUY,99.95,100,6,False
105525,4.167284,ADD,SELL,100.01,100,7,False
105526,4.168175,ADD,SELL,99.99,100,6,False
102519,4.16866,EXECUTE,BUY,100.04,200,8,False
102900,4.16917,EXECUTE,SELL,99.95,100,5,False
104123,4.169404,EXECUTE,BUY,99.98,100,4,False
105527,4.169908,ADD,SELL,100.01,300,2,False
101578,4.170772,EXECUTE,BUY,99.98,100,7,False
101564,4.171684,EXECUTE,BUY,100.02,200,7,False
105528,4.172657,ADD,SELL,99.95,100,4,False
105529,4.172883,ADD,BUY,99.97,100,8,False
105530,4.173072,ADD,SELL,100.0,500,8,False
105531,4.173841,ADD,BUY,100.01,200,5,False
105532,4.174615,ADD,BUY,100.02,100,10,False
102343,4.17511,EXECUTE,SELL,100.01,200,9,False
105533,4.176074,ADD,BUY,99.99,500,2,False
104097,4.176642,EXECUTE,SELL,100.02,200,7,False
105534,4.177159,ADD,SELL,99.95,100,8,False
105535,4.177534,ADD,SELL,99.98,200,2,False
105536,4.177751,ADD,SELL,99.99,300,3,False
105537,4.178246,ADD,SELL,100.0,100,10,False
105538,4.178994,ADD,SELL,100.04,1000,3,False
105539,4.179413,ADD,BUY,99.97,300,8,False
100519,4.180402,CANCEL,BUY,100.03,200,1,False
105540,4.18069,ADD,SELL,100.02,300,8,False
105541,4.180837,ADD,SELL,100.03,100,9,False
105542,4.181007,ADD,SELL,100.02,500,9,False
103101,4.181915,CANCEL,SELL,99.97,300,10,False
105543,4.182348,ADD,SELL,99.95,300,10,False
105294,4.182793,CANCEL,SELL,100.02,200,10,False
105544,4.183294,ADD,BUY,100.05,100,10,False
105545,4.183882,ADD,SELL,99.96,200,10,False
103150,4.184335,EXECUTE,BUY,99.97,200,10,False
105546,4.184599,ADD,SELL,100.03,100,3,False
105547,4.185484,ADD,SELL,100.02,300,1,False
105548,4.185937,ADD,BUY,100.0,15000,11,True
105549,4.186789,ADD,BUY,100.01,300,3,False
105550,4.187509,ADD,SELL,100.01,100,9,False
105551,4.18803,ADD,BUY,99.99,100,10,False
105552,4.188936,ADD,SELL,99.95,1000,2,False
105553,4.189723,ADD,SELL,99.99,1000,2,False
105554,4.190605,ADD,SELL,99.98,300,5,False
103846,4.191125,EXECUTE,SELL,99.95,200,10,False
105555,4.191981,ADD,SELL,100.0,1000,9,False
101372,4.192219,EXECUTE,BUY,100.0,10000,11,True
104267,4.193027,CANCEL,SELL,100.01,5000,11,True
105556,4.193608,ADD,BUY,99.95,200,8,False
105557,4.194549,ADD,BUY,99.96,100,8,False
105558,4.194911,ADD,SELL,99.97,100,5,False
105559,4.195187,ADD,SELL,100.05,100,4,False
105560,4.196015,ADD,SELL,100.05,100,3,False
104850,4.196843,EXECUTE,BUY,99.96,1000,8,False
105561,4.196967,ADD,BUY,100.04,100,7,False
105562,4.197177,ADD,SELL,100.04,100,9,False
105563,4.197419,ADD,BUY,100.02,300,9,False
103212,4.198378,EXECUTE,SELL,100.05,1000,7,False
105564,4.198954,ADD,BUY,100.0,200,5,False
105565,4.199287,ADD,BUY,99.98,300,3,False
105566,4.199794,ADD,BUY,100.04,100,5,False
105567,4.200282,ADD,BUY,100.04,300,10,False
105568,4.200668,ADD,SELL,100.05,500,6,False
105569,4.201492,ADD,SELL,100.02,100,6,False
105570,4.202171,ADD,BUY,100.0,10000,11,True
103092,4.202292,EXECUTE,SELL,100.01,300,4,False
102206,4.20253,EXECUTE,BUY,100.01,200,2,False
105571,4.202971,ADD,BUY,99.97,200,2,False
105572,4.203476,ADD,BUY,100.01,10000,11,True
105573,4.203937,ADD,BUY,99.97,200,7,False
105574,4.204851,ADD,BUY,99.98,1000,6,False
105575,4.20501,ADD,BUY,99.97,100,7,False
105576,4.205858,ADD,SELL,100.03,300,6,False
105577,4.206803,ADD,SELL,100.02,200,8,False
104949,4.207312,CANCEL,BUY,99.97,100,7,False
103230,4.207927,EXECUTE,SELL,100.03,200,9,False
105578,4.208269,ADD,BUY,99.97,500,4,False
100116,4.208773,EXECUTE,SELL,99.96,300,8,False
105579,4.20891,ADD,BUY,100.03,300,10,False
102838,4.209492,EXECUTE,SELL,100.04,100,10,False
105580,4.209811,ADD,SELL,99.98,100,7,False
105581,4.210124,ADD,BUY,100.0,200,7,False
105582,4.210361,ADD,SELL,100.0,20000,11,True
105583,4.211066,ADD,BUY,100.03,300,1,False
105584,4.211675,ADD,SELL,100.0,5000,11,True
105585,4.212214,ADD,BUY,99.97,200,1,False
103148,4.212626,EXECUTE,SELL,99.99,100,3,False
102583,4.212811,EXECUTE,SELL,100.03,300,4,False
105586,4.213235,ADD,SELL,100.03,100,6,False
105587,4.213925,ADD,SELL,99.99,200,2,False
105588,4.214199,ADD,SELL,100.01,100,8,False
105589,4.214628,ADD,SELL,99.98,100,3,False
105590,4.215462,ADD,SELL,99.96,100,6,False
105105,4.215709,EXECUTE,SELL,100.01,200,6,False
105591,4.215853,ADD,SELL,99.99,20000,11,True
103280,4.216326,EXECUTE,SELL,100.01,300,10,False
100498,4.217081,EXECUTE,BUY,100.03,100,4,False
105592,4.217549,ADD,BUY,100.03,300,4,False
105593,4.217754,ADD,BUY,100.01,500,9,False
105594,4.21798,ADD,BUY,99.99,100,10,False
105595,4.218436,ADD,SELL,100.03,100,2,False
105596,4.218888,ADD,SELL,100.01,300,6,False
105597,4.219056,ADD,BUY,99.96,300,2,False
104574,4.219987,EXECUTE,SELL,100.0,500,2,False
105598,4.220547,ADD,BUY,100.0,15000,11,True
105599,4.221466,ADD,BUY,100.02,300,6,False
103607,4.221704,CANCEL,SELL,100.0,200,5,False
105600,4.222168,ADD,SELL,100.0,5000,11,True
105601,4.223095,ADD,BUY,99.96,100,1,False
105602,4.2232,ADD,BUY,99.99,10000,11,True
105603,4.224184,ADD,BUY,100.01,500,10,False
105604,4.224933,ADD,BUY,99.98,300,2,False
105605,4.225369,ADD,BUY,100.02,100,6,False
105606,4.225493,ADD,BUY,99.96,200,10,False
105607,4.226045,ADD,SELL,100.01,300,3,False
105608,4.226455,ADD,BUY,100.03,200,4,False
105609,4.2268,ADD,BUY,100.01,200,8,False
105610,4.22757,ADD,BUY,100.04,100,3,False
105611,4.228391,ADD,SELL,100.0,300,10,False
105612,4.228885,ADD,BUY,100.01,10000,11,True
105613,4.229136,ADD,BUY,100.0,200,4,False
105614,4.229711,ADD,BUY,100.04,100,8,False
105571,4.230391,EXECUTE,BUY,99.97,200,2,False
105615,4.231378,ADD,SELL,100.02,500,10,False
105616,4.232155,ADD,BUY,99.97,200,9,False
105617,4.23253,ADD,SELL,100.03,100,5,False
105618,4.233368,ADD,SELL,100.0,200,1,False
105619,4.233897,ADD,SELL,100.02,200,1,False
105620,4.234423,ADD,BUY,100.0,200,8,False
105621,4.235372,ADD,BUY,100.0,5000,11,True
103393,4.236286,EXECUTE,SELL,100.01,200,4,False
105622,4.236618,ADD,SELL,99.97,100,3,False
105623,4.237157,ADD,BUY,99.99,5000,11,True
105624,4.237673,ADD,BUY,100.03,100,10,False
105625,4.237859,ADD,BUY,100.03,100,6,False
105626,4.238631,ADD,BUY,100.01,200,5,False
105627,4.239036,ADD,BUY,100.04,200,8,False
103568,4.23921,CANCEL,SELL,100.04,300,1,False
105628,4.239449,ADD,BUY,100.0,300,9,False
105629,4.240075,ADD,SELL,99.99,10000,11,True
105630,4.240777,ADD,SELL,100.0,10000,11,True
105631,4.241206,ADD,SELL,99.98,200,3,False
105632,4.242069,ADD,SELL,99.96,300,4,False
103011,4.242669,CANCEL,SELL,100.0,15000,11,True
104341,4.243003,CANCEL,BUY,99.99,15000,11,True
104313,4.24398,EXECUTE,BUY,100.0,300,10,False
105633,4.244674,ADD,BUY,100.03,500,4,False
105634,4.245087,ADD,BUY,100.0,10000,11,True
105635,4.245448,ADD,SELL,100.01,200,8,False
105636,4.246205,ADD,BUY,99.98,100,8,False
105637,4.246321,ADD,SELL,100.04,200,3,False
105638,4.246565,ADD,BUY,100.04,200,9,False
105639,4.247267,ADD,SELL,100.0,100,1,False
104988,4.247436,CANCEL,BUY,100.05,200,4,False
105640,4.247697,ADD,SELL,100.01,200,4,False
105641,4.248319,ADD,BUY,100.01,200,7,False
105642,4.248751,ADD,BUY,99.95,200,7,False
105643,4.249285,ADD,SELL,100.03,500,2,False
105644,4.249684,ADD,SELL,99.96,100,8,False
105645,4.250508,ADD,BUY,100.0,15000,11,True
105646,4.250989,ADD,BUY,99.96,200,1,False
105647,4.251237,ADD,SELL,100.0,200,10,False
105648,4.252082,ADD,SELL,100.04,300,9,False
104655,4.252444,EXECUTE,BUY,99.96,300,10,False
103777,4.253121,EXECUTE,BUY,100.03,100,6,False
103915,4.253864,EXECUTE,BUY,100.02,500,4,False
105649,4.254402,ADD,BUY,100.03,200,8,False
105650,4.254615,ADD,BUY,100.04,100,4,False
105651,4.255372,ADD,BUY,100.0,100,1,False
100160,4.255733,EXECUTE,BUY,100.01,500,6,False
104947,4.256478,CANCEL,SELL,99.99,10000,11,True
105652,4.256829,ADD,SELL,99.99,15000,11,True
105653,4.257601,ADD,SELL,100.01,100,6,False
105654,4.258267,ADD,SELL,99.98,200,3,False
105655,4.258962,ADD,SELL,100.03,1000,5,False
105656,4.259708,ADD,BUY,100.04,100,8,False
105657,4.259836,ADD,SELL,100.04,100,6,False
105658,4.260553,ADD,BUY,99.96,300,5,False
105659,4.261435,ADD,SELL,99.95,200,4,False
104275,4.262298,EXECUTE,BUY,100.03,100,7,False
105660,4.262517,ADD,SELL,100.03,200,6,False
105661,4.263274,ADD,SELL,100.03,100,4,False
105662,4.264059,ADD,BUY,100.01,100,8,False
104547,4.264636,CANCEL,BUY,99.98,100,10,False
104505,4.265617,CANCEL,SELL,100.01,200,6,False
105663,4.266337,ADD,SELL,99.96,100,6,False
105664,4.267213,ADD,SELL,100.0,500,10,False
105665,4.26767,ADD,SELL,100.04,1000,4,False
103491,4.26782,CANCEL,BUY,99.99,1000,1,False
105666,4.268249,ADD,BUY,99.96,300,4,False
105667,4.268624,ADD,SELL,99.97,300,9,False
105668,4.269212,ADD,BUY,100.01,15000,11,True
105669,4.269614,ADD,SELL,100.0,300,10,False
103591,4.269742,EXECUTE,SELL,100.01,100,5,False
104708,4.270293,EXECUTE,BUY,99.97,100,6,False
104507,4.27104,EXECUTE,BUY,100.05,300,9,False
104739,4.272033,EXECUTE,SELL,100.05,1000,9,False
105670,4.272673,ADD,SELL,100.01,20000,11,True
100181,4.272983,EXECUTE,BUY,100.02,100,3,False
105671,4.273398,ADD,SELL,100.03,200,6,False
101519,4.273999,EXECUTE,SELL,99.97,200,3,False
105672,4.274184,ADD,BUY,99.97,100,9,False
101272,4.274393,EXECUTE,SELL,99.99,100,8,False
101451,4.275118,EXECUTE,SELL,99.95,200,9,False
105673,4.275913,ADD,BUY,100.02,300,4,False
105674,4.276257,ADD,BUY,100.01,15000,11,True
105675,4.276487,ADD,SELL,100.02,300,5,False
105573,4.276635,EXECUTE,BUY,99.97,200,7,False
105676,4.27757,ADD,SELL,100.03,500,3,False
100716,4.278138,EXECUTE,BUY,100.02,300,7,False
102782,4.279123,EXECUTE,SELL,99.95,100,3,False
105677,4.279829,ADD,BUY,99.97,200,1,False
103208,4.280822,EXECUTE,SELL,100.0,200,7,False
104586,4.281688,EXECUTE,SELL,99.97,100,6,False
105678,4.282291,ADD,SELL,100.04,100,1,False
105679,4.282674,ADD,SELL,99.96,100,10,False
104581,4.283137,EXECUTE,SELL,100.01,100,3,False
105074,4.283522,CANCEL,SELL,100.0,10000,11,True
104214,4.284095,EXECUTE,SELL,100.01,200,4,False
105680,4.285088,ADD,BUY,100.04,100,6,False
105681,4.2858,ADD,SELL,100.02,100,9,False
105682,4.286376,ADD,SELL,100.01,100,10,False
105683,4.286959,ADD,SELL,100.02,200,9,False
105684,4.287241,ADD,BUY,99.95,200,3,False
104795,4.287408,EXECUTE,SELL,100.01,100,6,False
105685,4.288117,ADD,BUY,99.98,100,2,False
105686,4.288989,ADD,BUY,100.03,300,5,False
105687,4.289368,ADD,BUY,99.96,200,5,False
105688,4.289813,ADD,BUY,100.03,300,4,False
105689,4.289945,ADD,SELL,100.0,5000,11,True
105690,4.29046,ADD,SELL,99.99,10000,11,True
105691,4.290664,ADD,SELL,100.01,100,10,False
105692,4.291001,ADD,SELL,100.05,200,1,False
105693,4.291967,ADD,BUY,100.04,500,2,False
103035,4.292893,EXECUTE,BUY,99.95,200,9,False
105694,4.293026,ADD,BUY,99.96,100,3,False
100131,4.293979,EXECUTE,SELL,99.96,100,2,False
105695,4.294181,ADD,SELL,100.02,100,10,False
105696,4.295137,ADD,SELL,100.01,1000,5,False
105697,4.295249,ADD,BUY,99.96,100,4,False
105698,4.295963,ADD,BUY,100.04,200,3,False
104738,4.296098,EXECUTE,BUY,99.99,1000,10,False
105699,4.29646,ADD,BUY,100.03,300,6,False
105700,4.297158,ADD,BUY,99.98,1000,7,False
105701,4.2974,ADD,SELL,100.0,200,4,False
105309,4.297522,EXECUTE,BUY,100.02,200,2,False
105702,4.298474,ADD,SELL,100.01,300,7,False
105315,4.299009,EXECUTE,SELL,99.98,200,6,False
105703,4.299356,ADD,BUY,99.97,100,5,False
105704,4.300233,ADD,SELL,100.05,300,8,False
105705,4.300642,ADD,SELL,99.99,200,8,False
105706,4.30077,ADD,SELL,100.05,200,8,False
105707,4.301706,ADD,BUY,100.0,100,1,False
105708,4.302334,ADD,BUY,100.03,200,2,False
103664,4.302912,EXECUTE,BUY,100.03,300,10,False
103603,4.30363,CANCEL,SELL,99.95,500,6,False
105709,4.303857,ADD,SELL,100.02,500,5,False
105710,4.304711,ADD,BUY,100.01,200,7,False
105711,4.304897,ADD,SELL,100.0,100,9,False
105064,4.305884,EXECUTE,BUY,99.98,200,8,False
105441,4.306282,CANCEL,SELL,100.05,1000,9,False
102398,4.306925,EXECUTE,BUY,100.03,100,10,False
100948,4.307134,EXECUTE,SELL,99.99,200,2,False
105712,4.307996,ADD,BUY,100.05,500,7,False
105713,4.308779,ADD,SELL,100.0,300,7,False
105714,4.309602,ADD,BUY,100.0,200,1,False
105715,4.310241,ADD,BUY,100.04,200,7,False
105716,4.310363,ADD,SELL,100.01,10000,11,True
104716,4.310778,EXECUTE,BUY,100.0,200,10,False
103656,4.311564,EXECUTE,BUY,99.97,100,7,False
105717,4.312367,ADD,SELL,99.97,200,1,False
104853,4.312726,EXECUTE,BUY,100.02,300,8,False
105718,4.313269,ADD,SELL,100.02,100,4,False
105719,4.314228,ADD,SELL,99.99,15000,11,True
105664,4.314699,EXECUTE,SELL,100.0,500,10,False
105720,4.315286,ADD,SELL,99.97,300,7,False
105721,4.315823,ADD,BUY,100.02,200,3,False
105722,4.315959,ADD,SELL,99.95,200,5,False
105723,4.316381,ADD,BUY,100.02,100,7,False
103095,4.316699,CANCEL,SELL,100.0,10000,11,True
105724,4.317139,ADD,BUY,100.03,100,1,False
105725,4.317982,ADD,SELL,99.97,200,5,False
105726,4.318851,ADD,SELL,100.01,200,9,False
105727,4.319281,ADD,SELL,99.97,1000,9,False
105728,4.319494,ADD,SELL,100.02,300,5,False
105729,4.31989,ADD,BUY,99.99,15000,11,True
105730,4.320843,ADD,BUY,99.95,300,8,False
105731,4.321064,ADD,BUY,99.97,200,5,False
105732,4.321768,ADD,SELL,99.97,1000,3,False
105733,4.322604,ADD,BUY,100.0,10000,11,True
105734,4.32311,ADD,BUY,99.98,100,2,False
105735,4.324107,ADD,BUY,99.96,100,6,False
105736,4.324933,ADD,BUY,100.0,15000,11,True
105737,4.325355,ADD,BUY,99.95,300,3,False
105738,4.326167,ADD,SELL,100.0,100,5,False
105739,4.326654,ADD,SELL,100.0,500,9,False
105740,4.327021,ADD,SELL,100.03,100,7,False
100491,4.327276,EXECUTE,BUY,100.02,300,5,False
104854,4.327953,CANCEL,SELL,100.01,5000,11,True
105741,4.328097,ADD,SELL,100.03,500,6,False
105742,4.328692,ADD,SELL,100.02,500,1,False
104649,4.329535,EXECUTE,SELL,99.97,200,6,False
102978,4.329695,EXECUTE,BUY,99.99,300,10,False
105743,4.329838,ADD,SELL,99.97,200,4,False
105744,4.330606,ADD,SELL,99.96,300,1,False
103505,4.33088,EXECUTE,BUY,99.96,100,9,False
105745,4.331694,ADD,SELL,99.97,100,4,False
105746,4.332571,ADD,SELL,99.98,100,4,False
105747,4.333552,ADD,BUY,100.03,300,10,False
105748,4.333704,ADD,BUY,99.99,200,2,False
105749,4.334347,ADD,SELL,100.04,200,3,False
105750,4.334906,ADD,SELL,100.01,500,3,False
105751,4.335131,ADD,SELL,100.01,100,1,False
105752,4.335343,ADD,BUY,99.98,1000,9,False
105753,4.336173,ADD,SELL,99.99,100,10,False
105754,4.336432,ADD,BUY,100.03,1000,8,False
103772,4.33676,EXECUTE,SELL,100.03,200,7,False
105755,4.337053,ADD,SELL,99.98,500,9,False
105756,4.338022,ADD,SELL,100.01,500,7,False
105757,4.338862,ADD,BUY,100.03,500,3,False
103535,4.339149,EXECUTE,BUY,100.03,100,8,False
105758,4.34011,ADD,BUY,100.01,10000,11,True
102512,4.340742,EXECUTE,SELL,100.04,300,10,False
102524,4.341192,EXECUTE,SELL,100.03,100,5,False
105759,4.341454,ADD,BUY,100.01,100,6,False
100629,4.341569,EXECUTE,BUY,99.98,200,5,False
105760,4.34177,ADD,SELL,99.98,500,7,False
105761,4.342329,ADD,SELL,100.05,100,8,False
105762,4.343288,ADD,BUY,100.04,200,7,False
102523,4.344144,EXECUTE,SELL,99.95,200,6,False
103659,4.34427,EXECUTE,SELL,100.02,200,3,False
105763,4.344387,ADD,SELL,100.01,100,8,False
105764,4.345055,ADD,BUY,99.98,200,6,False
104075,4.3458,EXECUTE,BUY,100.02,100,1,False
105765,4.345902,ADD,BUY,99.98,300,8,False
105766,4.346494,ADD,SELL,100.02,500,4,False
105767,4.346897,ADD,SELL,100.01,100,4,False
105768,4.347005,ADD,SELL,99.95,100,1,False
105769,4.347132,ADD,BUY,100.03,200,2,False
105193,4.34747,CANCEL,BUY,100.01,5000,11,True
105770,4.347886,ADD,BUY,99.98,100,7,False
105681,4.348608,EXECUTE,SELL,100.02,100,9,False
105771,4.349481,ADD,BUY,99.98,100,6,False
105772,4.350394,ADD,SELL,99.97,200,5,False
103297,4.351025,EXECUTE,BUY,100.04,200,4,False
105773,4.351995,ADD,SELL,100.01,200,10,False
105774,4.352849,ADD,BUY,99.96,300,8,False
105775,4.353058,ADD,SELL,100.03,200,7,False
105776,4.353801,ADD,SELL,99.99,300,7,False
105777,4.354712,ADD,SELL,100.0,15000,11,True
105778,4.3549,ADD,SELL,99.99,100,4,False
105779,4.355438,ADD,SELL,100.01,100,9,False
103986,4.355737,CANCEL,SELL,99.99,100,8,False
105780,4.356574,ADD,SELL,100.03,500,6,False
105625,4.357069,EXECUTE,BUY,100.03,100,6,False
105781,4.357749,ADD,BUY,99.99,300,6,False
103896,4.357936,EXECUTE,BUY,100.02,300,2,False
105782,4.358563,ADD,SELL,99.99,100,8,False
102191,4.359477,CANCEL,SELL,100.0,15000,11,True
101305,4.360101,EXECUTE,SELL,100.04,200,4,False
105783,4.360645,ADD,SELL,99.95,500,8,False
105784,4.361557,ADD,SELL,100.04,200,5,False
105654,4.361792,EXECUTE,SELL,99.98,200,3,False
105785,4.362761,ADD,BUY,99.98,200,4,False
105786,4.363024,ADD,BUY,99.98,200,6,False
105787,4.363141,ADD,SELL,100.0,15000,11,True
105788,4.364122,ADD,BUY,100.01,100,4,False
105789,4.364481,ADD,BUY,100.0,200,6,False
102232,4.364816,CANCEL,BUY,99.99,300,5,False
105790,4.365716,ADD,SELL,100.03,200,9,False
105791,4.366586,ADD,BUY,100.04,1000,5,False
105792,4.366893,ADD,BUY,99.96,300,2,False
105793,4.367137,ADD,SELL,100.0,100,8,False
105794,4.3681,ADD,SELL,100.04,200,4,False
105795,4.368478,ADD,BUY,100.04,100,1,False
105796,4.36888,ADD,SELL,99.98,100,8,False
105797,4.369375,ADD,BUY,100.02,300,10,False
102886,4.370358,EXECUTE,BUY,99.98,1000,6,False
105798,4.370945,ADD,BUY,99.98,200,1,False
105799,4.371312,ADD,SELL,99.96,100,9,False
105512,4.372005,CANCEL,SELL,99.99,200,4,False
102837,4.372633,CANCEL,BUY,100.01,20000,11,True
103216,4.373311,EXECUTE,SELL,100.01,200,4,False
105800,4.373936,ADD,SELL,100.04,100,1,False
105801,4.374383,ADD,SELL,100.04,100,7,False
105076,4.374542,EXECUTE,BUY,99.99,100,4,False
105802,4.375431,ADD,SELL,99.98,200,10,False
104278,4.376043,EXECUTE,BUY,99.97,1000,5,False
105803,4.376902,ADD,BUY,99.98,100,1,False
102234,4.377832,CANCEL,SELL,99.99,5000,11,True
105804,4.37844,ADD,BUY,100.01,5000,11,True
105805,4.379363,ADD,BUY,100.0,10000,11,True
105416,4.379824,EXECUTE,SELL,99.96,200,4,False
102456,4.380802,CANCEL,BUY,99.96,1000,10,False
105806,4.381759,ADD,SELL,100.02,200,7,False
105807,4.382362,ADD,BUY,99.99,5000,11,True
105808,4.382709,ADD,SELL,100.05,200,10,False
105200,4.38293,EXECUTE,SELL,99.96,200,3,False
105809,4.383753,ADD,SELL,99.97,100,5,False
105502,4.384162,CANCEL,BUY,99.99,15000,11,True
105810,4.384589,ADD,BUY,99.97,100,8,False
105811,4.385004,ADD,SELL,100.04,500,10,False
105812,4.385777,ADD,BUY,99.99,200,1,False
102751,4.386563,EXECUTE,BUY,99.97,500,2,False
105813,4.387022,ADD,SELL,99.96,200,6,False
105814,4.387705,ADD,SELL,99.99,1000,8,False
102448,4.388268,EXECUTE,BUY,100.04,500,8,False
102276,4.38908,CANCEL,SELL,100.01,200,4,False
105815,4.389372,ADD,BUY,100.02,300,10,False
105082,4.389924,EXECUTE,BUY,100.0,200,1,False
104366,4.390178,EXECUTE,BUY,99.97,300,10,False
105816,4.390912,ADD,SELL,100.02,200,4,False
105817,4.391504,ADD,SELL,99.98,300,1,False
105818,4.392273,ADD,SELL,100.01,200,10,False
105819,4.393089,ADD,SELL,99.98,500,5,False
105820,4.393648,ADD,SELL,100.05,100,3,False
105821,4.393847,ADD,SELL,99.97,200,1,False
105822,4.394401,ADD,BUY,99.97,1000,9,False
105823,4.395387,ADD,BUY,100.01,300,4,False
105824,4.396228,ADD,BUY,100.01,100,9,False
105825,4.39685,ADD,BUY,100.03,100,7,False
105826,4.397662,ADD,BUY,100.01,100,3,False
102654,4.397918,EXECUTE,SELL,99.96,200,3,False
105827,4.398258,ADD,SELL,100.02,100,1,False
105828,4.398786,ADD,SELL,99.97,100,6,False
105829,4.399397,ADD,BUY,99.99,200,5,False
103674,4.400048,CANCEL,BUY,100.0,10000,11,True
105830,4.400319,ADD,SELL,99.96,200,9,False
105831,4.401128,ADD,SELL,100.01,300,10,False
101262,4.401637,CANCEL,SELL,99.99,300,7,False
104939,4.402205,EXECUTE,SELL,100.01,200,2,False
105832,4.402804,ADD,SELL,100.03,500,8,False
104556,4.402951,EXECUTE,BUY,99.97,100,5,False
103270,4.403496,EXECUTE,SELL,100.02,100,6,False
105833,4.404223,ADD,BUY,99.98,200,6,False
105834,4.404499,ADD,BUY,100.0,300,4,False
105090,4.404925,EXECUTE,BUY,100.04,200,8,False
105835,4.405307,ADD,SELL,99.98,200,2,False
104192,4.406172,EXECUTE,SELL,99.99,200,8,False
104226,4.407103,EXECUTE,SELL,100.01,100,7,False
105836,4.408008,ADD,SELL,100.03,200,9,False
105837,4.408653,ADD,SELL,99.96,100,7,False
105752,4.409569,EXECUTE,BUY,99.98,1000,9,False
105838,4.409877,ADD,BUY,100.04,100,5,False
105839,4.410235,ADD,BUY,100.01,500,3,False
105840,4.41078,ADD,SELL,99.96,300,7,False
100086,4.411743,EXECUTE,BUY,100.01,500,5,False
104566,4.411944,EXECUTE,BUY,99.97,300,7,False
103413,4.412285,EXECUTE,SELL,99.96,200,9,False
105841,4.413082,ADD,SELL,100.0,200,4,False
105700,4.41337,EXECUTE,BUY,99.98,1000,7,False
104941,4.4139,EXECUTE,SELL,100.0,100,5,False
105607,4.414062,EXECUTE,SELL,100.01,300,3,False
105842,4.414303,ADD,SELL,99.98,300,3,False
105843,4.414946,ADD,SELL,100.0,100,1,False
105844,4.415465,ADD,SELL,100.01,300,9,False
104129,4.41594,CANCEL,SELL,100.03,200,8,False
104944,4.416899,EXECUTE,BUY,100.0,100,10,False
105845,4.417644,ADD,BUY,100.02,500,3,False
105846,4.418547,ADD,SELL,99.96,1000,2,False
105847,4.419273,ADD,SELL,99.99,100,2,False
105848,4.419904,ADD,BUY,99.96,300,9,False
105849,4.420091,ADD,SELL,99.96,200,4,False
105850,4.420248,ADD,SELL,100.0,300,6,False
105851,4.420671,ADD,SELL,100.03,300,7,False
105852,4.421567,ADD,BUY,99.98,500,5,False
105853,4.422514,ADD,BUY,99.96,200,9,False
105854,4.423241,ADD,SELL,99.99,10000,11,True
105855,4.423886,ADD,SELL,99.99,200,5,False
105856,4.424755,ADD,SELL,99.97,200,6,False
104911,4.424902,EXECUTE,SELL,100.03,200,7,False
105857,4.425269,ADD,SELL,100.04,100,1,False
105858,4.425818,ADD,SELL,100.02,300,3,False
105859,4.426463,ADD,BUY,100.05,500,5,False
105783,4.426595,EXECUTE,SELL,99.95,500,8,False
105860,4.427445,ADD,BUY,100.02,100,8,False
101509,4.427569,CANCEL,BUY,99.99,15000,11,True
104884,4.428113,EXECUTE,SELL,100.01,300,10,False
105861,4.428699,ADD,SELL,99.97,100,2,False
105862,4.429049,ADD,BUY,100.03,200,2,False
105863,4.429454,ADD,BUY,100.0,20000,11,True
105864,4.430019,ADD,SELL,100.0,300,5,False
102901,4.430136,CANCEL,SELL,100.0,10000,11,True
105865,4.430668,ADD,BUY,100.01,100,3,False
105866,4.431451,ADD,BUY,100.0,10000,11,True
102434,4.431836,CANCEL,SELL,99.97,100,9,False
105867,4.432792,ADD,BUY,100.02,100,10,False
105868,4.433049,ADD,SELL,100.02,100,4,False
105869,4.43347,ADD,SELL,100.0,100,3,False
105870,4.434126,ADD,BUY,100.0,100,5,False
105871,4.434557,ADD,SELL,100.04,300,10,False
101401,4.434761,CANCEL,SELL,100.02,300,7,False
105872,4.435356,ADD,BUY,99.97,100,1,False
103886,4.435589,EXECUTE,SELL,100.02,200,7,False
105873,4.436193,ADD,SELL,100.04,100,9,False
105874,4.437007,ADD,BUY,100.02,200,4,False
105875,4.437738,ADD,SELL,100.02,100,7,False
105876,4.438351,ADD,SELL,100.05,300,4,False
101502,4.438926,CANCEL,SELL,100.03,300,1,False
105877,4.439162,ADD,SELL,100.03,100,2,False
105878,4.439549,ADD,BUY,99.99,10000,11,True
105879,4.440295,ADD,BUY,99.96,100,1,False
105880,4.440645,ADD,BUY,99.98,1000,3,False
101663,4.441132,EXECUTE,BUY,100.03,100,9,False
105881,4.442085,ADD,SELL,99.97,300,9,False
104025,4.442762,CANCEL,BUY,100.01,300,6,False
105882,4.443643,ADD,SELL,100.03,100,8,False
105883,4.444374,ADD,SELL,99.98,100,6,False
105884,4.444868,ADD,BUY,100.04,200,6,False
105885,4.445345,ADD,BUY,99.98,100,7,False
105886,4.446124,ADD,BUY,99.95,200,1,False
105887,4.446249,ADD,SELL,100.02,500,10,False
105470,4.447156,EXECUTE,SELL,100.04,200,4,False
105888,4.447902,ADD,SELL,99.99,200,7,False
105753,4.448314,EXECUTE,SELL,99.99,100,10,False
102498,4.448442,EXECUTE,SELL,100.01,100,7,False
102675,4.448936,EXECUTE,BUY,100.0,15000,11,True
103370,4.449417,EXECUTE,BUY,99.95,300,3,False
105889,4.450343,ADD,BUY,99.95,300,9,False
105890,4.450957,ADD,BUY,100.04,300,10,False
105547,4.451623,EXECUTE,SELL,100.02,300,1,False
105891,4.451976,ADD,SELL,100.03,500,1,False
104936,4.452499,EXECUTE,SELL,100.01,100,7,False
105892,4.452611,ADD,BUY,99.98,200,8,False
105893,4.453518,ADD,SELL,99.97,300,4,False
105894,4.454199,ADD,BUY,99.95,100,1,False
105895,4.454506,ADD,BUY,100.03,500,4,False
101541,4.454738,EXECUTE,BUY,99.99,500,4,False
105896,4.455268,ADD,BUY,100.05,200,7,False
105897,4.455806,ADD,SELL,99.99,200,3,False
105898,4.456316,ADD,SELL,99.98,200,6,False
105899,4.456503,ADD,BUY,100.0,5000,11,True
105900,4.456844,ADD,SELL,99.99,100,2,False
105901,4.456976,ADD,BUY,99.96,100,5,False
105902,4.457154,ADD,BUY,100.02,500,4,False
105903,4.4576,ADD,BUY,99.98,500,1,False
104861,4.458018,EXECUTE,BUY,100.01,500,3,False
105904,4.458251,ADD,SELL,100.01,200,9,False
105905,4.458645,ADD,BUY,99.98,1000,1,False
105906,4.459012,ADD,BUY,100.01,200,6,False
105907,4.459116,ADD,BUY,99.98,100,2,False
105134,4.459301,CANCEL,BUY,100.0,200,9,False
105908,4.459526,ADD,SELL,99.95,100,6,False
105909,4.460078,ADD,BUY,99.98,300,7,False
105910,4.460682,ADD,SELL,99.98,200,7,False
105911,4.461432,ADD,SELL,99.97,200,6,False
104207,4.461813,EXECUTE,BUY,99.99,100,3,False
105912,4.462242,ADD,SELL,100.03,1000,5,False
105913,4.462502,ADD,BUY,100.04,200,8,False
105914,4.463163,ADD,SELL,100.01,100,3,False
105915,4.463405,ADD,SELL,100.01,100,6,False
105916,4.464228,ADD,BUY,99.97,100,6,False
105917,4.464352,ADD,SELL,99.96,100,1,False
105918,4.464945,ADD,BUY,99.96,500,3,False
105919,4.465664,ADD,BUY,100.0,100,3,False
105920,4.465854,ADD,BUY,100.0,100,5,False
105921,4.4667,ADD,BUY,100.04,100,1,False
105922,4.467041,ADD,SELL,100.04,100,5,False
105923,4.467505,ADD,BUY,100.0,100,7,False
105924,4.467798,ADD,BUY,100.01,200,3,False
105925,4.468563,ADD,SELL,100.0,1000,4,False
102490,4.468677,CANCEL,SELL,100.0,10000,11,True
102891,4.469427,CANCEL,SELL,100.02,200,2,False
105926,4.469816,ADD,BUY,100.03,1000,10,False
105927,4.470745,ADD,BUY,99.99,300,9,False
105928,4.471482,ADD,BUY,100.05,200,4,False
105929,4.47182,ADD,SELL,99.95,200,2,False
102022,4.472789,EXECUTE,SELL,99.97,300,9,False
105930,4.473601,ADD,BUY,99.99,10000,11,True
105931,4.473792,ADD,SELL,100.01,10000,11,True
105932,4.473905,ADD,SELL,100.02,1000,1,False
105070,4.474304,EXECUTE,BUY,99.98,100,6,False
105933,4.475002,ADD,SELL,99.97,200,6,False
105934,4.475959,ADD,BUY,100.02,200,3,False
105935,4.476853,ADD,BUY,100.04,500,4,False
104390,4.477474,EXECUTE,BUY,99.98,200,7,False
103547,4.478449,EXECUTE,BUY,100.0,100,9,False
105936,4.478849,ADD,SELL,99.99,300,9,False
105937,4.47973,ADD,SELL,100.04,500,1,False
103546,4.480631,EXECUTE,BUY,100.02,100,8,False
105938,4.481155,ADD,BUY,100.03,300,3,False
105939,4.481621,ADD,SELL,100.03,200,6,False
105940,4.482459,ADD,SELL,100.01,100,10,False
105941,4.482777,ADD,SELL,100.04,200,3,False
102800,4.483353,EXECUTE,BUY,99.95,100,9,False
105942,4.483541,ADD,SELL,100.05,100,10,False
105943,4.484502,ADD,SELL,100.02,1000,7,False
105944,4.485314,ADD,BUY,99.97,300,3,False
105945,4.485483,ADD,SELL,99.95,300,10,False
104905,4.485786,CANCEL,BUY,100.05,200,10,False
105946,4.486031,ADD,BUY,100.02,200,9,False
103756,4.486292,EXECUTE,SELL,100.05,300,7,False
105947,4.487174,ADD,SELL,100.0,200,5,False
105948,4.487725,ADD,BUY,100.0,20000,11,True
105949,4.487928,ADD,BUY,100.03,100,7,False
105950,4.488782,ADD,BUY,100.01,1000,3,False
105951,4.48922,ADD,BUY,100.0,300,6,False
105952,4.48986,ADD,SELL,99.96,100,5,False
100229,4.490256,EXECUTE,BUY,99.99,200,9,False
104589,4.490519,CANCEL,SELL,99.98,300,9,False
105953,4.491318,ADD,SELL,100.04,100,7,False
105954,4.492155,ADD,BUY,99.99,100,1,False
105955,4.492462,ADD,BUY,99.99,200,3,False
105461,4.493261,EXECUTE,SELL,100.01,100,6,False
105956,4.493543,ADD,SELL,100.02,200,9,False
105957,4.494194,ADD,BUY,99.96,100,10,False
105958,4.49504,ADD,SELL,99.99,100,7,False
103708,4.49574,CANCEL,SELL,99.99,20000,11,True
105959,4.495918,ADD,SELL,100.05,1000,2,False
105960,4.496282,ADD,SELL,100.02,100,9,False
105961,4.496567,ADD,SELL,99.95,500,7,False
105962,4.497117,ADD,SELL,99.97,100,4,False
101844,4.498085,CANCEL,BUY,100.01,10000,11,True
101024,4.498251,CANCEL,SELL,99.98,200,4,False
105963,4.498642,ADD,SELL,100.01,5000,11,True
105964,4.498989,ADD,SELL,99.95,100,6,False
105965,4.499899,ADD,SELL,100.0,100,9,False
105966,4.500766,ADD,BUY,100.02,200,5,False
105967,4.501281,ADD,SELL,100.02,500,5,False
105968,4.501544,ADD,BUY,99.96,200,5,False
101926,4.501875,EXECUTE,BUY,100.04,100,2,False
105969,4.501985,ADD,SELL,99.99,10000,11,True
101274,4.502209,EXECUTE,SELL,100.01,300,7,False
105970,4.503043,ADD,BUY,99.98,100,4,False
102256,4.503296,EXECUTE,BUY,100.04,300,2,False
105971,4.504163,ADD,BUY,100.01,200,7,False
105972,4.505021,ADD,BUY,100.0,10000,11,True
105973,4.505787,ADD,BUY,100.04,1000,7,False
101869,4.506334,EXECUTE,BUY,99.97,500,7,False
105974,4.507002,ADD,BUY,100.0,10000,11,True
105975,4.507236,ADD,SELL,100.02,500,3,False
103640,4.508074,EXECUTE,SELL,100.04,200,7,False
105976,4.508636,ADD,BUY,99.96,100,3,False
105977,4.509462,ADD,SELL,100.02,200,6,False
102255,4.509789,EXECUTE,SELL,100.03,100,2,False
101453,4.510432,EXECUTE,BUY,99.99,200,5,False
105978,4.510579,ADD,BUY,99.97,200,8,False
105979,4.510893,ADD,BUY,100.05,100,7,False
105980,4.511589,ADD,SELL,100.02,100,4,False
105981,4.511929,ADD,BUY,100.0,100,5,False
104387,4.512625,EXECUTE,SELL,100.03,500,8,False
105982,4.513429,ADD,BUY,99.95,300,10,False
105983,4.51405,ADD,BUY,100.0,200,3,False
105984,4.514627,ADD,SELL,99.95,200,8,False
105985,4.51546,ADD,SELL,100.0,5000,11,True
105986,4.515927,ADD,BUY,99.99,100,9,False
105987,4.516041,ADD,SELL,100.04,100,10,False
103362,4.516901,EXECUTE,SELL,100.01,100,6,False
105988,4.517031,ADD,SELL,100.03,500,5,False
105989,4.517449,ADD,BUY,99.97,300,10,False
104535,4.518424,EXECUTE,SELL,99.95,300,6,False
105990,4.519422,ADD,SELL,100.03,500,3,False
105991,4.52037,ADD,BUY,99.98,500,2,False
103614,4.52127,EXECUTE,BUY,99.98,300,6,False
105992,4.52193,ADD,BUY,99.99,200,9,False
105993,4.522603,ADD,SELL,100.02,100,10,False
105493,4.523054,EXECUTE,BUY,100.03,300,7,False
105994,4.52385,ADD,BUY,100.04,100,4,False
101359,4.524718,EXECUTE,BUY,100.02,200,2,False
105995,4.525204,ADD,BUY,100.03,200,2,False
104539,4.525628,EXECUTE,SELL,100.04,200,3,False
105996,4.526401,ADD,BUY,99.97,100,6,False
105997,4.527237,ADD,BUY,100.03,200,9,False
105998,4.527531,ADD,BUY,100.02,100,2,False
105999,4.528405,ADD,BUY,99.95,100,2,False
106000,4.528708,ADD,BUY,99.99,10000,11,True
106001,4.529104,ADD,BUY,99.96,300,6,False
106002,4.5297,ADD,BUY,100.01,200,8,False
106003,4.530442,ADD,BUY,99.99,15000,11,True
105466,4.530886,CANCEL,SELL,99.99,300,5,False
106004,4.531663,ADD,BUY,100.01,300,1,False
106005,4.532036,ADD,BUY,100.0,500,8,False
106006,4.532954,ADD,BUY,99.98,500,9,False
106007,4.533749,ADD,SELL,100.0,300,8,False
106008,4.534061,ADD,BUY,99.96,500,3,False
106009,4.534175,ADD,SELL,100.0,200,7,False
106010,4.534697,ADD,BUY,99.95,200,10,False
103919,4.535186,EXECUTE,BUY,100.01,200,3,False
106011,4.535756,ADD,BUY,99.96,100,10,False
104632,4.536362,EXECUTE,SELL,99.99,1000,1,False
106012,4.537276,ADD,SELL,100.01,100,2,False
106013,4.538157,ADD,SELL,100.02,300,3,False
106014,4.538386,ADD,BUY,99.97,100,10,False
106015,4.539247,ADD,BUY,100.0,10000,11,True
106016,4.540209,ADD,SELL,99.95,500,3,False
102601,4.540526,CANCEL,SELL,99.99,15000,11,True
106017,4.540788,ADD,SELL,99.99,300,3,False
102253,4.541062,EXECUTE,SELL,100.01,300,10,False
106018,4.541655,ADD,BUY,100.03,500,5,False
106019,4.541829,ADD,SELL,100.01,100,7,False
106020,4.542151,ADD,BUY,99.96,1000,9,False
106021,4.542391,ADD,SELL,100.0,200,3,False
106022,4.543256,ADD,BUY,99.96,200,9,False
106023,4.544162,ADD,SELL,100.01,15000,11,True
106024,4.544619,ADD,SELL,100.0,500,7,False
104869,4.545428,CANCEL,SELL,100.0,10000,11,True
102368,4.545641,EXECUTE,SELL,99.97,100,5,False
102956,4.546224,EXECUTE,BUY,100.01,100,9,False
102184,4.546466,CANCEL,SELL,100.01,5000,11,True
106025,4.54702,ADD,BUY,100.0,10000,11,True
100406,4.547565,EXECUTE,BUY,100.02,200,9,False
106026,4.548183,ADD,BUY,100.0,100,2,False
103889,4.548922,EXECUTE,SELL,99.96,300,9,False
106027,4.549302,ADD,BUY,99.96,200,2,False
106028,4.549667,ADD,BUY,100.01,300,2,False
106029,4.550051,ADD,BUY,100.0,10000,11,True
105497,4.550782,EXECUTE,SELL,99.95,100,10,False
106030,4.551214,ADD,BUY,99.98,500,8,False
106031,4.551458,ADD,SELL,100.05,500,2,False
106032,4.55195,ADD,SELL,100.0,15000,11,True
105308,4.552657,EXECUTE,SELL,100.03,1000,10,False
106033,4.552843,ADD,BUY,99.97,200,9,False
102576,4.553049,EXECUTE,BUY,99.96,100,6,False
106034,4.553469,ADD,BUY,99.99,500,7,False
106035,4.554097,ADD,SELL,100.0,10000,11,True
106036,4.554372,ADD,BUY,99.99,200,6,False
106037,4.555169,ADD,SELL,100.03,200,6,False
106038,4.555617,ADD,SELL,99.99,100,3,False
106039,4.555755,ADD,BUY,100.03,200,6,False
106040,4.555858,ADD,SELL,99.99,200,4,False
106041,4.556364,ADD,BUY,100.01,200,7,False
106042,4.556731,ADD,SELL,100.02,300,9,False
104492,4.556979,EXECUTE,BUY,100.0,500,9,False
103671,4.557493,CANCEL,SELL,100.0,100,1,False
106043,4.557608,ADD,BUY,100.01,100,5,False
106044,4.558472,ADD,BUY,100.03,200,10,False
106045,4.559391,ADD,SELL,100.01,100,4,False
105131,4.560015,EXECUTE,SELL,100.03,200,10,False
105222,4.56075,CANCEL,BUY,99.97,200,5,False
106046,4.561155,ADD,BUY,100.02,100,6,False
106047,4.561799,ADD,BUY,100.01,500,9,False
103397,4.56237,EXECUTE,SELL,99.99,300,1,False
101166,4.563306,CANCEL,SELL,99.95,200,6,False
106048,4.563474,ADD,SELL,100.04,200,9,False
106049,4.564361,ADD,BUY,99.96,300,2,False
101238,4.564939,EXECUTE,BUY,100.02,100,7,False
101494,4.565498,EXECUTE,SELL,99.97,200,3,False
106050,4.56577,ADD,BUY,100.0,300,6,False
101773,4.565871,CANCEL,BUY,100.01,15000,11,True
106051,4.566044,ADD,BUY,99.97,200,4,False
103875,4.566616,EXECUTE,SELL,100.0,200,10,False
102273,4.567307,EXECUTE,BUY,99.99,100,8,False
106052,4.568146,ADD,BUY,100.0,100,8,False
106053,4.568762,ADD,SELL,100.03,100,7,False
106054,4.569393,ADD,SELL,99.95,500,9,False
106055,4.569876,ADD,SELL,99.99,200,4,False
106056,4.570558,ADD,SELL,99.98,300,8,False
106057,4.570918,ADD,BUY,99.99,1000,1,False
106058,4.571283,ADD,BUY,100.0,200,1,False
101709,4.571819,EXECUTE,SELL,100.04,300,7,False
106059,4.572364,ADD,BUY,99.97,100,1,False
106060,4.57292,ADD,BUY,99.97,300,2,False
101579,4.57337,EXECUTE,SELL,100.05,100,4,False
106061,4.574289,ADD,BUY,99.96,500,1,False
106062,4.57509,ADD,SELL,100.03,100,9,False
106063,4.575319,ADD,BUY,100.01,100,1,False
106064,4.575982,ADD,SELL,100.01,15000,11,True
106065,4.576675,ADD,BUY,100.02,500,7,False
106066,4.576802,ADD,SELL,100.04,100,2,False
106067,4.577061,ADD,SELL,99.95,300,9,False
102701,4.577797,EXECUTE,BUY,99.98,500,10,False
106068,4.578158,ADD,SELL,100.04,300,6,False
105821,4.579078,EXECUTE,SELL,99.97,200,1,False
104164,4.579621,EXECUTE,BUY,99.95,100,10,False
106069,4.580069,ADD,SELL,99.98,200,6,False
106070,4.580338,ADD,SELL,99.99,300,9,False
106071,4.580464,ADD,BUY,100.04,100,4,False
106072,4.580892,ADD,BUY,100.0,1000,2,False
106073,4.58179,ADD,SELL,99.96,100,7,False
106074,4.582694,ADD,BUY,99.98,300,3,False
103111,4.583614,EXECUTE,BUY,100.02,100,3,False
106075,4.584008,ADD,SELL,99.98,100,7,False
106076,4.584521,ADD,SELL,99.96,1000,3,False
106077,4.584904,ADD,BUY,100.02,200,10,False
102939,4.585225,EXECUTE,SELL,99.96,300,10,False
106078,4.585671,ADD,BUY,99.99,10000,11,True
106079,4.58589,ADD,SELL,100.0,5000,11,True
106080,4.586156,ADD,SELL,100.0,1000,9,False
106081,4.586443,ADD,BUY,100.0,500,10,False
106082,4.587156,ADD,BUY,100.04,200,2,False
106083,4.58814,ADD,SELL,100.01,10000,11,True
106084,4.588601,ADD,SELL,99.97,100,9,False
104344,4.588752,EXECUTE,SELL,99.97,300,4,False
104976,4.589043,EXECUTE,BUY,100.0,100,4,False
103091,4.589308,CANCEL,BUY,99.98,100,1,False
106085,4.589597,ADD,BUY,99.99,100,9,False
105155,4.590298,EXECUTE,SELL,99.97,1000,2,False
106086,4.590985,ADD,BUY,100.0,300,10,False
106087,4.591568,ADD,BUY,100.0,200,9,False
106088,4.59174,ADD,BUY,100.01,500,4,False
106089,4.592045,ADD,BUY,100.02,200,9,False
106090,4.592691,ADD,SELL,99.95,300,10,False
105276,4.59345,EXECUTE,SELL,100.01,200,10,False
106091,4.59386,ADD,SELL,100.05,500,10,False
106092,4.594058,ADD,BUY,99.96,100,7,False
104973,4.594631,EXECUTE,BUY,99.97,300,8,False
106093,4.594904,ADD,BUY,99.99,15000,11,True
106094,4.595234,ADD,SELL,99.98,300,5,False
106095,4.595367,ADD,BUY,99.95,100,7,False
106096,4.595728,ADD,SELL,100.04,200,3,False
102354,4.596248,EXECUTE,BUY,99.97,100,9,False
101948,4.59643,EXECUTE,BUY,100.01,100,5,False
106097,4.597046,ADD,SELL,100.0,20000,11,True
106098,4.597772,ADD,SELL,100.04,200,4,False
106099,4.598449,ADD,BUY,100.0,200,4,False
106000,4.598746,CANCEL,BUY,99.99,10000,11,True
106100,4.598893,ADD,SELL,100.0,100,3,False
106101,4.599334,ADD,BUY,99.97,500,3,False
104634,4.599666,EXECUTE,SELL,100.01,500,6,False
106102,4.600158,ADD,SELL,100.04,100,4,False
106103,4.600281,ADD,SELL,99.96,300,2,False
104355,4.600959,EXECUTE,SELL,99.97,200,10,False
104051,4.601142,CANCEL,BUY,100.01,15000,11,True
106104,4.601484,ADD,BUY,100.03,300,2,False
106105,4.601932,ADD,BUY,99.96,100,9,False
106106,4.602902,ADD,BUY,100.0,300,4,False
105845,4.603743,CANCEL,BUY,100.02,500,3,False
103513,4.604218,CANCEL,BUY,99.95,100,7,False
106107,4.605089,ADD,SELL,99.99,15000,11,True
106108,4.605762,ADD,SELL,99.97,100,4,False
105734,4.606012,EXECUTE,BUY,99.98,100,2,False
106109,4.606313,ADD,BUY,100.02,300,5,False
106110,4.607149,ADD,BUY,99.98,200,3,False
103110,4.607302,EXECUTE,BUY,100.02,300,6,False
106111,4.607751,ADD,BUY,99.99,100,1,False
106112,4.608062,ADD,BUY,100.04,200,9,False
106113,4.608225,ADD,BUY,100.03,300,7,False
106114,4.608751,ADD,BUY,100.03,100,8,False
106115,4.609067,ADD,SELL,99.98,200,10,False
106116,4.610039,ADD,SELL,99.96,300,8,False
106117,4.61039,ADD,SELL,100.01,10000,11,True
106118,4.610567,ADD,SELL,99.99,200,2,False
106119,4.611341,ADD,BUY,100.04,300,2,False
106120,4.611901,ADD,SELL,99.97,100,7,False
106121,4.612005,ADD,BUY,100.0,100,7,False
106122,4.61279,ADD,SELL,99.99,1000,3,False
102320,4.613165,EXECUTE,BUY,99.97,300,9,False
106123,4.61345,ADD,BUY,100.03,100,5,False
106124,4.61358,ADD,BUY,100.01,300,6,False
105891,4.613799,EXECUTE,SELL,100.03,500,1,False
106125,4.61413,ADD,SELL,100.02,100,4,False
106126,4.614928,ADD,SELL,100.03,300,8,False
106127,4.615687,ADD,BUY,99.99,200,3,False
106128,4.616583,ADD,BUY,99.99,1000,5,False
105261,4.616987,EXECUTE,SELL,99.97,200,1,False
106129,4.617979,ADD,SELL,99.96,100,8,False
105242,4.618741,CANCEL,SELL,99.96,100,6,False
105154,4.618873,EXECUTE,SELL,99.99,100,9,False
106130,4.619124,ADD,BUY,99.99,500,3,False
104296,4.620115,EXECUTE,SELL,99.96,100,2,False
106131,4.620863,ADD,SELL,100.03,500,4,False
106132,4.62134,ADD,SELL,100.05,100,3,False
106133,4.622287,ADD,BUY,100.04,100,6,False
106134,4.622845,ADD,BUY,99.97,200,6,False
106135,4.623596,ADD,BUY,99.99,300,3,False
106136,4.624336,ADD,BUY,99.97,100,7,False
105068,4.625162,CANCEL,BUY,99.95,100,7,False
106137,4.625693,ADD,BUY,100.01,100,5,False
104449,4.626497,EXECUTE,BUY,100.04,100,6,False
106138,4.62678,ADD,BUY,99.98,100,5,False
103864,4.627325,EXECUTE,BUY,100.05,300,10,False
100895,4.627583,EXECUTE,SELL,100.04,200,4,False
106139,4.628572,ADD,SELL,99.99,100,6,False
106140,4.629483,ADD,SELL,100.02,100,7,False
106141,4.629948,ADD,SELL,99.99,100,1,False
106142,4.630697,ADD,SELL,99.96,100,2,False
106143,4.631223,ADD,BUY,100.02,100,7,False
106144,4.632085,ADD,SELL,100.03,100,10,False
104112,4.632608,EXECUTE,BUY,100.05,100,8,False
106145,4.633235,ADD,BUY,99.98,200,3,False
106146,4.633666,ADD,BUY,100.0,200,9,False
106147,4.634246,ADD,BUY,100.02,100,4,False
106148,4.635155,ADD,SELL,100.0,100,4,False
106149,4.635789,ADD,SELL,100.0,15000,11,True
104136,4.636581,EXECUTE,SELL,99.98,300,8,False
106150,4.637183,ADD,BUY,99.97,200,1,False
104079,4.637851,EXECUTE,SELL,100.02,200,5,False
106151,4.63838,ADD,BUY,99.98,300,9,False
102898,4.639083,CANCEL,BUY,100.04,300,9,False
104684,4.639563,EXECUTE,SELL,99.97,200,8,False
106152,4.639765,ADD,SELL,99.97,1000,9,False
106004,4.640517,EXECUTE,BUY,100.01,300,1,False
106153,4.64144,ADD,BUY,100.04,100,6,False
106154,4.642189,ADD,SELL,100.04,200,9,False
104549,4.642391,EXECUTE,BUY,100.04,200,4,False
106155,4.642797,ADD,BUY,100.0,500,2,False
106156,4.64366,ADD,BUY,100.05,100,4,False
106157,4.64421,ADD,SELL,100.03,100,8,False
106158,4.644458,ADD,BUY,99.97,300,9,False
106159,4.644768,ADD,SELL,99.99,200,10,False
106160,4.645091,ADD,BUY,100.02,500,10,False
105701,4.645923,CANCEL,SELL,100.0,200,4,False
106161,4.646346,ADD,SELL,100.05,300,7,False
106162,4.647183,ADD,SELL,99.95,200,1,False
106163,4.647954,ADD,BUY,100.01,15000,11,True
106164,4.648547,ADD,BUY,99.99,10000,11,True
106165,4.648782,ADD,SELL,100.02,200,7,False
106166,4.649303,ADD,BUY,99.99,200,3,False
106167,4.64945,ADD,SELL,100.04,300,5,False
103617,4.649795,EXECUTE,SELL,99.98,500,2,False
106168,4.64997,ADD,BUY,100.02,300,9,False
106169,4.650131,ADD,BUY,99.99,1000,5,False
106170,4.651003,ADD,SELL,99.99,200,10,False
106171,4.651898,ADD,SELL,100.02,100,2,False
104567,4.652144,EXECUTE,BUY,100.03,300,9,False
106172,4.652612,ADD,BUY,99.99,200,8,False
106173,4.653427,ADD,SELL,100.0,300,3,False
103215,4.654195,EXECUTE,BUY,100.01,100,4,False
105447,4.654564,EXECUTE,SELL,99.98,300,8,False
106174,4.655146,ADD,BUY,100.01,200,4,False
105531,4.656111,EXECUTE,BUY,100.01,200,5,False
106175,4.656885,ADD,SELL,100.04,200,4,False
103489,4.657685,CANCEL,SELL,99.97,200,3,False
106176,4.658015,ADD,SELL,100.04,200,4,False
103431,4.658926,EXECUTE,BUY,100.03,200,5,False
106177,4.65921,ADD,BUY,99.99,100,2,False
106178,4.660081,ADD,BUY,99.99,200,9,False
106179,4.660955,ADD,BUY,100.03,300,10,False
105972,4.661355,CANCEL,BUY,100.0,10000,11,True
104543,4.661737,EXECUTE,BUY,100.05,100,7,False
106180,4.662353,ADD,SELL,100.01,300,4,False
106181,4.662549,ADD,BUY,100.01,15000,11,True
106182,4.66302,ADD,BUY,100.0,200,6,False
106183,4.663813,ADD,BUY,99.99,100,7,False
106184,4.664538,ADD,SELL,100.0,300,1,False
106185,4.664959,ADD,BUY,100.03,100,10,False
106186,4.665546,ADD,BUY,100.0,500,7,False
102018,4.666287,EXECUTE,SELL,100.02,300,5,False
101744,4.666916,EXECUTE,BUY,99.97,300,7,False
106187,4.667748,ADD,BUY,100.03,1000,7,False
106188,4.668434,ADD,SELL,100.03,500,2,False
106189,4.668695,ADD,SELL,100.04,200,8,False
106190,4.669124,ADD,SELL,100.03,200,6,False
106191,4.669576,ADD,SELL,100.01,200,2,False
104701,4.670541,EXECUTE,BUY,99.99,100,10,False
106192,4.670704,ADD,SELL,99.99,100,5,False
106193,4.670913,ADD,BUY,99.99,10000,11,True
104416,4.671881,EXECUTE,SELL,99.96,200,3,False
106194,4.672002,ADD,BUY,99.98,100,10,False
106195,4.672921,ADD,BUY,99.95,1000,10,False
106196,4.673843,ADD,SELL,100.04,500,1,False
106197,4.674711,ADD,SELL,100.0,100,6,False
106198,4.674971,ADD,SELL,100.01,10000,11,True
106199,4.675626,ADD,BUY,99.98,200,4,False
106200,4.676317,ADD,BUY,100.0,200,8,False
106133,4.677135,EXECUTE,BUY,100.04,100,6,False
106201,4.6773,ADD,SELL,100.0,15000,11,True
106202,4.678225,ADD,BUY,99.98,100,2,False
106203,4.679154,ADD,BUY,100.02,200,3,False
106204,4.680056,ADD,BUY,100.01,200,5,False
105419,4.68018,CANCEL,SELL,100.0,100,6,False
106205,4.680356,ADD,SELL,100.05,100,4,False
106206,4.680791,ADD,SELL,99.96,300,2,False
106207,4.681556,ADD,BUY,100.02,200,9,False
105527,4.68235,EXECUTE,SELL,100.01,300,2,False
106208,4.682467,ADD,BUY,100.05,1000,6,False
106209,4.682851,ADD,BUY,99.97,100,9,False
106210,4.683074,ADD,SELL,99.96,300,8,False
106211,4.683322,ADD,BUY,100.0,300,2,False
106212,4.683967,ADD,SELL,99.97,200,7,False
105623,4.684856,CANCEL,BUY,99.99,5000,11,True
106213,4.685664,ADD,BUY,100.02,1000,5,False
105732,4.686407,CANCEL,SELL,99.97,1000,3,False
106214,4.687342,ADD,SELL,99.96,300,6,False
106215,4.687614,ADD,SELL,100.04,200,2,False
106062,4.688183,CANCEL,SELL,100.03,100,9,False
106216,4.688876,ADD,SELL,99.97,100,2,False
106217,4.6898,ADD,SELL,99.98,200,2,False
106218,4.690298,ADD,BUY,99.98,100,5,False
104607,4.690407,EXECUTE,BUY,99.98,500,2,False
101594,4.691037,CANCEL,SELL,100.0,10000,11,True
106219,4.691328,ADD,BUY,99.97,100,10,False
106220,4.691757,ADD,BUY,99.97,1000,5,False
106221,4.692061,ADD,SELL,100.04,200,1,False
106222,4.692686,ADD,BUY,100.01,300,10,False
106223,4.69287,ADD,BUY,100.0,300,2,False
105709,4.693857,CANCEL,SELL,100.02,500,5,False
106224,4.694759,ADD,SELL,100.0,100,8,False
101961,4.695536,CANCEL,SELL,100.01,15000,11,True
101866,4.696299,EXECUTE,BUY,100.05,300,9,False
106225,4.696936,ADD,SELL,100.03,500,9,False
106226,4.697863,ADD,BUY,99.99,300,8,False
105927,4.698647,CANCEL,BUY,99.99,300,9,False
106227,4.699283,ADD,SELL,99.97,300,4,False
103897,4.699981,CANCEL,SELL,100.0,15000,11,True
106228,4.700266,ADD,BUY,99.96,100,7,False
103639,4.700798,CANCEL,BUY,99.99,1000,3,False
106229,4.701096,ADD,SELL,100.04,200,1,False
106230,4.701273,ADD,BUY,100.0,100,2,False
106231,4.70193,ADD,BUY,99.97,100,3,False
106232,4.702372,ADD,SELL,100.02,500,3,False
106233,4.702878,ADD,SELL,99.99,300,4,False
102899,4.70338,EXECUTE,SELL,100.02,100,3,False
103071,4.703932,CANCEL,SELL,100.0,10000,11,True
106234,4.704848,ADD,SELL,99.97,100,4,False
106235,4.7057,ADD,SELL,100.03,500,2,False
106236,4.706552,ADD,SELL,100.05,200,5,False
106237,4.707002,ADD,SELL,100.0,100,7,False
106238,4.707329,ADD,SELL,99.99,100,5,False
106239,4.707838,ADD,BUY,100.02,300,9,False
106240,4.708007,ADD,SELL,99.96,200,10,False
106241,4.708855,ADD,SELL,100.04,500,8,False
106242,4.709327,ADD,BUY,100.02,100,4,False
105375,4.709886,EXECUTE,BUY,100.03,200,2,False
102150,4.710057,EXECUTE,BUY,100.0,500,10,False
106243,4.710696,ADD,BUY,99.96,200,10,False
105802,4.710904,EXECUTE,SELL,99.98,200,10,False
106244,4.711283,ADD,SELL,99.99,100,7,False
106245,4.711497,ADD,SELL,100.0,300,10,False
106246,4.712317,ADD,BUY,100.05,200,5,False
106247,4.71304,ADD,BUY,100.0,5000,11,True
102087,4.713669,EXECUTE,BUY,100.02,300,5,False
101045,4.714182,EXECUTE,BUY,99.96,300,7,False
104204,4.714831,EXECUTE,BUY,100.04,200,8,False
106248,4.715398,ADD,SELL,100.05,100,10,False
106249,4.715548,ADD,SELL,99.98,200,9,False
106250,4.715957,ADD,BUY,100.03,200,4,False
106251,4.716561,ADD,SELL,100.04,200,7,False
103343,4.717491,CANCEL,BUY,100.01,300,9,False
106252,4.71794,ADD,SELL,99.99,100,6,False
106253,4.71874,ADD,SELL,100.03,300,4,False
106254,4.719259,ADD,SELL,100.01,200,4,False
106255,4.719706,ADD,SELL,100.02,200,1,False
105577,4.720168,EXECUTE,SELL,100.02,200,8,False
106256,4.721014,ADD,SELL,100.04,200,1,False
105648,4.721563,CANCEL,SELL,100.04,300,9,False
105296,4.721891,EXECUTE,SELL,100.01,100,8,False
106257,4.722223,ADD,BUY,100.0,100,10,False
103058,4.722795,EXECUTE,BUY,100.01,300,7,False
106258,4.723468,ADD,SELL,99.98,300,8,False
106259,4.724084,ADD,BUY,100.04,500,5,False
104446,4.724766,CANCEL,SELL,99.98,200,4,False
105247,4.724955,EXECUTE,SELL,100.04,100,6,False
106260,4.725384,ADD,SELL,100.02,200,10,False
106261,4.726267,ADD,SELL,100.05,200,2,False
106262,4.726732,ADD,SELL,99.96,200,6,False
106263,4.726926,ADD,BUY,100.01,10000,11,True
106264,4.72705,ADD,BUY,99.95,100,10,False
104904,4.727177,EXECUTE,BUY,99.95,100,5,False
102616,4.728004,EXECUTE,SELL,100.0,100,10,False
106265,4.728515,ADD,BUY,100.0,200,5,False
100931,4.729306,EXECUTE,SELL,99.99,100,9,False
104992,4.729567,EXECUTE,SELL,100.04,200,1,False
102229,4.730501,EXECUTE,BUY,99.99,100,2,False
106266,4.731007,ADD,BUY,100.04,100,10,False
104908,4.731682,EXECUTE,BUY,100.03,300,4,False
106267,4.73245,ADD,BUY,99.99,100,8,False
106268,4.732816,ADD,BUY,100.03,200,5,False
106269,4.733493,ADD,SELL,100.04,200,5,False
106270,4.734359,ADD,SELL,100.03,100,2,False
106271,4.735114,ADD,SELL,99.99,10000,11,True
106272,4.735405,ADD,SELL,100.02,200,9,False
104573,4.7358,CANCEL,BUY,100.03,100,2,False
106273,4.736716,ADD,BUY,100.02,500,8,False
106274,4.736992,ADD,BUY,99.98,200,5,False
106275,4.737178,ADD,BUY,99.98,500,10,False
106276,4.737386,ADD,BUY,100.04,100,4,False
106277,4.737801,ADD,SELL,100.05,500,5,False
106278,4.738103,ADD,BUY,100.02,300,3,False
106279,4.738335,ADD,BUY,100.04,100,8,False
106280,4.739073,ADD,BUY,100.01,100,9,False
106281,4.739176,ADD,BUY,100.04,300,1,False
105234,4.739375,EXECUTE,SELL,100.04,200,7,False
106282,4.740302,ADD,SELL,100.04,100,4,False
106283,4.740563,ADD,BUY,100.04,200,7,False
106284,4.740829,ADD,SELL,99.95,100,9,False
106285,4.741417,ADD,BUY,99.95,500,4,False
106286,4.742129,ADD,SELL,100.0,300,1,False
106287,4.742403,ADD,SELL,99.95,500,9,False
106288,4.742722,ADD,BUY,99.98,200,6,False
105703,4.743141,EXECUTE,BUY,99.97,100,5,False
103360,4.743994,EXECUTE,BUY,100.03,200,5,False
106289,4.744556,ADD,SELL,100.04,500,4,False
106250,4.745265,EXECUTE,BUY,100.03,200,4,False
106290,4.745469,ADD,BUY,100.04,200,8,False
106291,4.746395,ADD,SELL,99.97,100,1,False
103131,4.747057,EXECUTE,BUY,99.98,200,8,False
104958,4.747571,EXECUTE,BUY,99.99,100,9,False
104531,4.748241,EXECUTE,SELL,99.98,200,4,False
106292,4.748998,ADD,SELL,100.04,100,10,False
106293,4.749959,ADD,BUY,100.01,15000,11,True
106294,4.75008,ADD,SELL,99.99,100,6,False
106295,4.751022,ADD,SELL,99.95,200,7,False
106296,4.751888,ADD,BUY,100.04,200,10,False
104095,4.752618,EXECUTE,BUY,100.03,200,2,False
106297,4.753335,ADD,BUY,99.99,100,10,False
106298,4.753984,ADD,BUY,100.02,500,10,False
102516,4.754091,EXECUTE,BUY,99.98,200,10,False
106299,4.754886,ADD,BUY,99.96,1000,1,False
106300,4.755046,ADD,SELL,100.01,100,9,False
106301,4.755242,ADD,BUY,100.03,300,8,False
103759,4.756132,EXECUTE,BUY,99.98,200,2,False
106302,4.757066,ADD,BUY,99.99,200,1,False
106303,4.757912,ADD,BUY,100.05,100,8,False
102652,4.758565,EXECUTE,SELL,100.01,500,1,False
105404,4.758698,EXECUTE,BUY,99.96,300,7,False
106304,4.759453,ADD,SELL,99.98,100,5,False
104948,4.760119,EXECUTE,SELL,100.04,100,10,False
102572,4.76056,EXECUTE,BUY,99.98,500,10,False
101917,4.760966,EXECUTE,BUY,99.98,200,10,False
106305,4.761726,ADD,BUY,100.05,200,5,False
106306,4.762176,ADD,SELL,100.02,200,9,False
106307,4.763113,ADD,BUY,100.05,300,8,False
106308,4.763826,ADD,BUY,100.02,500,8,False
106309,4.764816,ADD,SELL,100.04,500,3,False
106310,4.765464,ADD,SELL,100.0,200,5,False
106311,4.766402,ADD,SELL,100.02,1000,9,False
106312,4.766722,ADD,SELL,100.01,100,4,False
106313,4.767462,ADD,BUY,99.99,100,2,False
106314,4.767763,ADD,SELL,99.97,200,3,False
106315,4.768151,ADD,BUY,100.03,100,1,False
106316,4.768634,ADD,BUY,99.99,100,5,False
106317,4.768863,ADD,SELL,99.98,200,6,False
106318,4.76978,ADD,BUY,99.96,200,1,False
106021,4.770321,EXECUTE,SELL,100.0,200,3,False
106319,4.770598,ADD,SELL,100.02,200,3,False
106320,4.770766,ADD,SELL,99.97,100,9,False
103426,4.771744,EXECUTE,SELL,99.98,200,2,False
106321,4.772191,ADD,SELL,99.99,200,8,False
105472,4.77252,EXECUTE,BUY,100.04,300,2,False
106322,4.773135,ADD,SELL,100.02,200,8,False
105659,4.773418,EXECUTE,SELL,99.95,200,4,False
105476,4.774345,EXECUTE,BUY,100.01,200,6,False
102636,4.774709,EXECUTE,SELL,100.02,300,6,False
104356,4.775688,EXECUTE,BUY,100.04,300,10,False
106323,4.776408,ADD,SELL,99.99,300,3,False
106324,4.776748,ADD,SELL,100.0,200,7,False
104001,4.777597,EXECUTE,SELL,99.96,200,5,False
106325,4.777853,ADD,SELL,100.0,10000,11,True
101393,4.778335,EXECUTE,SELL,99.97,100,2,False
101168,4.778979,EXECUTE,BUY,100.0,300,5,False
106326,4.77957,ADD,BUY,99.99,100,1,False
106327,4.780565,ADD,BUY,100.05,300,7,False
106328,4.781051,ADD,SELL,99.99,1000,3,False
106329,4.781878,ADD,SELL,99.99,100,7,False
106330,4.782098,ADD,SELL,99.99,100,6,False
106331,4.782283,ADD,SELL,100.0,500,5,False
102965,4.783172,EXECUTE,SELL,100.04,1000,8,False
106332,4.783921,ADD,BUY,99.96,100,9,False
106333,4.784563,ADD,SELL,100.03,300,1,False
101688,4.78521,EXECUTE,BUY,100.03,500,3,False
106334,4.78562,ADD,BUY,99.97,300,5,False
106335,4.785927,ADD,BUY,99.96,200,7,False
106336,4.786759,ADD,SELL,99.99,100,10,False
100704,4.787192,CANCEL,SELL,100.0,100,3,False
106337,4.787293,ADD,BUY,99.96,100,6,False
106338,4.787804,ADD,SELL,100.05,200,9,False
106339,4.788597,ADD,BUY,100.04,100,4,False
106340,4.789097,ADD,BUY,99.99,100,3,False
106341,4.789334,ADD,BUY,100.01,200,8,False
106342,4.790238,ADD,BUY,100.0,200,8,False
106343,4.791171,ADD,SELL,100.03,100,3,False
106344,4.79134,ADD,SELL,99.99,300,10,False
106345,4.791954,ADD,BUY,99.97,200,6,False
106346,4.7925,ADD,BUY,99.95,200,9,False
106347,4.792609,ADD,SELL,100.02,500,8,False
105844,4.793,EXECUTE,SELL,100.01,300,9,False
106348,4.793486,ADD,BUY,100.03,200,8,False
106349,4.793921,ADD,SELL,100.0,200,3,False
105264,4.794028,EXECUTE,SELL,99.96,100,7,False
105109,4.79422,EXECUTE,SELL,99.98,200,9,False
105156,4.79487,EXECUTE,SELL,99.96,100,4,False
102313,4.795618,CANCEL,BUY,100.01,100,4,False
106350,4.79595,ADD,SELL,99.96,100,5,False
106351,4.796263,ADD,BUY,100.04,300,10,False
106176,4.79687,CANCEL,SELL,100.04,200,4,False
106352,4.79711,ADD,BUY,100.02,300,1,False
106353,4.797442,ADD,BUY,100.04,500,6,False
106354,4.798331,ADD,BUY,100.04,200,6,False
106355,4.798741,ADD,SELL,100.01,100,6,False
106356,4.799602,ADD,SELL,99.96,500,1,False
106357,4.800075,ADD,SELL,100.0,100,4,False
106358,4.800307,ADD,SELL,100.02,300,7,False
106359,4.80077,ADD,BUY,99.97,200,4,False
106360,4.801241,ADD,BUY,99.97,200,1,False
105813,4.801926,EXECUTE,SELL,99.96,200,6,False
105926,4.802759,EXECUTE,BUY,100.03,1000,10,False
106361,4.803094,ADD,SELL,99.98,100,4,False
106362,4.803848,ADD,SELL,100.02,1000,6,False
106363,4.804437,ADD,BUY,99.98,500,3,False
106364,4.804633,ADD,SELL,100.03,100,6,False
106365,4.805081,ADD,SELL,100.05,200,2,False
106366,4.805671,ADD,BUY,99.97,200,1,False
106367,4.80616,ADD,BUY,100.05,200,4,False
106368,4.806728,ADD,BUY,100.03,200,9,False
106369,4.807434,ADD,SELL,99.97,200,10,False
104301,4.808011,EXECUTE,BUY,100.0,1000,1,False
106370,4.808883,ADD,SELL,99.97,100,8,False
102220,4.809578,EXECUTE,BUY,100.04,200,6,False
106371,4.810291,ADD,SELL,99.96,200,7,False
103845,4.810416,CANCEL,BUY,100.01,5000,11,True
106372,4.81102,ADD,SELL,100.02,100,2,False
106337,4.811689,CANCEL,BUY,99.96,100,6,False
106373,4.812606,ADD,SELL,100.02,300,3,False
106374,4.813524,ADD,BUY,100.01,300,5,False
106340,4.814362,EXECUTE,BUY,99.99,100,3,False
106375,4.814934,ADD,BUY,100.02,100,4,False
104189,4.815881,EXECUTE,SELL,99.96,500,5,False
106376,4.816421,ADD,BUY,99.98,200,2,False
106377,4.81701,ADD,BUY,99.99,15000,11,True
106378,4.817395,ADD,SELL,100.02,100,4,False
106379,4.818195,ADD,SELL,100.02,300,4,False
106105,4.818724,EXECUTE,BUY,99.96,100,9,False
106380,4.819008,ADD,BUY,99.97,200,7,False
106381,4.819888,ADD,BUY,99.99,100,6,False
106382,4.820591,ADD,SELL,100.01,10000,11,True
106383,4.821452,ADD,BUY,100.0,1000,6,False
106384,4.821764,ADD,BUY,100.01,100,6,False
106385,4.8226,ADD,BUY,100.02,500,8,False
106386,4.823487,ADD,BUY,99.95,300,1,False
106387,4.823718,ADD,BUY,99.97,500,4,False
106388,4.824676,ADD,BUY,99.96,200,2,False
106389,4.825462,ADD,SELL,100.03,300,10,False
103650,4.8263,EXECUTE,BUY,99.99,100,2,False
106390,4.826929,ADD,BUY,99.96,1000,7,False
106391,4.827511,ADD,BUY,99.99,300,6,False
106392,4.828132,ADD,BUY,100.02,1000,9,False
106393,4.829115,ADD,BUY,100.04,500,9,False
106394,4.829923,ADD,BUY,99.96,500,5,False
101558,4.830572,EXECUTE,SELL,100.04,200,3,False
106395,4.831556,ADD,SELL,100.05,200,10,False
103622,4.832405,EXECUTE,SELL,99.97,300,10,False
101209,4.832886,EXECUTE,BUY,99.95,200,4,False
106396,4.83364,ADD,BUY,99.99,200,7,False
106397,4.834381,ADD,BUY,99.96,200,8,False
102810,4.834915,EXECUTE,SELL,100.01,200,3,False
106398,4.835894,ADD,SELL,100.02,100,10,False
106399,4.836401,ADD,SELL,100.04,300,2,False
106400,4.837208,ADD,BUY,100.0,10000,11,True
106401,4.837693,ADD,SELL,99.96,1000,5,False
101622,4.838101,EXECUTE,BUY,100.05,500,10,False
106402,4.83869,ADD,SELL,100.02,300,3,False
100611,4.839117,EXECUTE,SELL,99.99,200,3,False
106403,4.839636,ADD,BUY,100.02,500,5,False
106404,4.839786,ADD,SELL,100.02,300,5,False
106405,4.840166,ADD,SELL,99.99,100,7,False
106406,4.840759,ADD,BUY,100.04,200,6,False
102054,4.841535,CANCEL,BUY,100.01,15000,11,True
105771,4.841779,EXECUTE,BUY,99.98,100,6,False
106407,4.842278,ADD,SELL,99.97,200,4,False
103525,4.842644,CANCEL,BUY,99.99,20000,11,True
104702,4.842818,EXECUTE,SELL,100.01,300,2,False
106408,4.843359,ADD,SELL,99.97,100,7,False
106409,4.843748,ADD,BUY,100.01,15000,11,True
106410,4.844177,ADD,BUY,99.99,300,8,False
106411,4.844792,ADD,BUY,100.02,1000,3,False
106412,4.845189,ADD,SELL,100.02,300,8,False
106413,4.846178,ADD,SELL,99.95,300,5,False
106265,4.84704,EXECUTE,BUY,100.0,200,5,False
106414,4.847226,ADD,SELL,99.98,300,4,False
105145,4.847971,CANCEL,BUY,100.01,10000,11,True
102883,4.848737,CANCEL,SELL,100.0,100,4,False
106415,4.849581,ADD,BUY,99.96,100,1,False
106416,4.850159,ADD,BUY,99.95,100,3,False
106417,4.850458,ADD,SELL,99.96,100,5,False
103439,4.851405,CANCEL,BUY,100.0,20000,11,True
106418,4.852024,ADD,BUY,99.98,1000,3,False
106419,4.852314,ADD,SELL,99.96,100,4,False
106420,4.853213,ADD,SELL,100.04,100,10,False
101524,4.853551,EXECUTE,BUY,100.02,300,2,False
101218,4.854088,EXECUTE,BUY,100.0,200,1,False
106421,4.854734,ADD,BUY,100.0,300,6,False
106422,4.855602,ADD,BUY,99.96,100,10,False
102507,4.856195,EXECUTE,BUY,100.03,300,10,False
106423,4.856925,ADD,SELL,100.0,500,8,False
104054,4.857509,CANCEL,BUY,100.0,10000,11,True
104720,4.857832,EXECUTE,BUY,100.04,100,5,False
106424,4.858264,ADD,BUY,100.05,300,6,False
106425,4.858573,ADD,SELL,99.96,200,8,False
104256,4.859517,EXECUTE,SELL,100.05,100,7,False
106426,4.859865,ADD,BUY,100.0,5000,11,True
106427,4.860576,ADD,BUY,100.01,300,5,False
106428,4.861072,ADD,BUY,99.98,200,4,False
100450,4.861448,EXECUTE,BUY,99.98,200,3,False
106269,4.86159,EXECUTE,SELL,100.04,200,5,False
106429,4.862049,ADD,BUY,100.05,1000,7,False
106430,4.862954,ADD,BUY,100.04,100,9,False
106431,4.863165,ADD,BUY,100.04,300,5,False
106432,4.864094,ADD,SELL,99.98,200,3,False
105894,4.864323,EXECUTE,BUY,99.95,100,1,False
105151,4.865272,EXECUTE,BUY,100.01,200,8,False
106433,4.865631,ADD,BUY,100.04,200,9,False
106434,4.866357,ADD,SELL,100.02,300,4,False
106353,4.866633,EXECUTE,BUY,100.04,500,6,False
100549,4.867494,EXECUTE,SELL,99.99,100,1,False
106435,4.868092,ADD,BUY,100.0,15000,11,True
106436,4.868742,ADD,SELL,99.96,200,5,False
106437,4.869405,ADD,BUY,100.02,200,4,False
102929,4.870301,EXECUTE,BUY,99.96,300,10,False
106205,4.870468,EXECUTE,SELL,100.05,100,4,False
106438,4.871005,ADD,BUY,100.03,500,3,False
106439,4.871861,ADD,SELL,99.97,300,7,False
106440,4.872019,ADD,BUY,99.98,300,6,False
106441,4.872291,ADD,BUY,100.0,300,9,False
106442,4.87247,ADD,BUY,100.02,100,2,False
102449,4.872991,EXECUTE,SELL,99.96,100,9,False
106443,4.873661,ADD,BUY,99.97,200,6,False
106444,4.874346,ADD,SELL,99.96,300,9,False
106445,4.875078,ADD,BUY,99.98,500,2,False
106446,4.875701,ADD,BUY,100.03,300,1,False
106447,4.876121,ADD,SELL,100.03,200,5,False
100618,4.87649,EXECUTE,BUY,99.99,100,9,False
104409,4.87738,EXECUTE,SELL,100.02,500,6,False
103308,4.877866,EXECUTE,SELL,100.04,200,1,False
106448,4.878259,ADD,SELL,99.95,300,10,False
106449,4.879071,ADD,BUY,99.96,200,3,False
106450,4.879831,ADD,SELL,100.0,100,6,False
106451,4.880577,ADD,SELL,99.99,300,7,False
106452,4.881168,ADD,BUY,100.0,15000,11,True
106453,4.881552,ADD,SELL,100.01,300,1,False
101367,4.881652,EXECUTE,SELL,99.97,100,5,False
106454,4.881822,ADD,BUY,100.0,300,3,False
106455,4.882507,ADD,BUY,100.01,300,7,False
106456,4.883051,ADD,SELL,99.98,100,4,False
106457,4.883757,ADD,BUY,99.99,100,8,False
106458,4.884632,ADD,SELL,99.96,100,9,False
106459,4.885618,ADD,BUY,100.03,300,9,False
106460,4.885785,ADD,BUY,100.05,300,5,False
106461,4.886022,ADD,SELL,100.03,1000,7,False
106462,4.886973,ADD,BUY,99.99,15000,11,True
106463,4.88764,ADD,BUY,99.96,100,9,False
106464,4.887957,ADD,SELL,100.04,200,8,False
106465,4.88849,ADD,SELL,99.97,200,10,False
106466,4.889242,ADD,SELL,100.01,100,5,False
102947,4.890064,CANCEL,SELL,99.97,200,2,False
106467,4.890926,ADD,BUY,99.95,100,2,False
106468,4.89192,ADD,BUY,99.98,100,8,False
106469,4.892734,ADD,BUY,100.01,300,6,False
106470,4.892859,ADD,SELL,99.97,200,10,False
106471,4.893387,ADD,SELL,100.01,5000,11,True
106472,4.894318,ADD,BUY,99.95,500,4,False
106409,4.895282,CANCEL,BUY,100.01,15000,11,True
106473,4.895429,ADD,SELL,100.01,100,10,False
106474,4.895984,ADD,BUY,100.02,500,4,False
106475,4.896204,ADD,BUY,99.98,200,6,False
105228,4.896804,EXECUTE,BUY,99.98,300,5,False
106476,4.897037,ADD,BUY,99.98,200,7,False
106477,4.897868,ADD,SELL,100.04,500,4,False
106478,4.898834,ADD,SELL,99.95,300,3,False
105119,4.899454,CANCEL,BUY,99.95,100,9,False
101174,4.899953,EXECUTE,SELL,100.04,100,9,False
103179,4.9008,EXECUTE,SELL,100.04,100,1,False
106124,4.901348,EXECUTE,BUY,100.01,300,6,False
106479,4.901674,ADD,SELL,100.01,200,1,False
106480,4.902536,ADD,SELL,100.0,200,10,False
104886,4.90332,EXECUTE,SELL,99.99,200,3,False
106481,4.903894,ADD,SELL,99.99,5000,11,True
106482,4.904368,ADD,SELL,99.98,100,10,False
104887,4.905361,EXECUTE,BUY,100.03,300,9,False
106483,4.906102,ADD,SELL,100.02,500,5,False
106484,4.907067,ADD,BUY,99.99,200,7,False
106485,4.907724,ADD,BUY,100.02,100,3,False
106486,4.908105,ADD,SELL,99.99,200,4,False
105115,4.908808,EXECUTE,SELL,100.01,1000,7,False
106487,4.909303,ADD,BUY,100.05,300,7,False
102957,4.909605,EXECUTE,BUY,99.97,300,9,False
106488,4.91027,ADD,BUY,99.96,1000,3,False
106489,4.910584,ADD,SELL,100.0,500,4,False
106490,4.911203,ADD,SELL,100.01,200,3,False
104565,4.912137,EXECUTE,SELL,99.98,100,5,False
106491,4.912793,ADD,BUY,100.03,200,5,False
106342,4.912899,CANCEL,BUY,100.0,200,8,False
106492,4.913722,ADD,BUY,100.0,300,5,False
106493,4.914353,ADD,SELL,99.96,300,2,False
106494,4.915032,ADD,BUY,100.03,100,3,False
106495,4.915416,ADD,SELL,99.99,100,2,False
106496,4.91627,ADD,BUY,100.02,300,3,False
106497,4.916846,ADD,SELL,99.99,200,3,False
103205,4.917718,EXECUTE,SELL,99.95,200,8,False
104155,4.91866,CANCEL,BUY,100.0,100,3,False
106498,4.919487,ADD,BUY,99.99,200,7,False
106499,4.920453,ADD,SELL,99.97,100,6,False
106222,4.920935,CANCEL,BUY,100.01,300,10,False
106500,4.921483,ADD,BUY,100.0,5000,11,True
106501,4.922399,ADD,SELL,99.96,100,7,False
106502,4.923288,ADD,SELL,99.96,300,3,False
106503,4.923997,ADD,BUY,100.0,15000,11,True
106504,4.924572,ADD,BUY,100.02,500,7,False
104532,4.924982,EXECUTE,BUY,100.0,100,4,False
106505,4.925417,ADD,SELL,100.04,1000,9,False
106506,4.925521,ADD,SELL,99.98,100,7,False
106507,4.925706,ADD,SELL,100.01,100,4,False
106508,4.925937,ADD,SELL,100.03,1000,5,False
106379,4.926925,EXECUTE,SELL,100.02,300,4,False
106509,4.927416,ADD,BUY,100.0,200,10,False
106510,4.928102,ADD,SELL,99.96,200,2,False
106511,4.928606,ADD,BUY,99.96,200,6,False
106512,4.929234,ADD,SELL,99.96,100,4,False
106513,4.929456,ADD,BUY,99.99,300,2,False
100673,4.930347,EXECUTE,SELL,99.99,500,5,False
106514,4.931202,ADD,SELL,100.01,15000,11,True
103895,4.931827,EXECUTE,BUY,100.02,100,5,False
102485,4.932528,CANCEL,SELL,99.96,100,5,False
106515,4.93267,ADD,SELL,100.05,200,1,False
105112,4.93291,EXECUTE,SELL,99.95,300,7,False
106516,4.933366,ADD,SELL,100.01,100,5,False
106517,4.934134,ADD,SELL,100.03,500,9,False
106518,4.934449,ADD,BUY,100.0,100,8,False
106519,4.9347,ADD,BUY,100.0,1000,5,False
105782,4.935507,CANCEL,SELL,99.99,100,8,False
106520,4.936301,ADD,BUY,100.01,200,8,False
105696,4.93658,EXECUTE,SELL,100.01,1000,5,False
104661,4.93744,CANCEL,SELL,100.0,5000,11,True
105850,4.938341,CANCEL,SELL,100.0,300,6,False
106521,4.938996,ADD,SELL,100.0,300,3,False
101712,4.93979,EXECUTE,BUY,99.99,300,10,False
106522,4.94008,ADD,BUY,100.01,100,2,False
106523,4.940895,ADD,SELL,99.98,100,4,False
106524,4.941275,ADD,BUY,100.03,1000,7,False
103013,4.942012,EXECUTE,SELL,100.02,200,7,False
106525,4.942496,ADD,SELL,99.95,300,2,False
106526,4.943246,ADD,SELL,99.95,300,10,False
103409,4.943463,CANCEL,BUY,100.02,1000,6,False
106527,4.944037,ADD,SELL,100.01,300,7,False
106528,4.944782,ADD,BUY,99.95,200,7,False
106529,4.945731,ADD,SELL,99.97,200,3,False
106530,4.946128,ADD,BUY,99.95,300,4,False
106531,4.946852,ADD,SELL,100.03,100,7,False
106532,4.947822,ADD,BUY,100.01,100,3,False
106533,4.948721,ADD,SELL,99.99,100,10,False
102465,4.949164,CANCEL,BUY,100.05,500,4,False
106534,4.949916,ADD,SELL,99.97,200,4,False
102888,4.95088,CANCEL,BUY,100.03,300,2,False
106535,4.951225,ADD,BUY,100.01,15000,11,True
106425,4.952101,EXECUTE,SELL,99.96,200,8,False
106536,4.952854,ADD,BUY,99.97,500,3,False
106537,4.952976,ADD,SELL,100.02,100,10,False
106538,4.953797,ADD,BUY,100.02,300,1,False
106539,4.953931,ADD,SELL,100.05,100,10,False
106540,4.954629,ADD,SELL,99.95,300,10,False
106541,4.955215,ADD,SELL,100.02,200,10,False
106542,4.955618,ADD,SELL,100.0,300,6,False
105336,4.956555,EXECUTE,BUY,99.96,300,6,False
106543,4.957087,ADD,BUY,100.05,500,3,False
106544,4.957556,ADD,BUY,100.02,100,3,False
105903,4.958413,CANCEL,BUY,99.98,500,1,False
106545,4.958793,ADD,BUY,100.0,15000,11,True
104509,4.959633,EXECUTE,SELL,99.99,500,5,False
106546,4.96047,ADD,BUY,100.03,1000,7,False
106547,4.960732,ADD,BUY,99.98,300,10,False
106548,4.961148,ADD,BUY,99.96,100,2,False
104546,4.961813,EXECUTE,BUY,99.96,100,10,False
105243,4.962291,EXECUTE,SELL,99.97,300,8,False
106549,4.963095,ADD,BUY,100.01,15000,11,True
106550,4.964062,ADD,BUY,99.99,200,5,False
106551,4.96437,ADD,SELL,100.03,200,9,False
106552,4.965276,ADD,BUY,99.96,200,4,False
104577,4.965942,CANCEL,BUY,99.99,5000,11,True
106553,4.966576,ADD,BUY,99.97,1000,3,False
106554,4.967475,ADD,SELL,100.01,300,9,False
106555,4.968458,ADD,SELL,100.0,100,9,False
106556,4.968731,ADD,BUY,100.02,100,2,False
105330,4.969229,EXECUTE,BUY,99.97,300,1,False
106557,4.969475,ADD,BUY,99.98,100,5,False
106558,4.969927,ADD,SELL,99.96,100,7,False
106559,4.970784,ADD,BUY,100.03,200,2,False
106560,4.971285,ADD,SELL,100.0,500,2,False
106561,4.972194,ADD,BUY,100.04,300,8,False
106562,4.972541,ADD,BUY,100.01,200,6,False
106563,4.972999,ADD,SELL,100.03,200,7,False
106564,4.973462,ADD,BUY,100.04,300,10,False
106565,4.973592,ADD,BUY,99.97,100,8,False
104540,4.974222,CANCEL,SELL,99.95,100,3,False
106566,4.974573,ADD,BUY,99.99,15000,11,True
106567,4.975385,ADD,BUY,100.01,10000,11,True
106568,4.975771,ADD,SELL,100.05,500,8,False
106569,4.976543,ADD,BUY,100.03,200,9,False
106570,4.977167,ADD,BUY,100.03,100,9,False
105962,4.977785,EXECUTE,SELL,99.97,100,4,False
101056,4.978233,EXECUTE,SELL,100.03,200,4,False
106571,4.978578,ADD,BUY,100.0,100,10,False
106572,4.979286,ADD,BUY,100.03,500,4,False
104616,4.979556,CANCEL,SELL,100.0,100,10,False
106573,4.980228,ADD,BUY,99.99,200,2,False
106574,4.980863,ADD,BUY,100.04,300,9,False
106575,4.981453,ADD,BUY,99.96,1000,3,False
106576,4.981848,ADD,SELL,99.96,200,10,False
106577,4.982673,ADD,SELL,100.03,200,2,False
106578,4.983424,ADD,SELL,100.03,100,9,False
104913,4.984378,CANCEL,SELL,100.02,300,6,False
106381,4.984484,EXECUTE,BUY,99.99,100,6,False
106579,4.9853,ADD,SELL,100.01,10000,11,True
106580,4.985952,ADD,SELL,100.05,100,7,False
106560,4.986747,EXECUTE,SELL,100.0,500,2,False
106581,4.986899,ADD,SELL,99.98,200,9,False
106582,4.98747,ADD,BUY,99.97,100,3,False
106583,4.988138,ADD,BUY,100.03,200,5,False
106584,4.989024,ADD,SELL,100.03,100,10,False
106585,4.989343,ADD,SELL,100.04,100,2,False
106586,4.990185,ADD,BUY,99.95,100,2,False
106587,4.990374,ADD,BUY,100.0,100,1,False
106588,4.990564,ADD,BUY,99.97,1000,8,False
106589,4.991089,ADD,BUY,100.04,100,9,False
106590,4.991971,ADD,SELL,99.99,100,2,False
106591,4.992666,ADD,SELL,100.04,200,3,False
106592,4.99363,ADD,SELL,99.99,10000,11,True
102968,4.994305,CANCEL,SELL,100.04,100,10,False
106593,4.994572,ADD,SELL,99.98,200,2,False
106594,4.995052,ADD,BUY,99.98,100,10,False
106595,4.995221,ADD,SELL,99.97,100,5,False
106596,4.995644,ADD,BUY,100.04,100,3,False
106597,4.995932,ADD,BUY,100.03,300,6,False
106598,4.996536,ADD,SELL,100.0,15000,11,True
106599,4.996807,ADD,BUY,100.04,100,7,False
106600,4.997145,ADD,BUY,100.02,100,4,False
106601,4.997523,ADD,SELL,99.97,1000,1,False
106602,4.998318,ADD,BUY,99.98,200,2,False
106603,4.998619,ADD,BUY,100.01,100,5,False
106604,4.999285,ADD,SELL,99.96,100,5,False
106605,4.999525,ADD,BUY,100.03,200,10,False
106606,4.999782,ADD,BUY,100.01,5000,11,True
106607,5.000552,ADD,SELL,100.03,300,4,False
106608,5.000653,ADD,BUY,100.05,100,3,False
106609,5.000971,ADD,SELL,99.97,100,9,False
106610,5.001375,ADD,BUY,100.03,100,7,False
106611,5.002006,ADD,SELL,99.97,200,5,False
105943,5.002982,EXECUTE,SELL,100.02,1000,7,False
106612,5.003507,ADD,SELL,100.04,500,6,False
106613,5.004023,ADD,SELL,100.04,300,7,False
106614,5.004279,ADD,BUY,99.99,10000,11,True
103978,5.005104,EXECUTE,BUY,100.05,1000,1,False
106615,5.005308,ADD,SELL,100.03,200,2,False
104707,5.006276,CANCEL,SELL,100.01,10000,11,True
106616,5.006521,ADD,BUY,100.04,100,3,False
106617,5.007035,ADD,SELL,99.97,200,2,False
106618,5.007325,ADD,SELL,100.0,1000,3,False
106619,5.007449,ADD,BUY,99.99,5000,11,True
100843,5.007561,CANCEL,SELL,100.01,300,3,False
106620,5.007877,ADD,SELL,100.02,200,6,False
102612,5.008756,EXECUTE,SELL,100.0,200,2,False
106621,5.009038,ADD,SELL,99.96,100,4,False
106622,5.009324,ADD,SELL,100.02,100,1,False
105773,5.009561,EXECUTE,SELL,100.01,200,10,False
106237,5.009748,EXECUTE,SELL,100.0,100,7,False
101569,5.010404,CANCEL,SELL,99.99,100,2,False
106623,5.011023,ADD,BUY,100.03,300,4,False
106624,5.011441,ADD,SELL,99.97,300,4,False
106625,5.011568,ADD,SELL,100.0,100,2,False
106626,5.012487,ADD,BUY,99.97,200,8,False
106627,5.013123,ADD,BUY,99.95,300,7,False
106628,5.013536,ADD,SELL,99.96,1000,6,False
106629,5.014431,ADD,BUY,100.03,100,4,False
100855,5.014893,EXECUTE,SELL,99.97,100,1,False
106630,5.01562,ADD,BUY,99.99,15000,11,True
106631,5.016618,ADD,SELL,99.99,300,6,False
106632,5.017112,ADD,BUY,99.98,100,6,False
104250,5.018077,CANCEL,SELL,99.95,100,2,False
106633,5.018466,ADD,BUY,99.96,100,1,False
104288,5.018945,CANCEL,SELL,99.95,100,1,False
106634,5.019798,ADD,SELL,100.02,200,5,False
106635,5.020564,ADD,SELL,99.99,1000,8,False
106636,5.021277,ADD,BUY,99.98,100,10,False
106637,5.022264,ADD,SELL,99.99,10000,11,True
106638,5.023261,ADD,BUY,99.97,300,9,False
106639,5.023726,ADD,BUY,100.04,300,7,False
106640,5.024313,ADD,SELL,99.99,100,10,False
106641,5.024688,ADD,BUY,99.99,100,6,False
106642,5.025344,ADD,BUY,100.02,100,1,False
104798,5.025658,EXECUTE,SELL,100.03,100,2,False
106643,5.02652,ADD,SELL,100.02,200,1,False
105617,5.027148,EXECUTE,SELL,100.03,100,5,False
106644,5.027705,ADD,SELL,100.02,200,3,False
103972,5.02864,EXECUTE,BUY,100.05,300,1,False
103466,5.029568,EXECUTE,SELL,100.01,200,1,False
106645,5.029834,ADD,SELL,99.96,300,4,False
106646,5.030353,ADD,SELL,99.98,200,2,False
106647,5.030579,ADD,SELL,100.0,300,2,False
106648,5.03157,ADD,BUY,99.96,100,4,False
106649,5.032509,ADD,SELL,100.02,300,1,False
105883,5.032733,EXECUTE,SELL,99.98,100,6,False
106650,5.033002,ADD,BUY,99.96,100,5,False
101017,5.033277,EXECUTE,BUY,99.98,500,2,False
106651,5.033908,ADD,SELL,100.03,300,9,False
106652,5.034871,ADD,BUY,100.04,300,8,False
106653,5.035173,ADD,BUY,100.0,200,8,False
106654,5.036152,ADD,BUY,100.02,300,2,False
106655,5.03696,ADD,BUY,99.95,200,7,False
103183,5.03714,EXECUTE,BUY,100.04,100,3,False
102686,5.037359,EXECUTE,SELL,99.98,100,7,False
106656,5.038257,ADD,BUY,100.04,100,3,False
106657,5.038907,ADD,BUY,99.97,100,8,False
100455,5.039233,EXECUTE,SELL,99.99,200,8,False
106658,5.040096,ADD,SELL,100.04,200,7,False
106659,5.04106,ADD,BUY,99.98,1000,7,False
105730,5.041669,EXECUTE,BUY,99.95,300,8,False
104000,5.042073,EXECUTE,SELL,99.97,200,9,False
106660,5.042687,ADD,SELL,100.0,100,7,False
106661,5.043601,ADD,SELL,99.97,100,10,False
106662,5.044248,ADD,BUY,99.99,15000,11,True
106663,5.045203,ADD,SELL,99.96,100,9,False
103685,5.046007,EXECUTE,SELL,100.01,500,10,False
106664,5.046765,ADD,BUY,99.99,300,2,False
106665,5.047015,ADD,SELL,99.99,200,5,False
105328,5.047967,CANCEL,BUY,100.01,15000,11,True
106666,5.048101,ADD,SELL,99.95,200,5,False
106667,5.049032,ADD,SELL,99.98,200,9,False
106668,5.049501,ADD,BUY,99.99,300,1,False
101781,5.049728,EXECUTE,BUY,100.0,200,4,False
106669,5.050464,ADD,BUY,100.0,500,1,False
106670,5.050569,ADD,BUY,99.97,100,3,False
106671,5.051429,ADD,SELL,100.02,200,3,False
106672,5.052312,ADD,SELL,99.99,1000,10,False
106673,5.053009,ADD,BUY,100.03,200,6,False
101805,5.053214,EXECUTE,BUY,100.04,1000,5,False
106674,5.053704,ADD,BUY,99.98,100,1,False
106675,5.053988,ADD,SELL,99.99,300,9,False
106267,5.054825,CANCEL,BUY,99.99,100,8,False
106676,5.055446,ADD,BUY,100.0,10000,11,True
106677,5.055842,ADD,BUY,100.04,200,1,False
106678,5.056546,ADD,BUY,99.99,300,10,False
106679,5.057077,ADD,SELL,100.01,200,4,False
106680,5.057648,ADD,BUY,100.05,200,3,False
106681,5.058608,ADD,BUY,99.97,500,4,False
106682,5.059244,ADD,SELL,100.01,100,9,False
106683,5.059554,ADD,BUY,100.0,100,5,False
104987,5.060164,EXECUTE,SELL,100.03,100,8,False
106684,5.061137,ADD,SELL,100.05,1000,4,False
106685,5.062105,ADD,SELL,100.03,100,5,False
106686,5.062754,ADD,SELL,100.04,100,1,False
106687,5.063208,ADD,SELL,100.03,100,4,False
106688,5.063458,ADD,SELL,100.0,200,9,False
106689,5.063587,ADD,SELL,99.97,300,10,False
103690,5.064114,EXECUTE,BUY,100.04,100,6,False
104892,5.064721,EXECUTE,BUY,99.99,200,2,False
106690,5.065194,ADD,BUY,99.99,300,1,False
106691,5.065834,ADD,BUY,99.97,100,3,False
106633,5.066019,CANCEL,BUY,99.96,100,1,False
106692,5.06696,ADD,BUY,99.97,100,1,False
106693,5.067089,ADD,BUY,100.0,200,10,False
106694,5.067538,ADD,SELL,100.03,100,5,False
106695,5.068183,ADD,SELL,100.04,100,1,False
106696,5.068909,ADD,SELL,100.0,5000,11,True
106697,5.069766,ADD,SELL,100.0,15000,11,True
106698,5.070323,ADD,BUY,100.04,100,9,False
105945,5.070686,EXECUTE,SELL,99.95,300,10,False
105819,5.071239,EXECUTE,SELL,99.98,500,5,False
106699,5.071687,ADD,SELL,99.97,200,10,False
106700,5.072466,ADD,BUY,99.99,10000,11,True
103160,5.0734,CANCEL,BUY,100.02,500,7,False
101002,5.073698,CANCEL,BUY,99.99,100,8,False
106701,5.074235,ADD,SELL,99.99,20000,11,True
103635,5.075209,CANCEL,BUY,99.98,200,5,False
106702,5.075995,ADD,SELL,100.0,10000,11,True
106422,5.076752,EXECUTE,BUY,99.96,100,10,False
106703,5.077397,ADD,SELL,99.99,200,5,False
106704,5.077522,ADD,SELL,99.98,200,6,False
106705,5.07826,ADD,BUY,99.96,200,7,False
106706,5.078771,ADD,BUY,99.97,300,3,False
106707,5.079399,ADD,SELL,99.95,200,2,False
106708,5.079635,ADD,BUY,99.98,100,7,False
106709,5.080363,ADD,SELL,100.0,20000,11,True
106710,5.080832,ADD,SELL,100.02,100,4,False
104516,5.081227,EXECUTE,SELL,100.03,100,9,False
106711,5.081739,ADD,SELL,99.97,100,9,False
105038,5.081978,EXECUTE,BUY,100.02,200,2,False
106712,5.082872,ADD,BUY,100.01,500,7,False
105185,5.08382,EXECUTE,SELL,100.03,500,10,False
106713,5.084383,ADD,SELL,99.98,200,9,False
106714,5.085058,ADD,SELL,100.0,5000,11,True
103738,5.085512,EXECUTE,SELL,99.97,1000,10,False
101920,5.086252,EXECUTE,BUY,100.03,100,8,False
106715,5.08643,ADD,BUY,100.04,100,1,False
106716,5.08699,ADD,SELL,99.99,200,10,False
106634,5.087627,EXECUTE,SELL,100.02,200,5,False
106717,5.088378,ADD,SELL,100.01,200,4,False
104468,5.088992,EXECUTE,BUY,100.04,200,8,False
106718,5.089138,ADD,SELL,100.02,100,1,False
106719,5.089905,ADD,BUY,99.96,100,4,False
106720,5.0906,ADD,BUY,100.0,200,6,False
103254,5.091014,EXECUTE,SELL,100.03,300,1,False
105526,5.091468,CANCEL,SELL,99.99,100,6,False
106721,5.092215,ADD,SELL,100.04,500,4,False
106186,5.093135,EXECUTE,BUY,100.0,500,7,False
106722,5.094066,ADD,SELL,100.04,100,4,False
105929,5.095049,EXECUTE,SELL,99.95,200,2,False
106723,5.095628,ADD,BUY,99.99,100,9,False
104965,5.096293,EXECUTE,BUY,99.95,100,8,False
106724,5.096872,ADD,BUY,99.96,100,9,False
104462,5.097606,EXECUTE,BUY,99.97,100,7,False
106725,5.097825,ADD,BUY,100.02,500,8,False
106194,5.097989,CANCEL,BUY,99.98,100,10,False
106726,5.098592,ADD,BUY,99.97,200,10,False
106727,5.099221,ADD,BUY,100.05,100,2,False
106728,5.099954,ADD,SELL,99.96,1000,10,False
106729,5.100748,ADD,BUY,100.05,200,10,False
105608,5.100929,EXECUTE,BUY,100.03,200,4,False
106730,5.10114,ADD,BUY,99.99,200,7,False
106731,5.101887,ADD,BUY,99.97,200,3,False
104466,5.102646,CANCEL,BUY,99.99,10000,11,True
106732,5.103605,ADD,BUY,100.0,200,4,False
106733,5.103885,ADD,BUY,100.0,200,10,False
106734,5.104562,ADD,SELL,99.95,200,7,False
106735,5.104695,ADD,SELL,99.95,100,10,False
106736,5.105676,ADD,SELL,100.0,15000,11,True
105351,5.105955,EXECUTE,SELL,99.95,100,5,False
106737,5.106483,ADD,SELL,99.97,300,7,False
106738,5.107437,ADD,BUY,99.99,100,3,False
106739,5.107803,ADD,SELL,100.01,100,2,False
103924,5.10839,EXECUTE,BUY,99.99,500,9,False
106740,5.108723,ADD,SELL,100.01,300,10,False
106741,5.109638,ADD,SELL,100.0,100,5,False
106742,5.110075,ADD,BUY,100.0,10000,11,True
103618,5.110491,CANCEL,SELL,99.95,100,4,False
106743,5.110886,ADD,BUY,99.99,300,4,False
106729,5.111171,EXECUTE,BUY,100.05,200,10,False
106744,5.111779,ADD,SELL,100.02,200,9,False
106745,5.112048,ADD,BUY,100.0,100,10,False
101599,5.1129,EXECUTE,BUY,100.04,300,6,False
105313,5.113669,EXECUTE,BUY,99.99,100,10,False
106746,5.114108,ADD,SELL,99.96,100,1,False
105403,5.114259,CANCEL,BUY,100.01,15000,11,True
105572,5.115254,EXECUTE,BUY,100.01,10000,11,True
104510,5.116123,CANCEL,SELL,100.0,20000,11,True
106747,5.116836,ADD,SELL,99.98,200,6,False
102429,5.117351,EXECUTE,SELL,100.0,200,9,False
106748,5.117664,ADD,SELL,100.05,300,7,False
105003,5.118575,EXECUTE,BUY,99.99,500,8,False
106749,5.119263,ADD,BUY,99.95,100,7,False
106750,5.120111,ADD,BUY,100.02,300,6,False
106751,5.12098,ADD,SELL,100.03,100,4,False
104900,5.1217,EXECUTE,SELL,99.99,200,5,False
101298,5.122434,CANCEL,BUY,100.0,100,9,False
106752,5.122547,ADD,SELL,99.96,300,10,False
105723,5.123483,CANCEL,BUY,100.02,100,7,False
106753,5.124224,ADD,SELL,100.02,200,10,False
106754,5.124724,ADD,SELL,100.0,300,5,False
106023,5.125618,CANCEL,SELL,100.01,15000,11,True
102827,5.126136,EXECUTE,BUY,100.0,1000,8,False
106755,5.126412,ADD,BUY,99.97,200,4,False
106756,5.127161,ADD,BUY,100.03,300,3,False
104068,5.127432,EXECUTE,SELL,99.95,300,2,False
101067,5.127548,CANCEL,SELL,100.05,100,9,False
106757,5.128194,ADD,BUY,99.99,500,10,False
106758,5.128355,ADD,SELL,99.99,100,10,False
102239,5.128849,EXECUTE,SELL,100.02,100,7,False
106759,5.129072,ADD,SELL,99.98,200,6,False
106760,5.129415,ADD,BUY,99.97,100,7,False
106761,5.130183,ADD,BUY,99.96,300,7,False
106762,5.130455,ADD,SELL,99.97,300,10,False
106763,5.131373,ADD,SELL,99.98,200,9,False
106764,5.132118,ADD,BUY,100.04,100,4,False
106765,5.133003,ADD,BUY,99.96,100,2,False
103325,5.133844,EXECUTE,BUY,99.99,100,1,False
106456,5.134171,CANCEL,SELL,99.98,100,4,False
106766,5.134615,ADD,SELL,100.0,300,2,False
106767,5.135195,ADD,BUY,100.0,500,4,False
106768,5.136126,ADD,BUY,99.99,100,7,False
106769,5.137075,ADD,BUY,99.97,200,10,False
106770,5.137221,ADD,SELL,99.98,1000,7,False
106771,5.137648,ADD,SELL,99.97,500,5,False
106772,5.138163,ADD,BUY,100.0,500,6,False
106773,5.138572,ADD,SELL,99.96,100,7,False
102617,5.13934,EXECUTE,BUY,99.99,1000,9,False
106774,5.14003,ADD,BUY,100.0,300,2,False
106775,5.140985,ADD,BUY,99.95,200,4,False
106776,5.141509,ADD,SELL,100.01,100,6,False
106777,5.14249,ADD,BUY,100.0,200,6,False
106778,5.142782,ADD,BUY,99.96,200,2,False
106779,5.143725,ADD,BUY,100.05,100,4,False
106780,5.144061,ADD,BUY,99.96,300,8,False
102797,5.14479,EXECUTE,BUY,99.98,1000,7,False
106781,5.145098,ADD,BUY,100.01,5000,11,True
106782,5.145806,ADD,BUY,99.99,15000,11,True
106783,5.146775,ADD,BUY,99.99,300,3,False
101523,5.147541,EXECUTE,BUY,99.95,1000,10,False
104365,5.147665,EXECUTE,SELL,99.99,100,2,False
103613,5.147908,CANCEL,SELL,100.01,200,8,False
106784,5.148902,ADD,BUY,100.0,5000,11,True
106785,5.149749,ADD,SELL,99.99,20000,11,True
102857,5.150436,EXECUTE,SELL,99.96,100,2,False
106786,5.151056,ADD,SELL,99.96,100,2,False
101840,5.151357,CANCEL,SELL,99.98,300,4,False
106764,5.152008,EXECUTE,BUY,100.04,100,4,False
106787,5.15279,ADD,SELL,99.98,200,5,False
106788,5.153158,ADD,BUY,100.01,5000,11,True
101585,5.154138,EXECUTE,BUY,99.99,300,2,False
106789,5.154419,ADD,SELL,99.96,300,6,False
106790,5.155351,ADD,BUY,99.99,100,10,False
106791,5.155896,ADD,SELL,100.03,500,3,False
106792,5.156116,ADD,SELL,100.0,10000,11,True
106793,5.156727,ADD,SELL,100.0,200,2,False
106794,5.157283,ADD,SELL,100.01,200,3,False
106418,5.157578,EXECUTE,BUY,99.98,1000,3,False
106795,5.158505,ADD,BUY,99.99,100,10,False
106796,5.158784,ADD,SELL,99.96,300,6,False
106797,5.159252,ADD,BUY,99.99,1000,2,False
106798,5.15999,ADD,BUY,99.99,100,7,False
106799,5.160974,ADD,SELL,100.03,300,9,False
106800,5.161179,ADD,SELL,100.03,300,3,False
106801,5.161792,ADD,BUY,99.97,200,4,False
106802,5.162718,ADD,BUY,99.97,300,2,False
106803,5.163054,ADD,BUY,99.96,200,3,False
106804,5.163215,ADD,BUY,100.02,1000,9,False
106805,5.163895,ADD,SELL,99.95,200,9,False
105798,5.164721,CANCEL,BUY,99.98,200,1,False
105140,5.164923,EXECUTE,SELL,99.97,100,1,False
101895,5.16508,EXECUTE,SELL,99.99,200,3,False
106806,5.166077,ADD,SELL,100.0,15000,11,True
106807,5.166333,ADD,SELL,100.0,15000,11,True
106808,5.16661,ADD,BUY,100.03,200,8,False
106809,5.167098,ADD,SELL,99.99,100,5,False
102298,5.16794,EXECUTE,BUY,99.97,200,9,False
106810,5.16828,ADD,BUY,100.02,100,9,False
106811,5.168883,ADD,SELL,99.97,200,5,False
106812,5.168994,ADD,BUY,100.02,200,10,False
106660,5.169778,EXECUTE,SELL,100.0,100,7,False
106813,5.17027,ADD,SELL,99.96,200,10,False
106814,5.171128,ADD,BUY,99.97,100,3,False
106815,5.171406,ADD,BUY,99.98,200,6,False
106816,5.172342,ADD,SELL,99.96,500,6,False
106817,5.172992,ADD,BUY,99.97,300,3,False
106818,5.173558,ADD,BUY,99.98,300,2,False
106658,5.174446,EXECUTE,SELL,100.04,200,7,False
106819,5.174602,ADD,SELL,99.97,200,5,False
106820,5.175136,ADD,SELL,100.02,200,9,False
106821,5.175617,ADD,SELL,99.97,300,6,False
106822,5.1758,ADD,SELL,99.98,500,2,False
103436,5.176172,CANCEL,SELL,99.99,500,10,False
104290,5.176776,CANCEL,BUY,99.96,200,4,False
103255,5.177492,EXECUTE,SELL,100.01,300,4,False
106823,5.178029,ADD,BUY,99.96,200,1,False
106824,5.178605,ADD,SELL,100.02,200,8,False
106338,5.179291,CANCEL,SELL,100.05,200,9,False
104200,5.179995,CANCEL,SELL,100.0,10000,11,True
105568,5.180723,EXECUTE,SELL,100.05,500,6,False
106825,5.181051,ADD,SELL,100.0,200,5,False
106826,5.181307,ADD,SELL,99.99,500,9,False
106827,5.181888,ADD,SELL,100.0,10000,11,True
106828,5.182764,ADD,BUY,100.02,200,6,False
105036,5.182891,EXECUTE,BUY,100.0,300,5,False
106829,5.182997,ADD,BUY,100.05,100,1,False
106830,5.183219,ADD,SELL,100.02,300,7,False
106831,5.184085,ADD,SELL,99.95,100,6,False
106832,5.184362,ADD,SELL,99.98,200,9,False
106833,5.184595,ADD,SELL,99.99,100,3,False
106834,5.185064,ADD,BUY,100.01,500,6,False
106835,5.185405,ADD,SELL,100.04,500,9,False
106836,5.186154,ADD,SELL,100.0,200,10,False
103371,5.186905,EXECUTE,BUY,99.98,100,7,False
106837,5.187776,ADD,SELL,100.0,100,6,False
106838,5.188079,ADD,BUY,100.0,15000,11,True
106839,5.188531,ADD,SELL,100.03,500,1,False
106840,5.188662,ADD,BUY,100.0,15000,11,True
106841,5.188875,ADD,BUY,100.01,100,6,False
106842,5.189127,ADD,SELL,100.04,100,1,False
106843,5.18986,ADD,SELL,99.99,200,1,False
106844,5.190092,ADD,BUY,99.95,300,1,False
106845,5.19067,ADD,BUY,100.0,300,4,False
106846,5.190781,ADD,SELL,100.02,200,8,False
106847,5.191484,ADD,SELL,99.98,100,7,False
106848,5.192329,ADD,BUY,99.96,200,7,False
106849,5.193141,ADD,BUY,100.0,200,1,False
106850,5.19355,ADD,BUY,99.99,300,10,False
106851,5.193733,ADD,BUY,99.95,100,8,False
105432,5.194225,EXECUTE,BUY,100.04,100,1,False
104534,5.194439,CANCEL,BUY,100.0,15000,11,True
106852,5.195376,ADD,SELL,99.97,200,2,False
104767,5.195552,EXECUTE,SELL,100.03,100,5,False
105992,5.195735,EXECUTE,BUY,99.99,200,9,False
102936,5.195956,EXECUTE,SELL,100.04,200,1,False
106224,5.196543,CANCEL,SELL,100.0,100,8,False
104209,5.197383,CANCEL,BUY,100.04,100,6,False
106853,5.198355,ADD,SELL,100.02,300,1,False
106854,5.198951,ADD,BUY,99.96,100,2,False
106320,5.199439,EXECUTE,SELL,99.97,100,9,False
100740,5.199555,EXECUTE,SELL,100.04,100,9,False
106855,5.200065,ADD,SELL,100.03,200,9,False
104132,5.20041,EXECUTE,BUY,100.02,200,7,False
106830,5.200811,EXECUTE,SELL,100.02,300,7,False
106856,5.201088,ADD,SELL,100.04,300,7,False
106857,5.202078,ADD,SELL,100.03,300,8,False
104994,5.202477,EXECUTE,BUY,99.98,100,10,False
106858,5.202629,ADD,BUY,99.97,100,9,False
106859,5.203015,ADD,SELL,100.0,100,3,False
106860,5.203193,ADD,SELL,100.03,100,6,False
106861,5.203681,ADD,SELL,99.98,1000,9,False
106862,5.204199,ADD,BUY,100.01,100,6,False
102663,5.204357,EXECUTE,BUY,99.98,100,6,False
101739,5.204986,EXECUTE,SELL,99.97,500,10,False
103883,5.205532,CANCEL,SELL,99.96,300,8,False
106863,5.205731,ADD,SELL,100.0,200,1,False
106864,5.20672,ADD,SELL,100.0,10000,11,True
106865,5.206857,ADD,BUY,100.04,200,1,False
106866,5.207503,ADD,SELL,100.0,100,4,False
106867,5.208252,ADD,SELL,100.01,5000,11,True
105520,5.2089,EXECUTE,BUY,100.04,100,8,False
106868,5.209656,ADD,SELL,100.04,200,3,False
106869,5.210616,ADD,BUY,100.02,100,2,False
102816,5.211138,EXECUTE,BUY,99.98,100,9,False
106870,5.211405,ADD,SELL,100.02,100,8,False
105393,5.212362,CANCEL,SELL,100.03,300,9,False
106871,5.21315,ADD,BUY,100.04,1000,1,False
106872,5.214089,ADD,BUY,100.02,200,4,False
105749,5.214191,EXECUTE,SELL,100.04,200,3,False
106873,5.215168,ADD,BUY,99.97,300,2,False
106874,5.215335,ADD,BUY,100.0,300,10,False
106875,5.215779,ADD,BUY,99.99,200,3,False
106876,5.216754,ADD,SELL,100.03,100,6,False
105810,5.217691,EXECUTE,BUY,99.97,100,8,False
106877,5.218554,ADD,SELL,99.96,200,6,False
102621,5.219057,EXECUTE,BUY,100.04,100,1,False
106878,5.219381,ADD,BUY,100.03,200,1,False
106879,5.219513,ADD,BUY,99.97,100,2,False
100768,5.220425,EXECUTE,SELL,100.04,100,5,False
106880,5.220857,ADD,SELL,99.96,100,10,False
101162,5.221016,CANCEL,BUY,100.04,200,8,False
106881,5.22127,ADD,SELL,100.02,300,1,False
106882,5.221615,ADD,SELL,100.02,200,7,False
101635,5.222128,EXECUTE,BUY,99.96,300,3,False
106883,5.222598,ADD,BUY,100.03,200,7,False
106884,5.223579,ADD,SELL,99.97,200,7,False
106885,5.224212,ADD,SELL,100.0,200,5,False
106886,5.224926,ADD,SELL,100.01,300,5,False
106887,5.225571,ADD,SELL,100.01,300,4,False
106888,5.226379,ADD,SELL,100.01,300,5,False
106889,5.22655,ADD,SELL,100.02,300,9,False
106890,5.227204,ADD,SELL,100.03,100,4,False
106891,5.227332,ADD,SELL,100.01,100,10,False
106892,5.228098,ADD,SELL,100.01,100,5,False
103735,5.228203,EXECUTE,BUY,99.99,100,10,False
106893,5.229015,ADD,BUY,100.02,100,1,False
106894,5.229624,ADD,SELL,99.97,500,5,False
106895,5.230281,ADD,BUY,100.03,300,3,False
106896,5.230433,ADD,SELL,99.95,300,5,False
106897,5.231098,ADD,BUY,99.96,200,10,False
106898,5.231234,ADD,BUY,99.97,100,7,False
106899,5.231623,ADD,SELL,99.97,100,3,False
105232,5.232255,EXECUTE,BUY,99.96,100,3,False
106900,5.232609,ADD,BUY,100.01,100,6,False
106901,5.233463,ADD,BUY,100.04,100,5,False
106902,5.23383,ADD,SELL,99.98,200,3,False
106903,5.234178,ADD,BUY,100.01,300,6,False
100859,5.234317,EXECUTE,SELL,99.97,200,4,False
106904,5.234804,ADD,BUY,99.97,300,7,False
106905,5.235618,ADD,BUY,100.02,200,5,False
106906,5.236135,ADD,SELL,99.95,200,4,False
106907,5.237022,ADD,BUY,99.99,200,3,False
106908,5.237202,ADD,SELL,100.01,100,2,False
106909,5.237428,ADD,SELL,99.96,100,4,False
100566,5.238427,EXECUTE,SELL,99.99,300,10,False
106910,5.239293,ADD,SELL,100.0,15000,11,True
106911,5.239769,ADD,BUY,100.05,100,4,False
106912,5.24005,ADD,SELL,99.95,200,5,False
102895,5.240866,EXECUTE,SELL,99.99,100,1,False
106913,5.241676,ADD,BUY,100.03,300,9,False
106914,5.242528,ADD,SELL,99.96,200,7,False
104898,5.243249,EXECUTE,BUY,99.98,300,3,False
106915,5.243707,ADD,SELL,99.96,100,9,False
105259,5.244616,EXECUTE,SELL,100.0,300,8,False
104664,5.245297,EXECUTE,SELL,99.98,300,5,False
102053,5.245805,EXECUTE,BUY,99.96,200,1,False
102709,5.24591,CANCEL,BUY,100.0,300,6,False
106916,5.24677,ADD,BUY,100.0,100,5,False
106917,5.247065,ADD,BUY,99.96,300,5,False
106542,5.247631,EXECUTE,SELL,100.0,300,6,False
103956,5.248208,EXECUTE,SELL,100.02,200,2,False
106918,5.248705,ADD,BUY,99.96,100,8,False
106919,5.249666,ADD,SELL,100.05,500,6,False
106920,5.250249,ADD,BUY,99.99,200,2,False
104575,5.251012,EXECUTE,SELL,100.02,100,5,False
101659,5.251134,EXECUTE,SELL,99.96,500,10,False
106921,5.251493,ADD,SELL,100.0,500,6,False
106922,5.251763,ADD,BUY,100.03,100,7,False
102333,5.2524,CANCEL,BUY,99.97,200,8,False
106923,5.252743,ADD,BUY,99.96,100,7,False
106924,5.253559,ADD,BUY,100.02,300,1,False
105150,5.254311,EXECUTE,SELL,100.04,100,3,False
106925,5.25505,ADD,SELL,100.05,200,6,False
104613,5.255715,EXECUTE,SELL,99.95,100,1,False
106926,5.256375,ADD,SELL,100.05,300,4,False
106927,5.257329,ADD,BUY,99.99,15000,11,True
106928,5.257989,ADD,SELL,100.04,1000,9,False
101514,5.258678,CANCEL,SELL,100.0,300,2,False
106929,5.259022,ADD,SELL,100.03,200,5,False
106930,5.259966,ADD,BUY,100.0,300,4,False
106931,5.260316,ADD,BUY,100.04,300,6,False
106932,5.260619,ADD,SELL,99.99,500,4,False
106933,5.261206,ADD,BUY,100.02,300,3,False
103926,5.261999,EXECUTE,BUY,100.01,500,4,False
106784,5.262606,CANCEL,BUY,100.0,5000,11,True
106934,5.263275,ADD,SELL,100.0,15000,11,True
106935,5.263668,ADD,BUY,100.0,10000,11,True
104942,5.264567,EXECUTE,SELL,99.97,300,5,False
106936,5.265343,ADD,SELL,100.02,100,4,False
106937,5.265754,ADD,SELL,100.04,200,3,False
106938,5.266406,ADD,BUY,100.01,5000,11,True
106939,5.266993,ADD,SELL,100.01,300,7,False
106940,5.267304,ADD,BUY,99.98,200,4,False
100891,5.267482,EXECUTE,BUY,99.96,300,8,False
100314,5.268313,EXECUTE,BUY,100.01,300,1,False
106941,5.268656,ADD,BUY,100.01,200,3,False
106942,5.269581,ADD,BUY,100.0,100,1,False
106943,5.269955,ADD,SELL,99.99,200,5,False
106944,5.27048,ADD,SELL,99.95,200,10,False
106282,5.270823,EXECUTE,SELL,100.04,100,4,False
106945,5.271685,ADD,SELL,100.03,1000,10,False
106946,5.272391,ADD,SELL,100.02,200,5,False
101653,5.272909,EXECUTE,BUY,100.03,100,10,False
103697,5.27311,EXECUTE,BUY,100.03,200,5,False
106947,5.274015,ADD,SELL,100.02,500,2,False
106948,5.274848,ADD,SELL,100.03,200,7,False
106949,5.275549,ADD,SELL,100.04,200,3,False
104252,5.276174,CANCEL,BUY,100.0,10000,11,True
106950,5.277173,ADD,BUY,100.0,15000,11,True
106951,5.278164,ADD,BUY,100.05,100,1,False
106404,5.278738,CANCEL,SELL,100.02,300,5,False
106952,5.279439,ADD,BUY,99.99,15000,11,True
102334,5.279687,EXECUTE,SELL,100.05,300,7,False
106953,5.280392,ADD,BUY,99.97,200,2,False
106954,5.280701,ADD,SELL,99.99,100,3,False
105262,5.281485,EXECUTE,SELL,100.01,200,8,False
106955,5.282426,ADD,BUY,100.03,300,2,False
106956,5.282649,ADD,BUY,100.04,200,5,False
106957,5.283069,ADD,SELL,100.03,200,6,False
106958,5.283735,ADD,SELL,100.0,100,10,False
106959,5.283976,ADD,SELL,99.96,500,3,False
106960,5.284611,ADD,SELL,99.99,100,5,False
102754,5.285566,EXECUTE,BUY,99.99,1000,7,False
106961,5.285878,ADD,BUY,99.95,300,2,False
106962,5.286733,ADD,BUY,100.0,500,1,False
102044,5.287665,EXECUTE,BUY,100.05,300,3,False
106963,5.288174,ADD,SELL,100.03,300,5,False
106964,5.288891,ADD,BUY,100.01,300,4,False
104966,5.28946,EXECUTE,SELL,100.05,200,3,False
102370,5.28958,EXECUTE,BUY,100.0,200,5,False
106965,5.289703,ADD,BUY,99.99,5000,11,True
106966,5.290281,ADD,SELL,99.98,100,4,False
106967,5.290458,ADD,BUY,100.02,200,9,False
102630,5.290806,EXECUTE,BUY,100.0,100,9,False
106968,5.291473,ADD,BUY,99.99,100,9,False
106969,5.292233,ADD,BUY,100.04,100,8,False
103928,5.293157,EXECUTE,SELL,99.97,200,5,False
105050,5.29404,EXECUTE,BUY,100.05,100,10,False
106970,5.294285,ADD,BUY,100.01,100,3,False
106971,5.295215,ADD,BUY,99.97,300,9,False
106972,5.295426,ADD,SELL,99.96,300,6,False
105817,5.295703,EXECUTE,SELL,99.98,300,1,False
106259,5.296102,EXECUTE,BUY,100.04,500,5,False
106973,5.296674,ADD,BUY,99.97,200,1,False
106974,5.297081,ADD,BUY,100.04,200,9,False
106975,5.297623,ADD,BUY,100.01,5000,11,True
106976,5.298618,ADD,BUY,99.99,100,7,False
105970,5.299506,EXECUTE,BUY,99.98,100,4,False
105777,5.299708,CANCEL,SELL,100.0,15000,11,True
102153,5.300002,EXECUTE,BUY,99.98,100,1,False
106977,5.300478,ADD,SELL,100.0,300,6,False
103916,5.300916,EXECUTE,SELL,100.03,100,8,False
106978,5.301335,ADD,BUY,100.01,10000,11,True
106979,5.301694,ADD,BUY,100.02,100,5,False
106980,5.302108,ADD,BUY,100.01,200,9,False
106981,5.302859,ADD,BUY,100.01,20000,11,True
106982,5.303104,ADD,SELL,99.99,200,7,False
105936,5.303645,EXECUTE,SELL,99.99,300,9,False
106983,5.304179,ADD,BUY,99.99,300,8,False
105114,5.304662,EXECUTE,SELL,99.95,200,3,False
106984,5.305624,ADD,SELL,100.03,100,3,False
106985,5.3065,ADD,BUY,100.01,100,1,False
103334,5.30734,EXECUTE,SELL,99.99,300,4,False
106986,5.30775,ADD,SELL,100.04,100,7,False
102182,5.30853,EXECUTE,BUY,100.02,300,7,False
106987,5.309372,ADD,BUY,100.05,200,2,False
104542,5.309609,EXECUTE,SELL,99.98,300,5,False
106988,5.309849,ADD,SELL,100.02,100,2,False
106989,5.310387,ADD,BUY,99.99,100,4,False
103404,5.310702,EXECUTE,SELL,99.96,100,2,False
102321,5.310821,EXECUTE,SELL,100.01,200,8,False
106990,5.31147,ADD,SELL,100.01,200,8,False
106991,5.312034,ADD,SELL,100.03,100,5,False
106992,5.312598,ADD,BUY,100.03,100,4,False
106975,5.312859,CANCEL,BUY,100.01,5000,11,True
106993,5.313827,ADD,BUY,100.04,200,4,False
106994,5.314081,ADD,BUY,99.98,1000,5,False
105392,5.314376,EXECUTE,SELL,100.02,100,8,False
106995,5.315181,ADD,SELL,99.98,1000,5,False
106996,5.315515,ADD,SELL,100.04,200,7,False
106010,5.315755,CANCEL,BUY,99.95,200,10,False
106997,5.316359,ADD,BUY,99.98,100,10,False
106998,5.316827,ADD,BUY,100.0,500,1,False
106999,5.317258,ADD,BUY,99.96,300,7,False
107000,5.317828,ADD,SELL,99.99,100,10,False
103173,5.318682,EXECUTE,BUY,100.02,100,4,False
107001,5.319268,ADD,SELL,100.05,100,4,False
107002,5.31963,ADD,BUY,99.99,100,4,False
107003,5.319733,ADD,BUY,99.96,100,8,False
107004,5.320604,ADD,BUY,99.97,200,3,False
104979,5.321338,EXECUTE,BUY,100.01,100,8,False
107005,5.321963,ADD,BUY,100.03,200,10,False
104672,5.322108,EXECUTE,SELL,100.0,300,9,False
106818,5.32281,EXECUTE,BUY,99.98,300,2,False
102743,5.322913,EXECUTE,SELL,100.02,500,8,False
107006,5.323726,ADD,BUY,99.99,200,2,False
107007,5.324706,ADD,SELL,99.97,100,8,False
105716,5.324962,EXECUTE,SELL,100.01,10000,11,True
107008,5.325184,ADD,BUY,99.99,100,2,False
107009,5.32606,ADD,BUY,99.99,200,2,False
105692,5.326778,EXECUTE,SELL,100.05,200,1,False
107010,5.327601,ADD,BUY,99.97,200,3,False
107011,5.327991,ADD,BUY,100.03,200,2,False
102318,5.328259,EXECUTE,BUY,99.95,100,4,False
103026,5.3292,EXECUTE,SELL,99.95,200,5,False
107012,5.329626,ADD,SELL,100.03,100,6,False
106996,5.330236,CANCEL,SELL,100.04,200,7,False
107013,5.331004,ADD,BUY,99.95,100,3,False
107014,5.331605,ADD,SELL,100.0,100,5,False
107015,5.33205,ADD,BUY,99.96,200,4,False
107016,5.332769,ADD,BUY,100.04,300,8,False
107017,5.333166,ADD,BUY,100.0,300,8,False
107018,5.333617,ADD,BUY,99.98,500,4,False
107019,5.333764,ADD,BUY,100.0,300,8,False
107020,5.334579,ADD,SELL,99.99,15000,11,True
107021,5.334884,ADD,SELL,99.98,100,6,False
107022,5.335827,ADD,SELL,100.03,200,8,False
